study_name	sample_id	subject_id	body_site	antibiotics_current_use	antibiotics_family	study_condition	disease	age	infant_age	age_category	gender	BMI	country	location	population	non_westernized	days_from_first_collection	sequencing_platform	DNA_extraction_kit	PMID	number_reads	number_bases	minimum_read_length	median_read_length	NCBI_accession	pregnant	lactating	family	family_role	born_method	premature	feeding_practice	menopausal_status	birth_weight	gestational_age	curator
ChuDM_2017	NCS-003-Meconium_microbiome	NCS003_ba	stool	NA	NA	control	healthy	0	0	newborn	male	NA	USA	Houston	NA	no	0	IlluminaHiSeq	MoBio	28112736	16808044	1680782371	50	101	SRR8942345	NA	NA	ChuDM_2019_0	child	c_section	no	NA	NA	3575	NA	Arianna_Bonetti;Anna_Pedrotti
ChuDM_2017	NCS-003-I-ORAL1_microbiome	NCS003_ba	oralcavity	NA	NA	control	healthy	0	0	newborn	male	NA	USA	Houston	NA	no	0	IlluminaHiSeq	MoBio	28112736	268130	26671964	50	101	SRR8942344	NA	NA	ChuDM_2019_0	child	c_section	no	NA	NA	3575	NA	Arianna_Bonetti;Anna_Pedrotti
ChuDM_2017	NCS-004-I-ORAL3_microbiome	NCS004_ba	oralcavity	NA	NA	control	healthy	0	42	newborn	female	NA	USA	Houston	NA	no	42	IlluminaHiSeq	MoBio	28112736	10441332	1049848768	50	101	SRR8942347	NA	NA	ChuDM_2019_1	child	vaginal	no	mixed_feeding	NA	3355	NA	Arianna_Bonetti;Anna_Pedrotti
ChuDM_2017	NCS-005-Meconium_microbiome	NCS005_ba	stool	NA	NA	control	healthy	0	0	newborn	female	NA	USA	Houston	NA	no	0	IlluminaHiSeq	MoBio	28112736	903900	89280135	50	101	SRR8942349	NA	NA	ChuDM_2019_2	child	vaginal	no	exclusively_breastfeeding	NA	2440	NA	Arianna_Bonetti;Anna_Pedrotti
ChuDM_2017	NCS-005-Stool-maternal_microbiome	NCS005_mo	stool	NA	NA	control	gestational_diabetes;pre-eclampsia	25	NA	adult	female	22.62	USA	Houston	hispanic	no	42	IlluminaHiSeq	MoBio	28112736	1061348	106544921	50	101	SRR8942350	yes	no	ChuDM_2019_2	mother	vaginal	no	NA	pre	NA	37.3	Arianna_Bonetti;Anna_Pedrotti
ChuDM_2017	NCS-005-I-ORAL3_microbiome	NCS005_ba	oralcavity	NA	NA	control	healthy	0	42	newborn	female	NA	USA	Houston	NA	no	42	IlluminaHiSeq	MoBio	28112736	4971170	498391078	50	101	SRR8942348	NA	NA	ChuDM_2019_2	child	vaginal	no	exclusively_breastfeeding	NA	2440	NA	Arianna_Bonetti;Anna_Pedrotti
ChuDM_2017	NCS-006-Stool-infant_microbiome	NCS006_ba	stool	NA	NA	control	healthy	0	42	newborn	female	NA	USA	Houston	NA	no	42	IlluminaHiSeq	MoBio	28112736	27910120	2790679752	50	101	SRR8942351	NA	NA	ChuDM_2019_3	child	c_section	no	mixed_feeding	NA	4344	NA	Arianna_Bonetti;Anna_Pedrotti
ChuDM_2017	NCS-006-Stool-maternal3_microbiome	NCS003_mo	stool	NA	NA	control	healthy	36	NA	adult	female	30.23	USA	Houston	hispanic	no	42	IlluminaHiSeq	MoBio	28112736	23465188	2345060320	50	101	SRR8942352	yes	no	ChuDM_2019_0	mother	c_section	no	NA	pre	NA	39.3	Arianna_Bonetti;Anna_Pedrotti
ChuDM_2017	NCS-008-Stool-infant_microbiome	NCS008_ba	stool	NA	NA	control	healthy	0	42	newborn	female	NA	USA	Houston	NA	no	42	IlluminaHiSeq	MoBio	28112736	28086344	2804955944	50	101	SRR8942354	NA	NA	ChuDM_2019_4	child	vaginal	no	mixed_feeding	NA	3260	NA	Arianna_Bonetti;Anna_Pedrotti
ChuDM_2017	NCS-008-Stool-infant2_microbiome	NCS008_ba	stool	NA	NA	control	healthy	0	NA	newborn	female	NA	USA	Houston	NA	no	NA	IlluminaHiSeq	MoBio	28112736	48944646	4901318808	50	101	SRR8942355	NA	NA	ChuDM_2019_4	child	vaginal	no	mixed_feeding	NA	3260	NA	Arianna_Bonetti;Anna_Pedrotti
ChuDM_2017	NCS-008-I-ORAL3_microbiome	NCS008_ba	oralcavity	NA	NA	control	healthy	0	42	newborn	female	NA	USA	Houston	NA	no	42	IlluminaHiSeq	MoBio	28112736	995668	99117239	50	101	SRR8942353	NA	NA	ChuDM_2019_4	child	vaginal	no	mixed_feeding	NA	3260	NA	Arianna_Bonetti;Anna_Pedrotti
ChuDM_2017	NCS-009-Stool-infant_microbiome	NCS009_ba	stool	NA	NA	control	healthy	0	42	newborn	male	NA	USA	Houston	NA	no	42	IlluminaHiSeq	MoBio	28112736	20679192	2077257857	50	101	SRR8942358	NA	NA	ChuDM_2019_5	child	vaginal	no	exclusively_breastfeeding	NA	3705	NA	Arianna_Bonetti;Anna_Pedrotti
ChuDM_2017	NCS-009-I-ORAL3_microbiome	NCS009_ba	oralcavity	NA	NA	control	healthy	0	42	newborn	male	NA	USA	Houston	NA	no	42	IlluminaHiSeq	MoBio	28112736	296076	29222567	50	101	SRR8942357	NA	NA	ChuDM_2019_5	child	vaginal	no	exclusively_breastfeeding	NA	3705	NA	Arianna_Bonetti;Anna_Pedrotti
ChuDM_2017	NCS-011-I-ORAL3_microbiome	NCS011_ba	oralcavity	NA	NA	control	healthy	0	42	newborn	female	NA	USA	Houston	NA	no	42	IlluminaHiSeq	MoBio	28112736	3828480	384649370	50	101	SRR8942359	NA	NA	ChuDM_2019_6	child	c_section	no	mixed_feeding	NA	3240	NA	Arianna_Bonetti;Anna_Pedrotti
ChuDM_2017	NCS-012-Stool-infant1_microbiome	NCS012_ba	stool	NA	NA	control	healthy	0	NA	newborn	female	NA	USA	Houston	NA	no	NA	IlluminaHiSeq	MoBio	28112736	43736422	4377885978	50	101	SRR8942361	NA	NA	ChuDM_2019_7	child	vaginal	no	exclusively_breastfeeding	NA	2885	NA	Arianna_Bonetti;Anna_Pedrotti
ChuDM_2017	NCS-012-Stool-infant_microbiome	NCS012_ba	stool	NA	NA	control	healthy	0	42	newborn	female	NA	USA	Houston	NA	no	42	IlluminaHiSeq	MoBio	28112736	30782538	3072053684	50	101	SRR8942360	NA	NA	ChuDM_2019_7	child	vaginal	no	exclusively_breastfeeding	NA	2885	NA	Arianna_Bonetti;Anna_Pedrotti
ChuDM_2017	NCS-012-Stool-maternal1_microbiome	NCS012_mo	stool	no	NA	control	healthy	26	NA	adult	female	25.39	USA	Houston	asian	no	0	IlluminaHiSeq	MoBio	28112736	13402688	1343130062	50	101	SRR8942362	yes	no	ChuDM_2019_7	mother	vaginal	no	NA	pre	NA	37	Arianna_Bonetti;Anna_Pedrotti
ChuDM_2017	NCS-012-Stool-maternal3_microbiome	NCS012_mo	stool	NA	NA	control	healthy	26	NA	adult	female	NA	USA	Houston	asian	no	42	IlluminaHiSeq	MoBio	28112736	14977132	1504614139	50	101	SRR8942363	yes	no	ChuDM_2019_7	mother	vaginal	no	NA	pre	NA	37	Arianna_Bonetti;Anna_Pedrotti
ChuDM_2017	NCS-013-Stool-infant_microbiome	NCS013_ba	stool	NA	NA	control	healthy	0	42	newborn	female	NA	USA	Houston	NA	no	42	IlluminaHiSeq	MoBio	28112736	39952848	3988406894	50	101	SRR8942364	NA	NA	ChuDM_2019_8	child	vaginal	no	mixed_feeding	NA	3800	NA	Arianna_Bonetti;Anna_Pedrotti
ChuDM_2017	NCS-014-I-ORAL1_microbiome	NCS014_ba	oralcavity	NA	NA	control	healthy	0	0	newborn	male	NA	USA	Houston	NA	no	0	IlluminaHiSeq	MoBio	28112736	12698410	1275923909	50	101	SRR8942365	NA	NA	ChuDM_2019_9	child	vaginal	no	exclusively_breastfeeding	NA	3115	NA	Arianna_Bonetti;Anna_Pedrotti
ChuDM_2017	NCS-014-Stool-maternal_microbiome	NCS014_mo	stool	NA	NA	control	gestational_diabetes	24	NA	adult	female	33.65	USA	Houston	hispanic	no	42	IlluminaHiSeq	MoBio	28112736	17630448	1743274391	50	101	SRR8942366	yes	no	ChuDM_2019_9	mother	vaginal	no	NA	pre	NA	37.2	Arianna_Bonetti;Anna_Pedrotti
ChuDM_2017	NCS-016-Meconium_microbiome	NCS016_ba	stool	NA	NA	control	healthy	0	0	newborn	female	NA	USA	Houston	NA	no	0	IlluminaHiSeq	MoBio	28112736	20121290	2017226551	50	101	SRR8942367	NA	NA	ChuDM_2019_10	child	vaginal	no	exclusively_breastfeeding	NA	3605	NA	Arianna_Bonetti;Anna_Pedrotti
ChuDM_2017	NCS-018-I-ORAL3_microbiome	NCS018_ba	oralcavity	NA	NA	control	healthy	0	42	newborn	male	NA	USA	Houston	NA	no	42	IlluminaHiSeq	MoBio	28112736	5294032	530356241	50	101	SRR8942369	NA	NA	ChuDM_2019_12	child	vaginal	no	exclusively_breastfeeding	NA	3215	NA	Arianna_Bonetti;Anna_Pedrotti
ChuDM_2017	NCS-018-Stool-infant_microbiome	NCS018_ba	stool	NA	NA	control	healthy	0	42	newborn	male	NA	USA	Houston	NA	no	42	IlluminaHiSeq	MoBio	28112736	19667934	1963567022	25	101	SRR8942370	NA	NA	ChuDM_2019_12	child	vaginal	no	exclusively_breastfeeding	NA	3215	NA	Arianna_Bonetti;Anna_Pedrotti
ChuDM_2017	NCS-020-Stool-maternal3_microbiome	NCS020_mo	stool	NA	NA	control	gestational_diabetes	30	NA	adult	female	NA	USA	Houston	hispanic	no	42	IlluminaHiSeq	MoBio	28112736	30235064	3021844159	50	101	SRR8942375	yes	no	ChuDM_2019_13	mother	vaginal	no	NA	pre	NA	39.1	Arianna_Bonetti;Anna_Pedrotti
ChuDM_2017	NCS-020-Stool-maternal1_microbiome	NCS020_mo	stool	no	NA	control	gestational_diabetes	30	NA	adult	female	32.92	USA	Houston	hispanic	no	0	IlluminaHiSeq	MoBio	28112736	26167426	2619187899	50	101	SRR8942374	yes	no	ChuDM_2019_13	mother	vaginal	no	NA	pre	NA	39.1	Arianna_Bonetti;Anna_Pedrotti
ChuDM_2017	NCS-020-I-ORAL3_microbiome	NCS020_ba	oralcavity	NA	NA	control	healthy	0	42	newborn	female	NA	USA	Houston	NA	no	42	IlluminaHiSeq	MoBio	28112736	8953870	896461648	50	101	SRR8942371	NA	NA	ChuDM_2019_13	child	vaginal	no	exclusively_breastfeeding	NA	3550	NA	Arianna_Bonetti;Anna_Pedrotti
ChuDM_2017	NCS-020-Meconium_microbiome	NCS020_ba	stool	NA	NA	control	healthy	0	0	newborn	female	NA	USA	Houston	NA	no	0	IlluminaHiSeq	MoBio	28112736	924942	92468305	50	101	SRR8942372	NA	NA	ChuDM_2019_13	child	vaginal	no	exclusively_breastfeeding	NA	3550	NA	Arianna_Bonetti;Anna_Pedrotti
ChuDM_2017	NCS-020-Stool-infant_microbiome	NCS020_ba	stool	NA	NA	control	healthy	0	42	newborn	female	NA	USA	Houston	NA	no	42	IlluminaHiSeq	MoBio	28112736	16536236	1639187031	50	101	SRR8942373	NA	NA	ChuDM_2019_13	child	vaginal	no	exclusively_breastfeeding	NA	3550	NA	Arianna_Bonetti;Anna_Pedrotti
ChuDM_2017	NCS-022-I-ORAL3_microbiome	NCS022_ba	oralcavity	NA	NA	control	healthy	0	42	newborn	male	NA	USA	Houston	NA	no	42	IlluminaHiSeq	MoBio	28112736	3450878	345891295	50	101	SRR8942376	NA	NA	ChuDM_2019_14	child	vaginal	yes	exclusively_breastfeeding	NA	2535	NA	Arianna_Bonetti;Anna_Pedrotti
ChuDM_2017	NCS-022-Stool-infant_microbiome	NCS022_ba	stool	NA	NA	control	healthy	0	42	newborn	male	NA	USA	Houston	NA	no	42	IlluminaHiSeq	MoBio	28112736	23082104	2288696355	50	101	SRR8942377	NA	NA	ChuDM_2019_14	child	vaginal	yes	exclusively_breastfeeding	NA	2535	NA	Arianna_Bonetti;Anna_Pedrotti
ChuDM_2017	NCS-022-Stool-maternal1_microbiome	NCS022_mo	stool	no	NA	control	gestational_diabetes;pre-eclampsia	27	NA	adult	female	29.69	USA	Houston	hispanic	no	0	IlluminaHiSeq	MoBio	28112736	28210338	2821720789	50	101	SRR8942378	yes	no	ChuDM_2019_14	mother	vaginal	yes	NA	pre	NA	32.6	Arianna_Bonetti;Anna_Pedrotti
ChuDM_2017	NCS-022-Stool-maternal3_microbiome	NCS022_mo	stool	NA	NA	control	gestational_diabetes;pre-eclampsia	27	NA	adult	female	NA	USA	Houston	hispanic	no	42	IlluminaHiSeq	MoBio	28112736	18898900	1875860274	50	101	SRR8942379	yes	no	ChuDM_2019_14	mother	vaginal	yes	NA	pre	NA	32.6	Arianna_Bonetti;Anna_Pedrotti
ChuDM_2017	NCS-023-I-ORAL3_microbiome	NCS023_ba	oralcavity	NA	NA	control	healthy	0	42	newborn	female	NA	USA	Houston	NA	no	42	IlluminaHiSeq	MoBio	28112736	10538412	1057047779	50	101	SRR8942380	NA	NA	ChuDM_2019_15	child	vaginal	no	exclusively_breastfeeding	NA	3030	NA	Arianna_Bonetti;Anna_Pedrotti
ChuDM_2017	NCS-023-Stool-maternal_microbiome	NCS023_mo	stool	NA	NA	control	healthy	32	NA	adult	female	27.34	USA	Houston	hispanic	no	42	IlluminaHiSeq	MoBio	28112736	27417754	2746366241	50	101	SRR8942381	yes	no	ChuDM_2019_15	mother	vaginal	no	NA	pre	NA	37.3	Arianna_Bonetti;Anna_Pedrotti
ChuDM_2017	NCS-025-I-ORAL3_microbiome	NCS025_ba	oralcavity	NA	NA	control	healthy	0	42	newborn	male	NA	USA	Houston	NA	no	42	IlluminaHiSeq	MoBio	28112736	25210748	2521733840	50	101	SRR8942382	NA	NA	ChuDM_2019_16	child	vaginal	no	mixed_feeding	NA	3220	NA	Arianna_Bonetti;Anna_Pedrotti
ChuDM_2017	NCS-026-I-ORAL3_microbiome	NCS026_ba	oralcavity	NA	NA	control	healthy	0	42	newborn	female	NA	USA	Houston	NA	no	42	IlluminaHiSeq	MoBio	28112736	1702206	170599126	50	101	SRR8942383	NA	NA	ChuDM_2019_17	child	vaginal	no	exclusively_breastfeeding	NA	3815	NA	Arianna_Bonetti;Anna_Pedrotti
ChuDM_2017	NCS-026-Stool-infant_microbiome	NCS026_ba	stool	NA	NA	control	healthy	0	42	newborn	female	NA	USA	Houston	NA	no	42	IlluminaHiSeq	MoBio	28112736	27112402	2700544382	50	101	SRR8942384	NA	NA	ChuDM_2019_17	child	vaginal	no	exclusively_breastfeeding	NA	3815	NA	Arianna_Bonetti;Anna_Pedrotti
ChuDM_2017	NCS-027-Stool-infant_microbiome	NCS027_ba	stool	NA	NA	control	healthy	0	42	newborn	female	NA	USA	Houston	NA	no	42	IlluminaHiSeq	MoBio	28112736	43881956	4381281793	50	101	SRR8942385	NA	NA	ChuDM_2019_18	child	vaginal	no	mixed_feeding	NA	2650	NA	Arianna_Bonetti;Anna_Pedrotti
ChuDM_2017	NCS-028-Meconium_microbiome	NCS028_ba	stool	NA	NA	control	healthy	0	0	newborn	male	NA	USA	Houston	NA	no	0	IlluminaHiSeq	MoBio	28112736	16298526	1614490731	50	101	SRR8942386	NA	NA	ChuDM_2019_19	child	c_section	no	NA	NA	4825	NA	Arianna_Bonetti;Anna_Pedrotti
ChuDM_2017	NCS-029-Meconium1_microbiome	NCS029_ba	stool	NA	NA	control	healthy	0	0	newborn	female	NA	USA	Houston	NA	no	0	IlluminaHiSeq	MoBio	28112736	37461826	3735652479	50	101	SRR8942388	NA	NA	ChuDM_2019_20	child	c_section	no	mixed_feeding	NA	3830	NA	Arianna_Bonetti;Anna_Pedrotti
ChuDM_2017	NCS-029-I-ORAL1_microbiome	NCS029_ba	oralcavity	NA	NA	control	healthy	0	0	newborn	female	NA	USA	Houston	NA	no	0	IlluminaHiSeq	MoBio	28112736	96536	9545777	50	101	SRR8942387	NA	NA	ChuDM_2019_20	child	c_section	no	mixed_feeding	NA	3830	NA	Arianna_Bonetti;Anna_Pedrotti
ChuDM_2017	NCS-030-Stool-infant_microbiome	NCS030_ba	stool	yes	penicillins;aminoglycosides	control	healthy	0	42	newborn	male	NA	USA	Houston	NA	no	42	IlluminaHiSeq	MoBio	28112736	21909858	2192673230	50	101	SRR8942389	NA	NA	ChuDM_2019_21	child	vaginal	no	exclusively_formula_feeding	NA	4160	NA	Arianna_Bonetti;Anna_Pedrotti
ChuDM_2017	NCS-032-Stool-infant_microbiome	NCS032_ba	stool	NA	NA	control	healthy	0	42	newborn	male	NA	USA	Houston	NA	no	42	IlluminaHiSeq	MoBio	28112736	41861780	4185240784	50	101	SRR8942391	NA	NA	ChuDM_2019_22	child	c_section	no	exclusively_breastfeeding	NA	3445	NA	Arianna_Bonetti;Anna_Pedrotti
ChuDM_2017	NCS-032-I-ORAL1_microbiome	NCS032_ba	oralcavity	NA	NA	control	healthy	0	0	newborn	male	NA	USA	Houston	NA	no	0	IlluminaHiSeq	MoBio	28112736	82990	8110935	50	101	SRR8942390	NA	NA	ChuDM_2019_22	child	c_section	no	exclusively_breastfeeding	NA	3445	NA	Arianna_Bonetti;Anna_Pedrotti
ChuDM_2017	NCS-034-Stool-infant_microbiome	NCS034_ba	stool	NA	NA	control	healthy	0	42	newborn	male	NA	USA	Houston	NA	no	42	IlluminaHiSeq	MoBio	28112736	36125780	3610293280	50	101	SRR8942392	NA	NA	ChuDM_2019_23	child	vaginal	no	mixed_feeding	NA	4105	NA	Arianna_Bonetti;Anna_Pedrotti
ChuDM_2017	NCS-036-Stool-infant_microbiome	NCS036_ba	stool	NA	NA	control	healthy	0	42	newborn	male	NA	USA	Houston	NA	no	42	IlluminaHiSeq	MoBio	28112736	40197010	4030731853	50	101	SRR8942393	NA	NA	ChuDM_2019_24	child	vaginal	no	mixed_feeding	NA	3950	NA	Arianna_Bonetti;Anna_Pedrotti
ChuDM_2017	NCS-037-I-ORAL3_microbiome	NCS037_ba	oralcavity	NA	NA	control	healthy	0	42	newborn	male	NA	USA	Houston	NA	no	42	IlluminaHiSeq	MoBio	28112736	48111328	4825788093	50	101	SRR8942394	NA	NA	ChuDM_2019_25	child	vaginal	yes	mixed_feeding	NA	3100	NA	Arianna_Bonetti;Anna_Pedrotti
ChuDM_2017	NCS-037-Stool-infant_microbiome	NCS037_ba	stool	NA	NA	control	healthy	0	42	newborn	male	NA	USA	Houston	NA	no	42	IlluminaHiSeq	MoBio	28112736	44231072	4425418626	50	101	SRR8942395	NA	NA	ChuDM_2019_25	child	vaginal	yes	mixed_feeding	NA	3100	NA	Arianna_Bonetti;Anna_Pedrotti
ChuDM_2017	NCS-039-Stool-infant_microbiome	NCS039_ba	stool	NA	NA	control	healthy	0	42	newborn	male	NA	USA	Houston	NA	no	42	IlluminaHiSeq	MoBio	28112736	37988094	3794820388	50	101	SRR8942396	NA	NA	ChuDM_2019_26	child	vaginal	no	exclusively_breastfeeding	NA	3815	NA	Arianna_Bonetti;Anna_Pedrotti
ChuDM_2017	NCS-040-Stool-infant_microbiome	NCS040_ba	stool	yes	penicillins	control	healthy	0	42	newborn	female	NA	USA	Houston	NA	no	42	IlluminaHiSeq	MoBio	28112736	43357624	4348590884	50	101	SRR8942397	NA	NA	ChuDM_2019_27	child	c_section	no	exclusively_breastfeeding	NA	3815	NA	Arianna_Bonetti;Anna_Pedrotti
ChuDM_2017	NCS-041-Meconium_microbiome	NCS041_ba	stool	NA	NA	control	healthy	0	0	newborn	female	NA	USA	Houston	NA	no	0	IlluminaHiSeq	MoBio	28112736	29762498	2967153817	50	101	SRR8942398	NA	NA	ChuDM_2019_28	child	vaginal	no	exclusively_formula_feeding	NA	3235	NA	Arianna_Bonetti;Anna_Pedrotti
ChuDM_2017	NCS-041-Stool-infant_microbiome	NCS041_ba	stool	NA	NA	control	healthy	0	42	newborn	female	NA	USA	Houston	NA	no	42	IlluminaHiSeq	MoBio	28112736	43393012	4345677023	50	101	SRR8942399	NA	NA	ChuDM_2019_28	child	vaginal	no	exclusively_formula_feeding	NA	3235	NA	Arianna_Bonetti;Anna_Pedrotti
ChuDM_2017	NCS-042-Stool-infant_microbiome	NCS042_ba	stool	NA	NA	control	healthy	0	42	newborn	female	NA	USA	Houston	NA	no	42	IlluminaHiSeq	MoBio	28112736	40079690	3997670470	50	101	SRR8942400	NA	NA	ChuDM_2019_29	child	vaginal	no	mixed_feeding	NA	3320	NA	Arianna_Bonetti;Anna_Pedrotti
ChuDM_2017	NCS-044-Stool-infant_microbiome	NCS044_ba	stool	NA	NA	control	healthy	0	42	newborn	female	NA	USA	Houston	NA	no	42	IlluminaHiSeq	MoBio	28112736	38541464	3852618551	50	101	SRR8942402	NA	NA	ChuDM_2019_31	child	vaginal	no	exclusively_breastfeeding	NA	3545	NA	Arianna_Bonetti;Anna_Pedrotti
ChuDM_2017	NCS-044-I-ORAL1_microbiome	NCS044_ba	oralcavity	NA	NA	control	healthy	0	0	newborn	female	NA	USA	Houston	NA	no	0	IlluminaHiSeq	MoBio	28112736	103220	10220194	50	101	SRR8942401	NA	NA	ChuDM_2019_31	child	vaginal	no	exclusively_breastfeeding	NA	3545	NA	Arianna_Bonetti;Anna_Pedrotti
ChuDM_2017	NCS-045-I-ORAL1_microbiome	NCS045_ba	oralcavity	NA	NA	control	healthy	0	0	newborn	male	NA	USA	Houston	NA	no	0	IlluminaHiSeq	MoBio	28112736	1380472	137374202	50	101	SRR8942403	NA	NA	ChuDM_2019_32	child	c_section	yes	NA	NA	2740	NA	Arianna_Bonetti;Anna_Pedrotti
ChuDM_2017	NCS-047-I-ORAL1_microbiome	NCS047_ba	oralcavity	yes	penicillins;lincomycins	control	healthy	0	0	newborn	female	NA	USA	Houston	NA	no	0	IlluminaHiSeq	MoBio	28112736	731794	73282004	50	101	SRR8942405	NA	NA	ChuDM_2019_34	child	c_section	no	exclusively_breastfeeding	NA	4305	NA	Arianna_Bonetti;Anna_Pedrotti
ChuDM_2017	NCS-047-Stool-infant_microbiome	NCS047_ba	stool	yes	penicillins;lincomycins	control	healthy	0	42	newborn	female	NA	USA	Houston	NA	no	42	IlluminaHiSeq	MoBio	28112736	35605942	3555875743	50	101	SRR8942406	NA	NA	ChuDM_2019_34	child	c_section	no	exclusively_breastfeeding	NA	4305	NA	Arianna_Bonetti;Anna_Pedrotti
ChuDM_2017	NCS-049-Meconium1_microbiome	NCS049_ba	stool	NA	NA	control	healthy	0	0	newborn	male	NA	USA	Houston	NA	no	0	IlluminaHiSeq	MoBio	28112736	450996	45138840	50	101	SRR8942408	NA	NA	ChuDM_2019_35	child	vaginal	yes	mixed_feeding	NA	2130	NA	Arianna_Bonetti;Anna_Pedrotti
ChuDM_2017	NCS-049-I-ORAL3_microbiome	NCS049_ba	oralcavity	NA	NA	control	healthy	0	42	newborn	male	NA	USA	Houston	NA	no	42	IlluminaHiSeq	MoBio	28112736	18152640	1813312152	50	101	SRR8942407	NA	NA	ChuDM_2019_35	child	vaginal	yes	mixed_feeding	NA	2130	NA	Arianna_Bonetti;Anna_Pedrotti
ChuDM_2017	NCS-049-Stool-maternal3_microbiome	NCS049_mo	stool	NA	NA	control	healthy	19	NA	adult	female	20.85	USA	Houston	hispanic	no	42	IlluminaHiSeq	MoBio	28112736	47666144	4718191259	50	101	SRR8942409	yes	no	ChuDM_2019_35	mother	vaginal	yes	NA	pre	NA	36.4	Arianna_Bonetti;Anna_Pedrotti
ChuDM_2017	NCS-050-Stool-infant_microbiome	NCS050_ba	stool	NA	NA	control	healthy	0	42	newborn	female	NA	USA	Houston	NA	no	42	IlluminaHiSeq	MoBio	28112736	41090404	4097014956	50	101	SRR8942410	NA	NA	ChuDM_2019_36	child	vaginal	no	exclusively_breastfeeding	NA	3355	NA	Arianna_Bonetti;Anna_Pedrotti
ChuDM_2017	NCS-051-Stool-maternal1_microbiome	NCS051_mo	stool	no	NA	control	chorioamnionitis	23	NA	adult	female	28.21	USA	Houston	hispanic	no	0	IlluminaHiSeq	MoBio	28112736	26881978	2685543104	50	101	SRR8942412	yes	no	ChuDM_2019_37	mother	vaginal	no	NA	pre	NA	37.1	Arianna_Bonetti;Anna_Pedrotti
ChuDM_2017	NCS-051-Stool-infant_microbiome	NCS051_ba	stool	yes	penicillins;aminoglycosides	control	healthy	0	42	newborn	male	NA	USA	Houston	NA	no	42	IlluminaHiSeq	MoBio	28112736	54338762	5195432808	50	101	SRR8942411	NA	NA	ChuDM_2019_37	child	vaginal	no	mixed_feeding	NA	2900	NA	Arianna_Bonetti;Anna_Pedrotti
ChuDM_2017	NCS-053-Meconium_microbiome	NCS053_ba	stool	NA	NA	control	healthy	0	0	newborn	female	NA	USA	Houston	NA	no	0	IlluminaHiSeq	MoBio	28112736	23411596	2334189249	50	101	SRR8942413	NA	NA	ChuDM_2019_38	child	vaginal	no	NA	NA	2925	NA	Arianna_Bonetti;Anna_Pedrotti
ChuDM_2017	NCS-054-Stool-infant_microbiome	NCS054_ba	stool	NA	NA	control	healthy	0	42	newborn	male	NA	USA	Houston	NA	no	42	IlluminaHiSeq	MoBio	28112736	59121646	5920841705	50	101	SRR8942414	NA	NA	ChuDM_2019_39	child	vaginal	no	exclusively_breastfeeding	NA	3135	NA	Arianna_Bonetti;Anna_Pedrotti
ChuDM_2017	NCS-054-Stool-infant3_microbiome	NCS054_ba	stool	NA	NA	control	healthy	0	42	newborn	male	NA	USA	Houston	NA	no	42	IlluminaHiSeq	MoBio	28112736	38304258	3824709011	50	101	SRR8942415	NA	NA	ChuDM_2019_39	child	vaginal	no	exclusively_breastfeeding	NA	3135	NA	Arianna_Bonetti;Anna_Pedrotti
ChuDM_2017	NCS-058-Stool-infant_microbiome	NCS058_ba	stool	NA	NA	control	healthy	0	42	newborn	female	NA	USA	Houston	NA	no	42	IlluminaHiSeq	MoBio	28112736	40151836	4012093082	50	101	SRR8942416	NA	NA	ChuDM_2019_40	child	vaginal	no	exclusively_formula_feeding	NA	3245	NA	Arianna_Bonetti;Anna_Pedrotti
ChuDM_2017	NCS-062-Stool-infant_microbiome	NCS062_ba	stool	NA	NA	control	healthy	0	42	newborn	female	NA	USA	Houston	NA	no	42	IlluminaHiSeq	MoBio	28112736	38660564	3858630513	50	101	SRR8942417	NA	NA	ChuDM_2019_41	child	c_section	no	exclusively_breastfeeding	NA	2405	NA	Arianna_Bonetti;Anna_Pedrotti
ChuDM_2017	NCS-064-Stool-maternal3_microbiome	NCS064_mo	stool	NA	NA	control	pre-eclampsia	29	NA	adult	female	NA	USA	Houston	hispanic	no	42	IlluminaHiSeq	MoBio	28112736	54417384	5416625333	50	101	SRR8942420	yes	no	ChuDM_2019_42	mother	vaginal	no	NA	pre	NA	37.2	Arianna_Bonetti;Anna_Pedrotti
ChuDM_2017	NCS-064-Stool-maternal1_microbiome	NCS064_mo	stool	no	NA	control	pre-eclampsia	29	NA	adult	female	32.78	USA	Houston	hispanic	no	0	IlluminaHiSeq	MoBio	28112736	54873434	5464829770	50	101	SRR8942419	yes	no	ChuDM_2019_42	mother	vaginal	no	NA	pre	NA	37.2	Arianna_Bonetti;Anna_Pedrotti
ChuDM_2017	NCS-064-Stool-infant_microbiome	NCS064_ba	stool	NA	NA	control	healthy	0	42	newborn	male	NA	USA	Houston	NA	no	42	IlluminaHiSeq	MoBio	28112736	53787344	5330901318	50	101	SRR8942418	NA	NA	ChuDM_2019_42	child	vaginal	no	mixed_feeding	NA	2600	NA	Arianna_Bonetti;Anna_Pedrotti
ChuDM_2017	NCS-067-Stool-infant_microbiome	NCS067_ba	stool	NA	NA	control	healthy	0	42	newborn	female	NA	USA	Houston	NA	no	42	IlluminaHiSeq	MoBio	28112736	46328566	4615556922	50	101	SRR8942421	NA	NA	ChuDM_2019_43	child	c_section	yes	mixed_feeding	NA	2565	NA	Arianna_Bonetti;Anna_Pedrotti
ChuDM_2017	NCS-071-Meconium1_microbiome	NCS071_ba	stool	NA	NA	control	healthy	0	0	newborn	female	NA	USA	Houston	NA	no	0	IlluminaHiSeq	MoBio	28112736	25832778	2581661252	50	101	SRR8942422	NA	NA	ChuDM_2019_44	child	vaginal	no	exclusively_breastfeeding	NA	3115	NA	Arianna_Bonetti;Anna_Pedrotti
ChuDM_2017	NCS-072-Stool-maternal1_microbiome	NCS072_mo	stool	yes	NA	control	chorioamnionitis	25	NA	adult	female	29.29	USA	Houston	hispanic	no	0	IlluminaHiSeq	MoBio	28112736	59418140	5917366016	50	101	SRR8942425	yes	no	ChuDM_2019_45	mother	vaginal	no	NA	pre	NA	39.2	Arianna_Bonetti;Anna_Pedrotti
ChuDM_2017	NCS-072-Meconium1_microbiome	NCS072_ba	stool	yes	penicillins;aminoglycosides	control	healthy	0	0	newborn	female	NA	USA	Houston	NA	no	0	IlluminaHiSeq	MoBio	28112736	386260	38124143	50	101	SRR8942423	NA	NA	ChuDM_2019_45	child	vaginal	no	exclusively_formula_feeding	NA	3325	NA	Arianna_Bonetti;Anna_Pedrotti
ChuDM_2017	NCS-072-Stool-infant_microbiome	NCS072_ba	stool	yes	penicillins;aminoglycosides	control	healthy	0	42	newborn	female	NA	USA	Houston	NA	no	42	IlluminaHiSeq	MoBio	28112736	331634	33036113	50	101	SRR8942424	NA	NA	ChuDM_2019_45	child	vaginal	no	exclusively_formula_feeding	NA	3325	NA	Arianna_Bonetti;Anna_Pedrotti
ChuDM_2017	NCS-072-Stool-maternal3_microbiome	NCS072_mo	stool	NA	NA	control	chorioamnionitis	25	NA	adult	female	NA	USA	Houston	hispanic	no	42	IlluminaHiSeq	MoBio	28112736	48414622	4825128734	50	101	SRR8942426	yes	no	ChuDM_2019_45	mother	vaginal	no	NA	pre	NA	39.2	Arianna_Bonetti;Anna_Pedrotti
ChuDM_2017	NCS-074-Stool-infant_microbiome	NCS074_ba	stool	NA	NA	control	healthy	0	42	newborn	male	NA	USA	Houston	NA	no	42	IlluminaHiSeq	MoBio	28112736	28946526	2893421765	50	101	SRR8942427	NA	NA	ChuDM_2019_46	child	vaginal	no	mixed_feeding	NA	4265	NA	Arianna_Bonetti;Anna_Pedrotti
ChuDM_2017	NCS-075-Stool-infant_microbiome	NCS075_ba	stool	NA	NA	control	healthy	0	42	newborn	female	NA	USA	Houston	NA	no	42	IlluminaHiSeq	MoBio	28112736	50699762	5082893717	50	101	SRR8942429	NA	NA	ChuDM_2019_47	child	vaginal	no	mixed_feeding	NA	3220	NA	Arianna_Bonetti;Anna_Pedrotti
ChuDM_2017	NCS-075-I-ORAL3_microbiome	NCS075_ba	oralcavity	NA	NA	control	healthy	0	42	newborn	female	NA	USA	Houston	NA	no	42	IlluminaHiSeq	MoBio	28112736	17502778	1745869963	50	101	SRR8942428	NA	NA	ChuDM_2019_47	child	vaginal	no	mixed_feeding	NA	3220	NA	Arianna_Bonetti;Anna_Pedrotti
ChuDM_2017	NCS-076-Stool-infant_microbiome	NCS076_ba	stool	NA	NA	control	healthy	0	42	newborn	male	NA	USA	Houston	NA	no	42	IlluminaHiSeq	MoBio	28112736	36654454	3652096202	50	101	SRR8942430	NA	NA	ChuDM_2019_48	child	c_section	no	exclusively_breastfeeding	NA	3905	NA	Arianna_Bonetti;Anna_Pedrotti
ChuDM_2017	NCS-077-Stool-infant_microbiome	NCS077_ba	stool	NA	NA	control	healthy	0	42	newborn	male	NA	USA	Houston	NA	no	42	IlluminaHiSeq	MoBio	28112736	40459464	4042385622	50	101	SRR8942431	NA	NA	ChuDM_2019_49	child	c_section	no	mixed_feeding	NA	3651	NA	Arianna_Bonetti;Anna_Pedrotti
ChuDM_2017	NCS-077-Stool-maternal1_microbiome	NCS077_mo	stool	yes	NA	control	healthy	29	NA	adult	female	27.34	USA	Houston	hispanic	no	0	IlluminaHiSeq	MoBio	28112736	56875956	5678609640	50	101	SRR8942432	yes	no	ChuDM_2019_49	mother	c_section	no	NA	pre	NA	37.4	Arianna_Bonetti;Anna_Pedrotti
ChuDM_2017	NCS-078-Stool-infant_microbiome	NCS078_ba	stool	NA	NA	control	healthy	0	42	newborn	male	NA	USA	Houston	NA	no	42	IlluminaHiSeq	MoBio	28112736	45215460	4515462175	50	101	SRR8942343	NA	NA	ChuDM_2019_50	child	vaginal	no	mixed_feeding	NA	3030	38	Arianna_Bonetti;Anna_Pedrotti
