study_name	sample_id	subject_id	body_site	antibiotics_current_use	study_condition	disease	disease_subtype	age	age_category	gender	BMI	country	non_westernized	sequencing_platform	DNA_extraction_kit	PMID	number_reads	number_bases	minimum_read_length	median_read_length	NCBI_accession	tnm	triglycerides	hdl	ldl	hba1c	curator	diet
FengQ_2015	SID31004	SID31004	stool	no	CRC	CRC;fatty_liver;hypertension	carcinoma	64	adult	male	29.35	AUT	no	IlluminaHiSeq	MoBio	25758642	40898340	3649611221	30	93	ERR688505;ERR688358	t1n0m0	172.0	28.0	92.0	5.2	Paolo_Manghi;Marisa_Metzger	vegetarian
FengQ_2015	SID31009	SID31009	stool	no	control	fatty_liver;hypertension	NA	68	senior	male	32.0	AUT	no	IlluminaHiSeq	MoBio	25758642	66107961	6196998053	30	96	ERR688506;ERR688359	NA	101.0	50.0	157.0	NA	Paolo_Manghi;Marisa_Metzger	omnivore
FengQ_2015	SID31021	SID31021	stool	no	control	healthy	NA	60	adult	female	22.1	AUT	no	IlluminaHiSeq	MoBio	25758642	60789126	5708593447	30	96	ERR688507;ERR688360	NA	53.0	60.0	122.0	NA	Paolo_Manghi;Marisa_Metzger	omnivore
FengQ_2015	SID31030	SID31030	stool	no	adenoma	adenoma;fatty_liver;hypertension	advancedadenoma	70	senior	male	34.11	AUT	no	IlluminaHiSeq	MoBio	25758642	50300253	4741158330	30	96	ERR688508;ERR688361	NA	89.0	74.0	146.0	NA	Paolo_Manghi;Marisa_Metzger	omnivore
FengQ_2015	SID31071	SID31071	stool	no	control	fatty_liver	NA	68	senior	male	23.45	AUT	no	IlluminaHiSeq	MoBio	25758642	51945426	4913627034	30	97	ERR688509;ERR688362	NA	258.0	40.0	231.0	NA	Paolo_Manghi;Marisa_Metzger	omnivore
FengQ_2015	SID31112	SID31112	stool	no	control	fatty_liver	NA	66	senior	male	30.3	AUT	no	IlluminaHiSeq	MoBio	25758642	50836391	4803585209	30	97	ERR688510;ERR688363	NA	189.0	53.0	201.0	NA	Paolo_Manghi;Marisa_Metzger	omnivore
FengQ_2015	SID31129	SID31129	stool	no	control	T2D;fatty_liver;hypertension	NA	73	senior	male	29.7	AUT	no	IlluminaHiSeq	MoBio	25758642	40493976	3858680926	30	97	ERR688511;ERR688364	NA	NA	NA	NA	NA	Paolo_Manghi;Marisa_Metzger	omnivore
FengQ_2015	SID31137	SID31137	stool	no	adenoma	adenoma;fatty_liver	advancedadenoma	67	senior	male	27.14	AUT	no	IlluminaHiSeq	MoBio	25758642	65162346	6219475696	30	97	ERR688512;ERR688365	NA	137.0	52.0	194.0	NA	Paolo_Manghi;Marisa_Metzger	omnivore
FengQ_2015	SID31159	SID31159	stool	no	CRC	CRC	carcinoma	73	senior	male	17.99	AUT	no	IlluminaHiSeq	MoBio	25758642	53697448	4950228947	30	95	ERR688513;ERR688366	t3n0m0	86.0	49.0	71.0	NA	Paolo_Manghi;Marisa_Metzger	omnivore
FengQ_2015	SID31160	SID31160	stool	no	control	hypertension	NA	67	senior	female	30.0	AUT	no	IlluminaHiSeq	MoBio	25758642	48941530	4454783107	30	93	ERR688514;ERR688367	NA	132.0	75.0	150.0	NA	Paolo_Manghi;Marisa_Metzger	omnivore
FengQ_2015	SID31188	SID31188	stool	no	CRC	CRC;fatty_liver;hypertension	carcinoma	65	adult	male	28.03	AUT	no	IlluminaHiSeq	MoBio	25758642	52506627	4856209896	30	96	ERR688515;ERR688368	NA	96.0	74.0	71.0	NA	Paolo_Manghi;Marisa_Metzger	omnivore
FengQ_2015	SID31219	SID31219	stool	no	control	fatty_liver;hypertension	NA	74	senior	female	28.3	AUT	no	IlluminaHiSeq	MoBio	25758642	43000292	4040075229	30	96	ERR688516;ERR688369	NA	113.0	72.0	177.0	NA	Paolo_Manghi;Marisa_Metzger	omnivore
FengQ_2015	SID31223	SID31223	stool	no	CRC	CRC	carcinoma	65	adult	female	23.31	AUT	no	IlluminaHiSeq	MoBio	25758642	52018377	4835999683	30	96	ERR688517;ERR688370	t4n0m0	84.0	74.0	204.0	NA	Paolo_Manghi;Marisa_Metzger	omnivore
FengQ_2015	SID31233	SID31233	stool	no	adenoma	adenoma;fatty_liver	advancedadenoma	62	adult	male	26.88	AUT	no	IlluminaHiSeq	MoBio	25758642	61523886	5795884330	30	95	ERR688519;ERR688372	NA	200.0	51.0	178.0	NA	Paolo_Manghi;Marisa_Metzger	omnivore
FengQ_2015	SID31236	SID31236	stool	no	control	fatty_liver;hypertension	NA	65	adult	male	29.06	AUT	no	IlluminaHiSeq	MoBio	25758642	46486458	4355968999	30	95	ERR688520;ERR688373	NA	263.0	34.0	144.0	NA	Paolo_Manghi;Marisa_Metzger	omnivore
FengQ_2015	SID31237	SID31237	stool	no	CRC	CRC;fatty_liver;hypertension	carcinoma	67	senior	male	29.4	AUT	no	IlluminaHiSeq	MoBio	25758642	54003642	5025871310	30	96	ERR688521;ERR688374	t3n0m0	85.0	58.0	99.0	NA	Paolo_Manghi;Marisa_Metzger	omnivore
FengQ_2015	SID31256	SID31256	stool	no	adenoma	adenoma	advancedadenoma	69	senior	female	24.13	AUT	no	IlluminaHiSeq	MoBio	25758642	55262755	5172204275	30	97	ERR688522;ERR688375	NA	156.0	67.0	181.0	NA	Paolo_Manghi;Marisa_Metzger	omnivore
FengQ_2015	SID31267	SID31267	stool	no	control	healthy	NA	67	senior	male	22.79	AUT	no	IlluminaHiSeq	MoBio	25758642	51827763	4807739197	30	93	ERR688523;ERR688376	NA	151.0	56.0	167.0	NA	Paolo_Manghi;Marisa_Metzger	omnivore
FengQ_2015	SID31275	SID31275	stool	no	adenoma	adenoma;fatty_liver	advancedadenoma	62	adult	male	30.1	AUT	no	IlluminaHiSeq	MoBio	25758642	44252530	4098347857	30	93	ERR688524;ERR688377	NA	149.0	54.0	101.0	NA	Paolo_Manghi;Marisa_Metzger	omnivore
FengQ_2015	SID31276	SID31276	stool	no	CRC	CRC;fatty_liver;hypertension	carcinoma	82	senior	male	30.47	AUT	no	IlluminaHiSeq	MoBio	25758642	47454029	4449164619	30	96	ERR688525;ERR688378	ptis	338.0	45.0	157.0	NA	Paolo_Manghi;Marisa_Metzger	omnivore
FengQ_2015	SID31282	SID31282	stool	no	adenoma	adenoma;fatty_liver	advancedadenoma	63	adult	male	34.08	AUT	no	IlluminaHiSeq	MoBio	25758642	57640884	5474042812	30	97	ERR688526;ERR688379	NA	96.0	73.0	176.0	NA	Paolo_Manghi;Marisa_Metzger	omnivore
FengQ_2015	SID31285	SID31285	stool	no	CRC	CRC;T2D;fatty_liver;hypertension	carcinoma	84	senior	male	27.28	AUT	no	IlluminaHiSeq	MoBio	25758642	61029846	5538869118	30	95	ERR688527;ERR688380	t3n0m0	232.0	44.0	174.0	7.96	Paolo_Manghi;Marisa_Metzger	vegetarian
FengQ_2015	SID31300	SID31300	stool	no	control	hypertension	NA	68	senior	female	21.7	AUT	no	IlluminaHiSeq	MoBio	25758642	58446067	5454210916	30	96	ERR688528;ERR688381	NA	94.0	86.0	174.0	NA	Paolo_Manghi;Marisa_Metzger	omnivore
FengQ_2015	SID31328	SID31328	stool	no	control	T2D;fatty_liver;hypertension	NA	63	adult	male	30.9	AUT	no	IlluminaHiSeq	MoBio	25758642	59048476	5476469636	30	95	ERR688529;ERR688382	NA	146.0	43.0	157.0	NA	Paolo_Manghi;Marisa_Metzger	omnivore
FengQ_2015	SID31333	SID31333	stool	no	control	healthy	NA	68	senior	male	22.2	AUT	no	IlluminaHiSeq	MoBio	25758642	56964025	5355969959	30	96	ERR688530;ERR688383	NA	87.0	69.0	129.0	NA	Paolo_Manghi;Marisa_Metzger	omnivore
FengQ_2015	SID31337	SID31337	stool	no	adenoma	adenoma;fatty_liver;hypertension	advancedadenoma	62	adult	male	35.43	AUT	no	IlluminaHiSeq	MoBio	25758642	41098418	3838469794	30	95	ERR688531;ERR688384	NA	178.0	50.0	148.0	6.22	Paolo_Manghi;Marisa_Metzger	omnivore
FengQ_2015	SID31343	SID31343	stool	no	control	T2D;fatty_liver;hypertension	NA	72	senior	male	29.03	AUT	no	IlluminaHiSeq	MoBio	25758642	46395518	4318051431	30	95	ERR688532;ERR688385	NA	112.0	51.0	146.0	7.42	Paolo_Manghi;Marisa_Metzger	omnivore
FengQ_2015	SID31360	SID31360	stool	no	control	hypertension	NA	71	senior	male	29.04	AUT	no	IlluminaHiSeq	MoBio	25758642	53813476	5060468600	30	95	ERR688533;ERR688386	NA	78.0	62.0	175.0	NA	Paolo_Manghi;Marisa_Metzger	omnivore
FengQ_2015	SID31367	SID31367	stool	no	CRC	CRC;hypertension	carcinoma	86	senior	female	20.5	AUT	no	IlluminaHiSeq	MoBio	25758642	63823566	5884167688	30	95	ERR688534;ERR688387	t2n0m0	90.0	44.0	89.0	NA	Paolo_Manghi;Marisa_Metzger	omnivore
FengQ_2015	SID31379	SID31379	stool	no	control	T2D;fatty_liver;hypertension	NA	63	adult	male	30.4	AUT	no	IlluminaHiSeq	MoBio	25758642	63068831	5959001442	30	97	ERR688535;ERR688388	NA	219.0	47.0	173.0	6.84	Paolo_Manghi;Marisa_Metzger	omnivore
FengQ_2015	SID31398	SID31398	stool	no	adenoma	adenoma;fatty_liver;hypertension	advancedadenoma	68	senior	female	34.01	AUT	no	IlluminaHiSeq	MoBio	25758642	60606299	5583776387	30	94	ERR688536;ERR688389	NA	112.0	63.0	144.0	5.34	Paolo_Manghi;Marisa_Metzger	omnivore
FengQ_2015	SID31416	SID31416	stool	no	control	T2D;hypertension	NA	72	senior	male	31.8	AUT	no	IlluminaHiSeq	MoBio	25758642	59474229	5698703690	30	98	ERR688537;ERR688390	NA	63.0	58.0	115.0	NA	Paolo_Manghi;Marisa_Metzger	vegetarian
FengQ_2015	SID31424	SID31424	stool	no	adenoma	T2D;adenoma	advancedadenoma	68	senior	female	24.84	AUT	no	IlluminaHiSeq	MoBio	25758642	68541730	6286423012	30	96	ERR688538;ERR688391	NA	73.0	73.0	139.0	NA	Paolo_Manghi;Marisa_Metzger	omnivore
FengQ_2015	SID31428	SID31428	stool	no	control	hypertension	NA	69	senior	female	30.0	AUT	no	IlluminaHiSeq	MoBio	25758642	60147043	5544794381	30	95	ERR688539;ERR688392	NA	88.0	62.0	153.0	NA	Paolo_Manghi;Marisa_Metzger	vegetarian
FengQ_2015	SID31431	SID31431	stool	no	adenoma	T2D;adenoma;hypertension	advancedadenoma	71	senior	male	27.04	AUT	no	IlluminaHiSeq	MoBio	25758642	40082155	3746702709	30	95	ERR688540;ERR688393	NA	105.0	73.0	108.0	NA	Paolo_Manghi;Marisa_Metzger	omnivore
FengQ_2015	SID31446	SID31446	stool	no	CRC	CRC;hypertension	carcinoma	84	senior	female	31.22	AUT	no	IlluminaHiSeq	MoBio	25758642	64347460	5954870508	30	96	ERR688541;ERR688394	ptis	158.0	54.0	127.0	5.45	Paolo_Manghi;Marisa_Metzger	omnivore
FengQ_2015	SID31449	SID31449	stool	no	adenoma	adenoma;fatty_liver;hypertension	advancedadenoma	63	adult	male	30.77	AUT	no	IlluminaHiSeq	MoBio	25758642	67192036	6291630276	30	93	ERR688542;ERR688395	NA	653.0	42.0	171.0	NA	Paolo_Manghi;Marisa_Metzger	omnivore
FengQ_2015	SID31450	SID31450	stool	no	control	fatty_liver;hypertension	NA	67	senior	male	23.14	AUT	no	IlluminaHiSeq	MoBio	25758642	39821891	3643571766	30	95	ERR688543;ERR688396	NA	161.0	34.0	137.0	NA	Paolo_Manghi;Marisa_Metzger	omnivore
FengQ_2015	SID31452	SID31452	stool	no	control	healthy	NA	66	senior	female	21.7	AUT	no	IlluminaHiSeq	MoBio	25758642	52825648	4803936579	30	94	ERR688544;ERR688397	NA	76.0	90.0	125.0	NA	Paolo_Manghi;Marisa_Metzger	omnivore
FengQ_2015	SID31455	SID31455	stool	no	adenoma	adenoma;hypertension	advancedadenoma	72	senior	female	27.43	AUT	no	IlluminaHiSeq	MoBio	25758642	49157263	4634583640	30	97	ERR688545;ERR688398	NA	58.0	84.0	147.0	NA	Paolo_Manghi;Marisa_Metzger	omnivore
FengQ_2015	SID31477	SID31477	stool	no	adenoma	adenoma;hypertension	advancedadenoma	78	senior	female	31.24	AUT	no	IlluminaHiSeq	MoBio	25758642	59248343	5473925173	30	91	ERR688546;ERR688399	NA	50.0	81.0	82.0	6.39	Paolo_Manghi;Marisa_Metzger	omnivore
FengQ_2015	SID31489	SID31489	stool	no	CRC	CRC;hypertension	carcinoma	60	adult	male	26.64	AUT	no	IlluminaHiSeq	MoBio	25758642	47274245	4386831217	30	96	ERR688547;ERR688400	t2n0m0	67.0	71.0	127.0	5.96	Paolo_Manghi;Marisa_Metzger	omnivore
FengQ_2015	SID31493	SID31493	stool	no	CRC	CRC;fatty_liver;hypertension	carcinoma	68	senior	male	32.25	AUT	no	IlluminaHiSeq	MoBio	25758642	59975883	5529867451	30	93	ERR688548;ERR688401	ptis	158.0	59.0	158.0	5.61	Paolo_Manghi;Marisa_Metzger	omnivore
FengQ_2015	SID31501	SID31501	stool	no	adenoma	adenoma;fatty_liver;hypertension	advancedadenoma	69	senior	female	24.4	AUT	no	IlluminaHiSeq	MoBio	25758642	79824442	7509949145	30	98	ERR688549;ERR688402	NA	125.0	72.0	104.0	6.16	Paolo_Manghi;Marisa_Metzger	omnivore
FengQ_2015	SID31512	SID31512	stool	no	control	fatty_liver	NA	64	adult	male	29.3	AUT	no	IlluminaHiSeq	MoBio	25758642	48451471	4485244293	30	93	ERR688550;ERR688403	NA	80.0	70.0	213.0	6.0	Paolo_Manghi;Marisa_Metzger	omnivore
FengQ_2015	SID31519	SID31519	stool	no	control	healthy	NA	65	adult	male	28.9	AUT	no	IlluminaHiSeq	MoBio	25758642	47430300	4423967038	30	96	ERR688551;ERR688404	NA	73.0	55.0	119.0	6.03	Paolo_Manghi;Marisa_Metzger	omnivore
FengQ_2015	SID31537	SID31537	stool	no	control	hypertension	NA	70	senior	female	31.0	AUT	no	IlluminaHiSeq	MoBio	25758642	50448942	4469690812	30	91	ERR688552;ERR688405	NA	101.0	71.0	71.0	NA	Paolo_Manghi;Marisa_Metzger	omnivore
FengQ_2015	SID31549	SID31549	stool	no	CRC	CRC;fatty_liver;hypertension	carcinoma	84	senior	female	27.77	AUT	no	IlluminaHiSeq	MoBio	25758642	56747117	5301119382	30	96	ERR688553;ERR688406	t1n0m0	160.0	57.0	127.0	5.0	Paolo_Manghi;Marisa_Metzger	omnivore
FengQ_2015	SID31557	SID31557	stool	no	control	fatty_liver	NA	74	senior	female	28.5	AUT	no	IlluminaHiSeq	MoBio	25758642	55509914	5103889033	30	91	ERR688554;ERR688407	NA	116.0	66.0	224.0	4.8	Paolo_Manghi;Marisa_Metzger	vegetarian
FengQ_2015	SID31582	SID31582	stool	no	adenoma	adenoma;fatty_liver;hypertension	advancedadenoma	77	senior	male	25.7	AUT	no	IlluminaHiSeq	MoBio	25758642	51350992	4757719786	30	93	ERR688555;ERR688408	NA	77.0	63.0	129.0	5.7	Paolo_Manghi;Marisa_Metzger	omnivore
FengQ_2015	SID31637	SID31637	stool	no	control	fatty_liver	NA	66	senior	male	29.98	AUT	no	IlluminaHiSeq	MoBio	25758642	44156304	4133028671	30	96	ERR688557;ERR688410	NA	165.0	NA	NA	NA	Paolo_Manghi;Marisa_Metzger	omnivore
FengQ_2015	SID31685	SID31685	stool	no	CRC	CRC;fatty_liver;hypertension	carcinoma	74	senior	male	26.37	AUT	no	IlluminaHiSeq	MoBio	25758642	49715050	4561413328	30	95	ERR688558;ERR688411	t1n0m0	209.0	49.0	189.0	5.67	Paolo_Manghi;Marisa_Metzger	omnivore
FengQ_2015	SID31700	SID31700	stool	no	control	T2D;fatty_liver;hypertension	NA	72	senior	female	28.7	AUT	no	IlluminaHiSeq	MoBio	25758642	66611844	6302536870	30	96	ERR688559;ERR688412	NA	84.0	48.0	112.0	6.18	Paolo_Manghi;Marisa_Metzger	omnivore
FengQ_2015	SID31705	SID31705	stool	no	adenoma	adenoma	advancedadenoma	84	senior	female	24.7	AUT	no	IlluminaHiSeq	MoBio	25758642	59808183	5374434608	30	95	ERR688560;ERR688413	NA	132.0	45.0	92.0	5.96	Paolo_Manghi;Marisa_Metzger	omnivore
FengQ_2015	SID31711	SID31711	stool	no	control	fatty_liver;hypertension	NA	66	senior	male	30.02	AUT	no	IlluminaHiSeq	MoBio	25758642	52930416	4975191066	30	96	ERR688561;ERR688414	NA	149.0	52.0	98.0	5.84	Paolo_Manghi;Marisa_Metzger	NA
FengQ_2015	SID31714	SID31714	stool	no	control	T2D;fatty_liver;hypertension	NA	69	senior	female	28.3	AUT	no	IlluminaHiSeq	MoBio	25758642	59229738	5596599451	30	97	ERR688562;ERR688415	NA	137.0	48.0	113.0	5.54	Paolo_Manghi;Marisa_Metzger	omnivore
FengQ_2015	SID31723	SID31723	stool	no	control	healthy	NA	69	senior	female	22.4	AUT	no	IlluminaHiSeq	MoBio	25758642	50461698	4789697432	30	96	ERR688563;ERR688416	NA	72.0	88.0	190.0	NA	Paolo_Manghi;Marisa_Metzger	omnivore
FengQ_2015	SID31749	SID31749	stool	no	control	fatty_liver;hypertension	NA	70	senior	male	31.25	AUT	no	IlluminaHiSeq	MoBio	25758642	60841104	5672618246	30	96	ERR688564;ERR688417	NA	113.0	76.0	207.0	5.25	Paolo_Manghi;Marisa_Metzger	omnivore
FengQ_2015	SID31750	SID31750	stool	no	control	fatty_liver	NA	66	senior	male	34.04	AUT	no	IlluminaHiSeq	MoBio	25758642	55640079	5136546089	30	93	ERR688565;ERR688418	NA	116.0	45.0	162.0	5.65	Paolo_Manghi;Marisa_Metzger	omnivore
FengQ_2015	SID31766	SID31766	stool	no	control	fatty_liver	NA	73	senior	female	32.0	AUT	no	IlluminaHiSeq	MoBio	25758642	39421207	3749643349	30	97	ERR688566;ERR688419	NA	110.0	66.0	145.0	5.36	Paolo_Manghi;Marisa_Metzger	omnivore
FengQ_2015	SID31865	SID31865	stool	no	CRC	CRC	carcinoma	55	adult	female	23.34	AUT	no	IlluminaHiSeq	MoBio	25758642	39673737	3645684389	30	91	ERR688568;ERR688421	t2n0m0	109.0	62.0	101.0	5.35	Paolo_Manghi;Marisa_Metzger	NA
FengQ_2015	SID31866	SID31866	stool	no	CRC	CRC;fatty_liver	carcinoma	73	senior	female	29.75	AUT	no	IlluminaHiSeq	MoBio	25758642	63811898	5707545180	30	93	ERR688569;ERR688422	t3n0m0	77.0	58.0	139.0	5.99	Paolo_Manghi;Marisa_Metzger	omnivore
FengQ_2015	SID31868	SID31868	stool	no	CRC	CRC	carcinoma	64	adult	female	24.09	AUT	no	IlluminaHiSeq	MoBio	25758642	45203362	4175944271	30	96	ERR688570;ERR688423	t2n0m0	61.0	71.0	105.0	5.7	Paolo_Manghi;Marisa_Metzger	NA
FengQ_2015	SID31870	SID31870	stool	no	CRC	CRC;fatty_liver;hypertension	carcinoma	63	adult	male	25.88	AUT	no	IlluminaHiSeq	MoBio	25758642	59584985	5554843364	30	96	ERR688571;ERR688424	t1n0m0	177.0	55.0	130.0	NA	Paolo_Manghi;Marisa_Metzger	omnivore
FengQ_2015	SID31871	SID31871	stool	no	CRC	CRC;hypertension	carcinoma	72	senior	male	28.41	AUT	no	IlluminaHiSeq	MoBio	25758642	65866129	6088271346	30	96	ERR688572;ERR688425	t2n0m0	161.0	77.0	170.0	5.96	Paolo_Manghi;Marisa_Metzger	omnivore
FengQ_2015	SID31872	SID31872	stool	no	CRC	CRC;T2D;fatty_liver;hypertension	carcinoma	46	adult	male	30.86	AUT	no	IlluminaHiSeq	MoBio	25758642	56338680	5196434410	30	96	ERR688573;ERR688426	ptis	137.0	55.0	90.0	6.03	Paolo_Manghi;Marisa_Metzger	omnivore
FengQ_2015	SID31873	SID31873	stool	no	CRC	CRC;fatty_liver;hypertension	carcinoma	73	senior	male	24.82	AUT	no	IlluminaHiSeq	MoBio	25758642	56842256	5217458595	30	96	ERR688574;ERR688427	t3n0m0	51.0	67.0	103.0	5.51	Paolo_Manghi;Marisa_Metzger	omnivore
FengQ_2015	SID31874	SID31874	stool	no	CRC	CRC;T2D;hypertension	carcinoma	74	senior	female	29.17	AUT	no	IlluminaHiSeq	MoBio	25758642	61606892	5697872810	30	96	ERR688575;ERR688428	t4n1m1	87.0	52.0	127.0	6.5	Paolo_Manghi;Marisa_Metzger	NA
FengQ_2015	SID31875	SID31875	stool	no	CRC	CRC	carcinoma	58	adult	male	27.76	AUT	no	IlluminaHiSeq	MoBio	25758642	60981117	5628840356	30	96	ERR688576;ERR688429	t2n0m0	146.0	71.0	179.0	5.71	Paolo_Manghi;Marisa_Metzger	omnivore
FengQ_2015	SID31876	SID31876	stool	no	CRC	CRC;hypertension	carcinoma	56	adult	female	20.07	AUT	no	IlluminaHiSeq	MoBio	25758642	58553738	5406847458	30	96	ERR688577;ERR688430	t3n2m0	175.0	67.0	97.0	5.8	Paolo_Manghi;Marisa_Metzger	omnivore
FengQ_2015	SID31877	SID31877	stool	no	CRC	CRC;hypertension	carcinoma	72	senior	female	26.67	AUT	no	IlluminaHiSeq	MoBio	25758642	55213354	5089989422	30	96	ERR688578;ERR688431	t3n1m0	84.0	69.0	79.0	6.15	Paolo_Manghi;Marisa_Metzger	omnivore
FengQ_2015	SID31878	SID31878	stool	no	CRC	CRC	carcinoma	52	adult	female	27.14	AUT	no	IlluminaHiSeq	MoBio	25758642	52369180	4631097845	30	95	ERR688579;ERR688432	t3n1m0	136.0	70.0	184.0	6.39	Paolo_Manghi;Marisa_Metzger	omnivore
FengQ_2015	SID31879	SID31879	stool	no	CRC	CRC;fatty_liver	carcinoma	71	senior	male	29.74	AUT	no	IlluminaHiSeq	MoBio	25758642	55929728	5127516824	30	95	ERR688580;ERR688433	t4n2m0	100.0	66.0	194.0	6.27	Paolo_Manghi;Marisa_Metzger	omnivore
FengQ_2015	SID31880	SID31880	stool	no	CRC	CRC;T2D;hypertension	carcinoma	74	senior	male	24.34	AUT	no	IlluminaHiSeq	MoBio	25758642	62077892	5838495526	30	96	ERR688581;ERR688434	t4n2m0	56.0	47.0	116.0	10.17	Paolo_Manghi;Marisa_Metzger	omnivore
FengQ_2015	SID31881	SID31881	stool	no	CRC	CRC	carcinoma	60	adult	female	30.08	AUT	no	IlluminaHiSeq	MoBio	25758642	67756814	6235486686	30	96	ERR688582;ERR688435	t4n1m0	159.0	64.0	184.0	6.24	Paolo_Manghi;Marisa_Metzger	omnivore
FengQ_2015	SID31883	SID31883	stool	no	CRC	CRC	carcinoma	43	adult	male	22.68	AUT	no	IlluminaHiSeq	MoBio	25758642	73468631	6833951794	30	96	ERR688583;ERR688436	t3n0m0	155.0	43.0	224.0	5.71	Paolo_Manghi;Marisa_Metzger	NA
FengQ_2015	SID31884	SID31884	stool	no	CRC	CRC;hypertension	carcinoma	54	adult	male	27.34	AUT	no	IlluminaHiSeq	MoBio	25758642	47309414	4340003232	30	96	ERR688567;ERR688420	ptis	170.0	46.0	174.0	5.77	Paolo_Manghi;Marisa_Metzger	omnivore
FengQ_2015	SID530002	SID530002	stool	no	adenoma	adenoma;fatty_liver;hypertension	advancedadenoma	60	adult	female	30.0	AUT	no	IlluminaHiSeq	MoBio	25758642	58500085	5519624064	30	96	ERR688587;ERR688440	NA	142.0	66.0	199.0	6.1	Paolo_Manghi;Marisa_Metzger	omnivore
FengQ_2015	SID530018	SID530018	stool	no	adenoma	adenoma;fatty_liver	advancedadenoma	56	adult	male	29.41	AUT	no	IlluminaHiSeq	MoBio	25758642	50499377	4762774319	30	95	ERR688584;ERR688437	NA	207.0	95.0	197.0	5.3	Paolo_Manghi;Marisa_Metzger	omnivore
FengQ_2015	SID530026	SID530026	stool	no	adenoma	adenoma;fatty_liver	advancedadenoma	83	senior	female	21.94	AUT	no	IlluminaHiSeq	MoBio	25758642	48100771	4511463266	30	96	ERR688585;ERR688438	NA	109.0	38.0	121.0	5.46	Paolo_Manghi;Marisa_Metzger	omnivore
FengQ_2015	SID530028	SID530028	stool	no	adenoma	adenoma;fatty_liver	advancedadenoma	67	senior	male	33.23	AUT	no	IlluminaHiSeq	MoBio	25758642	51495960	4913171527	30	97	ERR688586;ERR688439	NA	135.0	39.0	130.0	5.72	Paolo_Manghi;Marisa_Metzger	omnivore
FengQ_2015	SID530039	SID530039	stool	no	adenoma	T2D;adenoma;hypertension	advancedadenoma	67	senior	male	28.34	AUT	no	IlluminaHiSeq	MoBio	25758642	43706849	4164302761	30	96	ERR688588;ERR688441	NA	108.0	58.0	64.0	7.68	Paolo_Manghi;Marisa_Metzger	omnivore
FengQ_2015	SID530041	SID530041	stool	no	adenoma	adenoma;fatty_liver;hypertension	advancedadenoma	69	senior	male	21.46	AUT	no	IlluminaHiSeq	MoBio	25758642	62095839	5874874485	30	97	ERR688589;ERR688442	NA	94.0	47.0	80.0	NA	Paolo_Manghi;Marisa_Metzger	omnivore
FengQ_2015	SID530050	SID530050	stool	no	control	hypertension	NA	71	senior	female	29.0	AUT	no	IlluminaHiSeq	MoBio	25758642	41099011	3882990247	30	96	ERR688590;ERR688443	NA	88.0	78.0	87.0	5.82	Paolo_Manghi;Marisa_Metzger	omnivore
FengQ_2015	SID530052	SID530052	stool	no	control	fatty_liver	NA	64	adult	male	29.38	AUT	no	IlluminaHiSeq	MoBio	25758642	43128279	4075309012	30	96	ERR688591;ERR688444	NA	227.0	40.0	132.0	5.21	Paolo_Manghi;Marisa_Metzger	omnivore
FengQ_2015	SID530054	SID530054	stool	no	adenoma	adenoma	advancedadenoma	64	adult	female	20.52	AUT	no	IlluminaHiSeq	MoBio	25758642	64129209	5922966823	30	93	ERR688592;ERR688445	NA	37.0	60.0	127.0	5.29	Paolo_Manghi;Marisa_Metzger	omnivore
FengQ_2015	SID530055	SID530055	stool	no	control	fatty_liver;hypertension	NA	64	adult	male	22.78	AUT	no	IlluminaHiSeq	MoBio	25758642	44682386	4212719129	30	97	ERR688593;ERR688446	NA	95.0	66.0	85.0	5.46	Paolo_Manghi;Marisa_Metzger	omnivore
FengQ_2015	SID530074	SID530074	stool	no	control	healthy	NA	68	senior	female	22.1	AUT	no	IlluminaHiSeq	MoBio	25758642	44680548	4114576752	30	95	ERR688594;ERR688447	NA	63.0	112.0	155.0	5.85	Paolo_Manghi;Marisa_Metzger	omnivore
FengQ_2015	SID530075	SID530075	stool	no	control	fatty_liver;hypertension	NA	63	adult	male	34.14	AUT	no	IlluminaHiSeq	MoBio	25758642	45920361	4276565640	30	96	ERR688595;ERR688448	NA	202.0	35.0	124.0	6.01	Paolo_Manghi;Marisa_Metzger	omnivore
FengQ_2015	SID530119	SID530119	stool	no	control	T2D;fatty_liver;hypertension	NA	70	senior	male	31.6	AUT	no	IlluminaHiSeq	MoBio	25758642	57416977	5327616448	30	95	ERR688596;ERR688449	NA	207.0	30.0	43.0	6.07	Paolo_Manghi;Marisa_Metzger	omnivore
FengQ_2015	SID530142	SID530142	stool	no	adenoma	adenoma	advancedadenoma	61	adult	female	22.8	AUT	no	IlluminaHiSeq	MoBio	25758642	61547894	5549939733	30	96	ERR688597;ERR688450	NA	82.0	119.0	146.0	5.74	Paolo_Manghi;Marisa_Metzger	omnivore
FengQ_2015	SID530154	SID530154	stool	no	control	fatty_liver;hypertension	NA	74	senior	female	28.5	AUT	no	IlluminaHiSeq	MoBio	25758642	57791617	5417863978	30	97	ERR688598;ERR688451	NA	144.0	47.0	121.0	6.04	Paolo_Manghi;Marisa_Metzger	omnivore
FengQ_2015	SID530163	SID530163	stool	no	control	T2D;fatty_liver	NA	63	adult	male	30.4	AUT	no	IlluminaHiSeq	MoBio	25758642	54206038	5093094520	30	96	ERR688599;ERR688452	NA	NA	NA	NA	NA	Paolo_Manghi;Marisa_Metzger	omnivore
FengQ_2015	SID530167	SID530167	stool	no	control	hypertension	NA	72	senior	female	30.0	AUT	no	IlluminaHiSeq	MoBio	25758642	49179178	4194580026	30	91	ERR688600;ERR688453	NA	103.0	99.0	164.0	5.88	Paolo_Manghi;Marisa_Metzger	omnivore
FengQ_2015	SID530168	SID530168	stool	no	adenoma	adenoma;fatty_liver	advancedadenoma	62	adult	female	32.8	AUT	no	IlluminaHiSeq	MoBio	25758642	55160872	5206281176	30	96	ERR688601;ERR688454	NA	218.0	48.0	114.0	5.84	Paolo_Manghi;Marisa_Metzger	omnivore
FengQ_2015	SID530172	SID530172	stool	no	adenoma	adenoma	advancedadenoma	63	adult	male	27.4	AUT	no	IlluminaHiSeq	MoBio	25758642	50033769	4803898057	30	98	ERR688602;ERR688455	NA	93.0	53.0	167.0	5.55	Paolo_Manghi;Marisa_Metzger	omnivore
FengQ_2015	SID530177	SID530177	stool	no	control	healthy	NA	71	senior	female	29.0	AUT	no	IlluminaHiSeq	MoBio	25758642	50250060	4755568751	30	96	ERR688603;ERR688456	NA	104.0	55.0	193.0	5.63	Paolo_Manghi;Marisa_Metzger	omnivore
FengQ_2015	SID530185	SID530185	stool	no	adenoma	adenoma;fatty_liver;hypertension	advancedadenoma	52	adult	female	32.8	AUT	no	IlluminaHiSeq	MoBio	25758642	52968068	4962566284	30	96	ERR688604;ERR688457	NA	103.0	69.0	157.0	6.08	Paolo_Manghi;Marisa_Metzger	omnivore
FengQ_2015	SID530215	SID530215	stool	no	control	T2D;fatty_liver;hypertension	NA	65	adult	male	31.22	AUT	no	IlluminaHiSeq	MoBio	25758642	41995786	3928814334	30	96	ERR688605;ERR688458	NA	110.0	48.0	159.0	6.14	Paolo_Manghi;Marisa_Metzger	omnivore
FengQ_2015	SID530227	SID530227	stool	no	control	fatty_liver;hypertension	NA	68	senior	female	22.4	AUT	no	IlluminaHiSeq	MoBio	25758642	56519937	5413530573	30	98	ERR688606;ERR688459	NA	81.0	68.0	125.0	NA	Paolo_Manghi;Marisa_Metzger	omnivore
FengQ_2015	SID530251	SID530251	stool	no	control	hypertension	NA	72	senior	male	31.8	AUT	no	IlluminaHiSeq	MoBio	25758642	39476921	3771008997	30	97	ERR688607;ERR688460	NA	161.0	61.0	128.0	5.92	Paolo_Manghi;Marisa_Metzger	omnivore
FengQ_2015	SID530258	SID530258	stool	no	control	healthy	NA	65	adult	male	22.03	AUT	no	IlluminaHiSeq	MoBio	25758642	48219384	4525858474	30	96	ERR688608;ERR688461	NA	117.0	78.0	194.0	5.38	Paolo_Manghi;Marisa_Metzger	vegetarian
FengQ_2015	SID530262	SID530262	stool	no	adenoma	adenoma;hypertension	advancedadenoma	64	adult	male	29.3	AUT	no	IlluminaHiSeq	MoBio	25758642	31825406	3021848526	30	97	ERR688609;ERR688462	NA	123.0	43.0	148.0	5.01	Paolo_Manghi;Marisa_Metzger	omnivore
FengQ_2015	SID530295	SID530295	stool	no	control	healthy	NA	70	senior	female	22.67	AUT	no	IlluminaHiSeq	MoBio	25758642	58306781	5400290156	30	93	ERR688610;ERR688463	NA	105.0	79.0	153.0	6.01	Paolo_Manghi;Marisa_Metzger	omnivore
FengQ_2015	SID530297	SID530297	stool	no	adenoma	adenoma;hypertension	advancedadenoma	78	senior	female	24.0	AUT	no	IlluminaHiSeq	MoBio	25758642	57323996	5134136688	30	97	ERR688611;ERR688464	NA	144.0	55.0	140.0	5.58	Paolo_Manghi;Marisa_Metzger	omnivore
FengQ_2015	SID530315	SID530315	stool	no	control	fatty_liver;hypertension	NA	75	senior	female	31.0	AUT	no	IlluminaHiSeq	MoBio	25758642	40973787	3858818427	30	96	ERR688612;ERR688465	NA	164.0	51.0	102.0	5.58	Paolo_Manghi;Marisa_Metzger	omnivore
FengQ_2015	SID530323	SID530323	stool	no	adenoma	adenoma;fatty_liver	advancedadenoma	71	senior	male	24.8	AUT	no	IlluminaHiSeq	MoBio	25758642	62864405	5962542508	30	97	ERR688613;ERR688466	NA	85.0	72.0	129.0	NA	Paolo_Manghi;Marisa_Metzger	omnivore
FengQ_2015	SID530331	SID530331	stool	no	control	healthy	NA	70	senior	male	23.67	AUT	no	IlluminaHiSeq	MoBio	25758642	46063675	4222207210	30	94	ERR688614;ERR688467	NA	142.0	40.0	159.0	5.81	Paolo_Manghi;Marisa_Metzger	omnivore
FengQ_2015	SID530348	SID530348	stool	no	adenoma	adenoma;fatty_liver	advancedadenoma	58	adult	male	21.7	AUT	no	IlluminaHiSeq	MoBio	25758642	55568518	5256237477	30	97	ERR688615;ERR688468	NA	477.0	67.0	108.0	5.67	Paolo_Manghi;Marisa_Metzger	omnivore
FengQ_2015	SID530364	SID530364	stool	no	control	hypertension	NA	63	adult	male	31.17	AUT	no	IlluminaHiSeq	MoBio	25758642	44171205	4127521919	30	96	ERR688616;ERR688469	NA	143.0	36.0	154.0	6.06	Paolo_Manghi;Marisa_Metzger	omnivore
FengQ_2015	SID530368	SID530368	stool	no	control	hypertension	NA	70	senior	female	22.8	AUT	no	IlluminaHiSeq	MoBio	25758642	41919267	3928554559	30	96	ERR688617;ERR688470	NA	70.0	88.0	129.0	5.82	Paolo_Manghi;Marisa_Metzger	vegetarian
FengQ_2015	SID530373	SID530373	stool	no	CRC	CRC	carcinoma	47	adult	female	25.78	AUT	no	IlluminaHiSeq	MoBio	25758642	51749458	4799275613	30	96	ERR688618;ERR688471	t2n0m0	39.0	71.0	113.0	5.7	Paolo_Manghi;Marisa_Metzger	omnivore
FengQ_2015	SID530394	SID530394	stool	no	control	healthy	NA	67	senior	female	22.58	AUT	no	IlluminaHiSeq	MoBio	25758642	66594047	6192238434	30	95	ERR688619;ERR688472	NA	260.0	49.0	250.0	5.9	Paolo_Manghi;Marisa_Metzger	omnivore
FengQ_2015	SID530398	SID530398	stool	no	adenoma	adenoma	advancedadenoma	80	senior	male	26.47	AUT	no	IlluminaHiSeq	MoBio	25758642	59148627	5505881633	30	93	ERR688620;ERR688473	NA	77.0	73.0	128.0	5.58	Paolo_Manghi;Marisa_Metzger	omnivore
FengQ_2015	SID530403	SID530403	stool	no	adenoma	adenoma;fatty_liver;hypertension	advancedadenoma	75	senior	female	30.12	AUT	no	IlluminaHiSeq	MoBio	25758642	59813159	5645619627	30	96	ERR688621;ERR688474	NA	211.0	53.0	167.0	6.3	Paolo_Manghi;Marisa_Metzger	omnivore
FengQ_2015	SID530444	SID530444	stool	no	control	healthy	NA	62	adult	female	22.1	AUT	no	IlluminaHiSeq	MoBio	25758642	50926725	4531612102	30	96	ERR688622;ERR688475	NA	91.0	56.0	108.0	NA	Paolo_Manghi;Marisa_Metzger	omnivore
FengQ_2015	SID530450	SID530450	stool	no	adenoma	adenoma	advancedadenoma	48	adult	male	25.61	AUT	no	IlluminaHiSeq	MoBio	25758642	53666840	5030679267	30	95	ERR688623;ERR688476	NA	75.0	84.0	165.0	5.75	Paolo_Manghi;Marisa_Metzger	omnivore
FengQ_2015	SID530451	SID530451	stool	no	control	fatty_liver;hypertension	NA	68	senior	male	29.8	AUT	no	IlluminaHiSeq	MoBio	25758642	62721334	5823514323	30	95	ERR688624;ERR688477	NA	85.0	46.0	101.0	6.2	Paolo_Manghi;Marisa_Metzger	omnivore
FengQ_2015	SID530558	SID530558	stool	no	adenoma	adenoma;hypertension	advancedadenoma	56	adult	female	22.8	AUT	no	IlluminaHiSeq	MoBio	25758642	58018506	5492879281	30	97	ERR688625;ERR688478	NA	64.0	66.0	153.0	6.0	Paolo_Manghi;Marisa_Metzger	omnivore
FengQ_2015	SID530600	SID530600	stool	no	adenoma	adenoma;fatty_liver	advancedadenoma	70	senior	female	25.2	AUT	no	IlluminaHiSeq	MoBio	25758642	57496684	5337533441	30	95	ERR688626;ERR688479	NA	91.0	64.0	205.0	6.03	Paolo_Manghi;Marisa_Metzger	omnivore
FengQ_2015	SID530623	SID530623	stool	no	adenoma	adenoma;hypertension	advancedadenoma	62	adult	male	24.3	AUT	no	IlluminaHiSeq	MoBio	25758642	50867929	4673816036	30	93	ERR688627;ERR688480	NA	65.0	80.0	109.0	5.91	Paolo_Manghi;Marisa_Metzger	omnivore
FengQ_2015	SID530697	SID530697	stool	no	adenoma	T2D;adenoma;fatty_liver;hypertension	advancedadenoma	63	adult	female	30.47	AUT	no	IlluminaHiSeq	MoBio	25758642	63267306	5949189303	30	96	ERR688628;ERR688481	NA	67.0	84.0	39.0	6.9	Paolo_Manghi;Marisa_Metzger	omnivore
FengQ_2015	SID530705	SID530705	stool	no	adenoma	adenoma;fatty_liver;hypertension	advancedadenoma	77	senior	male	37.56	AUT	no	IlluminaHiSeq	MoBio	25758642	46816593	4389612480	30	95	ERR688629;ERR688482	NA	75.0	60.0	116.0	6.4	Paolo_Manghi;Marisa_Metzger	omnivore
FengQ_2015	SID530743	SID530743	stool	no	adenoma	adenoma	advancedadenoma	66	senior	female	22.65	AUT	no	IlluminaHiSeq	MoBio	25758642	51835041	4745635557	30	93	ERR688630;ERR688483	NA	100.0	88.0	181.0	5.78	Paolo_Manghi;Marisa_Metzger	omnivore
FengQ_2015	SID530756	SID530756	stool	no	adenoma	T2D;adenoma;fatty_liver	advancedadenoma	70	senior	female	29.38	AUT	no	IlluminaHiSeq	MoBio	25758642	43168423	4003779613	30	95	ERR688631;ERR688484	NA	79.0	49.0	139.0	7.33	Paolo_Manghi;Marisa_Metzger	omnivore
FengQ_2015	SID530840	SID530840	stool	no	adenoma	adenoma;hypertension	advancedadenoma	74	senior	female	24.13	AUT	no	IlluminaHiSeq	MoBio	25758642	61271589	5734844379	30	96	ERR688632;ERR688485	NA	159.0	51.0	124.0	6.4	Paolo_Manghi;Marisa_Metzger	omnivore
FengQ_2015	SID530867	SID530867	stool	no	adenoma	adenoma;fatty_liver;hypertension	advancedadenoma	58	adult	male	27.02	AUT	no	IlluminaHiSeq	MoBio	25758642	66550611	6057858806	30	93	ERR688633;ERR688486	NA	97.0	81.0	168.0	5.88	Paolo_Manghi;Marisa_Metzger	omnivore
FengQ_2015	SID530890	SID530890	stool	no	CRC	CRC	carcinoma	77	senior	male	29.41	AUT	no	IlluminaHiSeq	MoBio	25758642	59064928	5471439051	30	96	ERR688634;ERR688487	ptis	81.0	54.0	160.0	6.46	Paolo_Manghi;Marisa_Metzger	NA
FengQ_2015	SID531128	SID531128	stool	no	CRC	CRC	carcinoma	52	adult	male	25.73	AUT	no	IlluminaHiSeq	MoBio	25758642	45879581	4238158668	30	97	ERR688635;ERR688488	t3n1m0	222.0	33.0	133.0	5.4	Paolo_Manghi;Marisa_Metzger	omnivore
FengQ_2015	SID531155	SID531155	stool	no	CRC	CRC;hypertension	carcinoma	72	senior	female	24.22	AUT	no	IlluminaHiSeq	MoBio	25758642	57291152	5330073760	30	96	ERR688636;ERR688489	t1n0m0	119.0	58.0	157.0	5.6	Paolo_Manghi;Marisa_Metzger	omnivore
FengQ_2015	SID531248	SID531248	stool	no	CRC	CRC;fatty_liver;hypertension	carcinoma	79	senior	male	26.3	AUT	no	IlluminaHiSeq	MoBio	25758642	61002212	5666299282	30	96	ERR688637;ERR688490	t3n1m0	106.0	42.0	134.0	5.5	Paolo_Manghi;Marisa_Metzger	omnivore
FengQ_2015	SID531274	SID531274	stool	no	CRC	CRC	carcinoma	77	senior	male	19.16	AUT	no	IlluminaHiSeq	MoBio	25758642	75456959	6932193747	30	96	ERR688638;ERR688491	t3n2m0	70.0	66.0	105.0	NA	Paolo_Manghi;Marisa_Metzger	vegetarian
FengQ_2015	SID531277	SID531277	stool	no	CRC	CRC;fatty_liver	carcinoma	64	adult	male	29.07	AUT	no	IlluminaHiSeq	MoBio	25758642	52933259	4878408862	30	96	ERR688639;ERR688492	t1n0m0	134.0	56.0	169.0	5.6	Paolo_Manghi;Marisa_Metzger	omnivore
FengQ_2015	SID531281	SID531281	stool	no	CRC	CRC;fatty_liver;hypertension	carcinoma	72	senior	female	27.12	AUT	no	IlluminaHiSeq	MoBio	25758642	58412555	5394534000	30	96	ERR688640;ERR688493	ptis	103.0	54.0	132.0	5.3	Paolo_Manghi;Marisa_Metzger	omnivore
FengQ_2015	SID531333	SID531333	stool	no	CRC	CRC;fatty_liver;hypertension	carcinoma	69	senior	male	29.94	AUT	no	IlluminaHiSeq	MoBio	25758642	57733146	5401200091	30	96	ERR688641;ERR688494	t3n1m0	125.0	40.0	114.0	5.9	Paolo_Manghi;Marisa_Metzger	omnivore
FengQ_2015	SID531352	SID531352	stool	no	CRC	CRC;hypertension	carcinoma	66	senior	male	22.6	AUT	no	IlluminaHiSeq	MoBio	25758642	64602286	5997459345	30	96	ERR688642;ERR688495	t1n0m0	140.0	63.0	170.0	5.7	Paolo_Manghi;Marisa_Metzger	vegetarian
FengQ_2015	SID531361	SID531361	stool	no	CRC	CRC;hypertension	carcinoma	72	senior	female	23.83	AUT	no	IlluminaHiSeq	MoBio	25758642	49860850	4658201002	30	96	ERR688643;ERR688496	t4n1m0	233.0	56.0	182.0	NA	Paolo_Manghi;Marisa_Metzger	omnivore
FengQ_2015	SID531382	SID531382	stool	no	CRC	CRC;hypertension	carcinoma	65	adult	male	29.74	AUT	no	IlluminaHiSeq	MoBio	25758642	47198497	4370669263	30	95	ERR688644;ERR688497	t3n0m0	108.0	39.0	154.0	NA	Paolo_Manghi;Marisa_Metzger	omnivore
FengQ_2015	SID531403	SID531403	stool	no	adenoma	adenoma;fatty_liver;hypertension	advancedadenoma	59	adult	female	29.2	AUT	no	IlluminaHiSeq	MoBio	25758642	64766000	5990057005	30	95	ERR688645;ERR688498	NA	192.0	57.0	269.0	6.2	Paolo_Manghi;Marisa_Metzger	vegetarian
FengQ_2015	SID531414	SID531414	stool	no	control	healthy	NA	46	adult	male	23.15	AUT	no	IlluminaHiSeq	MoBio	25758642	54863689	5160814151	30	96	ERR688646;ERR688499	NA	67.0	57.0	99.0	5.3	Paolo_Manghi;Marisa_Metzger	omnivore
FengQ_2015	SID531416	SID531416	stool	no	CRC	CRC;T2D;fatty_liver;hypertension	carcinoma	63	adult	male	33.56	AUT	no	IlluminaHiSeq	MoBio	25758642	54134207	5059776250	30	96	ERR688647;ERR688500	t2n0m0	151.0	78.0	106.0	6.7	Paolo_Manghi;Marisa_Metzger	omnivore
FengQ_2015	SID531424	SID531424	stool	no	control	T2D;fatty_liver	NA	46	adult	male	28.74	AUT	no	IlluminaHiSeq	MoBio	25758642	47297425	4409439027	30	95	ERR688648;ERR688501	NA	119.0	43.0	145.0	NA	Paolo_Manghi;Marisa_Metzger	omnivore
FengQ_2015	SID531469	SID531469	stool	no	CRC	CRC	carcinoma	45	adult	female	22.15	AUT	no	IlluminaHiSeq	MoBio	25758642	50337835	4709508874	30	96	ERR688649;ERR688502	t2n0m0	54.0	67.0	152.0	4.7	Paolo_Manghi;Marisa_Metzger	omnivore
FengQ_2015	SID531663	SID531663	stool	no	adenoma	adenoma;hypertension	advancedadenoma	63	adult	male	25.65	AUT	no	IlluminaHiSeq	MoBio	25758642	48981946	4577460097	30	95	ERR710424;ERR710415	NA	129.0	80.0	190.0	5.4	Paolo_Manghi;Marisa_Metzger	omnivore
FengQ_2015	SID531766	SID531766	stool	no	CRC	CRC;T2D;fatty_liver;hypertension	carcinoma	72	senior	male	24.34	AUT	no	IlluminaHiSeq	MoBio	25758642	67005809	6222651115	30	96	ERR688650;ERR688503	t2n0m0	49.0	46.0	76.0	5.5	Paolo_Manghi;Marisa_Metzger	omnivore
FengQ_2015	SID531775	SID531775	stool	no	CRC	CRC;hypertension	carcinoma	77	senior	female	23.5	AUT	no	IlluminaHiSeq	MoBio	25758642	43379176	4032625247	30	96	ERR688651;ERR688504	t3n0m0	68.0	88.0	156.0	5.4	Paolo_Manghi;Marisa_Metzger	omnivore
FengQ_2015	SID532305	SID532305	stool	no	adenoma	adenoma;fatty_liver	advancedadenoma	56	adult	female	43.58	AUT	no	IlluminaHiSeq	MoBio	25758642	38807248	3549882460	30	94	ERR710425;ERR710416	NA	122.0	52.0	208.0	5.4	Paolo_Manghi;Marisa_Metzger	omnivore
FengQ_2015	SID532749	SID532749	stool	no	control	T2D;fatty_liver	NA	55	adult	male	27.76	AUT	no	IlluminaHiSeq	MoBio	25758642	48398731	4578546329	30	96	ERR710426;ERR710417	NA	223.0	42.0	139.0	6.3	Paolo_Manghi;Marisa_Metzger	omnivore
FengQ_2015	SID532779	SID532779	stool	no	control	hypertension	NA	70	senior	male	28.72	AUT	no	IlluminaHiSeq	MoBio	25758642	54785115	5187301664	30	96	ERR710427;ERR710418	NA	61.0	66.0	115.0	5.1	Paolo_Manghi;Marisa_Metzger	omnivore
FengQ_2015	SID532796	SID532796	stool	no	control	fatty_liver;hypertension	NA	73	senior	female	26.56	AUT	no	IlluminaHiSeq	MoBio	25758642	50845712	4754848864	30	95	ERR710428;ERR710419	NA	100.0	61.0	114.0	5.4	Paolo_Manghi;Marisa_Metzger	omnivore
FengQ_2015	SID532802	SID532802	stool	no	control	healthy	NA	68	senior	male	23.53	AUT	no	IlluminaHiSeq	MoBio	25758642	41480415	3868696049	30	96	ERR710429;ERR710420	NA	80.0	67.0	158.0	5.8	Paolo_Manghi;Marisa_Metzger	omnivore
FengQ_2015	SID532826	SID532826	stool	no	control	T2D;fatty_liver;hypertension	NA	78	senior	male	31.22	AUT	no	IlluminaHiSeq	MoBio	25758642	35346002	3348368467	30	97	ERR710430;ERR710421	NA	212.0	32.0	90.0	6.9	Paolo_Manghi;Marisa_Metzger	omnivore
FengQ_2015	SID532832	SID532832	stool	no	adenoma	adenoma;fatty_liver;hypertension	advancedadenoma	68	senior	female	27.55	AUT	no	IlluminaHiSeq	MoBio	25758642	42184599	3951224696	30	96	ERR710431;ERR710422	NA	141.0	51.0	184.0	5.6	Paolo_Manghi;Marisa_Metzger	omnivore
FengQ_2015	SID532915	SID532915	stool	no	control	healthy	NA	43	adult	female	22.65	AUT	no	IlluminaHiSeq	MoBio	25758642	51594677	4886998833	30	96	ERR710432;ERR710423	NA	51.0	80.0	132.0	5.1	Paolo_Manghi;Marisa_Metzger	omnivore
