study_name	sample_id	subject_id	body_site	study_condition	disease	age	age_category	country	non_westernized	sequencing_platform	PMID	number_reads	number_bases	minimum_read_length	median_read_length	NCBI_accession	curator
GopalakrishnanV_2018	SAMEA104335965	SAMEA104335965	stool	melanoma	melanoma;metastases	NA	adult	USA	no	IlluminaHiSeq	29097493	34574954	3487237472	50	101	ERR2162224	Giacomo_DAmato
GopalakrishnanV_2018	SAMEA104335964	SAMEA104335964	stool	melanoma	melanoma;metastases	NA	adult	USA	no	IlluminaHiSeq	29097493	26816014	2706277948	1	101	ERR2162223	Giacomo_DAmato
GopalakrishnanV_2018	SAMEA104335963	SAMEA104335963	stool	melanoma	melanoma;metastases	NA	adult	USA	no	IlluminaHiSeq	29097493	26630098	2686994478	1	101	ERR2162222	Giacomo_DAmato
GopalakrishnanV_2018	SAMEA104335962	SAMEA104335962	stool	melanoma	melanoma;metastases	NA	adult	USA	no	IlluminaHiSeq	29097493	37961480	3829627404	50	101	ERR2162221	Giacomo_DAmato
GopalakrishnanV_2018	SAMEA104335961	SAMEA104335961	stool	melanoma	melanoma;metastases	NA	adult	USA	no	IlluminaHiSeq	29097493	34617072	3493741940	50	101	ERR2162220	Giacomo_DAmato
GopalakrishnanV_2018	SAMEA104335960	SAMEA104335960	stool	melanoma	melanoma;metastases	NA	adult	USA	no	IlluminaHiSeq	29097493	32648702	3294499212	1	101	ERR2162219	Giacomo_DAmato
GopalakrishnanV_2018	SAMEA104335959	SAMEA104335959	stool	melanoma	melanoma;metastases	NA	adult	USA	no	IlluminaHiSeq	29097493	25889100	2612743394	50	101	ERR2162218	Giacomo_DAmato
GopalakrishnanV_2018	SAMEA104335958	SAMEA104335958	stool	melanoma	melanoma;metastases	NA	adult	USA	no	IlluminaHiSeq	29097493	27067622	2732143398	50	101	ERR2162217	Giacomo_DAmato
GopalakrishnanV_2018	SAMEA104335957	SAMEA104335957	stool	melanoma	melanoma;metastases	NA	adult	USA	no	IlluminaHiSeq	29097493	43032626	4343015126	50	101	ERR2162216	Giacomo_DAmato
GopalakrishnanV_2018	SAMEA104335956	SAMEA104335956	stool	melanoma	melanoma;metastases	NA	adult	USA	no	IlluminaHiSeq	29097493	36468814	3680287272	50	101	ERR2162215	Giacomo_DAmato
GopalakrishnanV_2018	SAMEA104335955	SAMEA104335955	stool	melanoma	melanoma;metastases	NA	adult	USA	no	IlluminaHiSeq	29097493	30640462	3091838840	50	101	ERR2162214	Giacomo_DAmato
GopalakrishnanV_2018	SAMEA104335954	SAMEA104335954	stool	melanoma	melanoma;metastases	NA	adult	USA	no	IlluminaHiSeq	29097493	40281468	4064042118	50	101	ERR2162213	Giacomo_DAmato
GopalakrishnanV_2018	SAMEA104335953	SAMEA104335953	stool	melanoma	melanoma;metastases	NA	adult	USA	no	IlluminaHiSeq	29097493	38239332	3857928782	50	101	ERR2162212	Giacomo_DAmato
GopalakrishnanV_2018	SAMEA104335952	SAMEA104335952	stool	melanoma	melanoma;metastases	NA	adult	USA	no	IlluminaHiSeq	29097493	39449540	3980512018	50	101	ERR2162211	Giacomo_DAmato
GopalakrishnanV_2018	SAMEA104335951	SAMEA104335951	stool	melanoma	melanoma;metastases	NA	adult	USA	no	IlluminaHiSeq	29097493	28664260	2883976432	50	101	ERR2162210	Giacomo_DAmato
GopalakrishnanV_2018	SAMEA104335950	SAMEA104335950	stool	melanoma	melanoma;metastases	NA	adult	USA	no	IlluminaHiSeq	29097493	40012404	4038478938	50	101	ERR2162209	Giacomo_DAmato
GopalakrishnanV_2018	SAMEA104335949	SAMEA104335949	stool	melanoma	melanoma;metastases	NA	adult	USA	no	IlluminaHiSeq	29097493	37958044	3827122836	50	101	ERR2162208	Giacomo_DAmato
GopalakrishnanV_2018	SAMEA104335948	SAMEA104335948	stool	melanoma	melanoma;metastases	NA	adult	USA	no	IlluminaHiSeq	29097493	17865258	1794932552	50	101	ERR2162207	Giacomo_DAmato
GopalakrishnanV_2018	SAMEA104335947	SAMEA104335947	stool	melanoma	melanoma;metastases	NA	adult	USA	no	IlluminaHiSeq	29097493	26992914	2708042492	50	101	ERR2162206	Giacomo_DAmato
GopalakrishnanV_2018	SAMEA104335946	SAMEA104335946	stool	melanoma	melanoma;metastases	NA	adult	USA	no	IlluminaHiSeq	29097493	43232230	4351967786	50	101	ERR2162205	Giacomo_DAmato
GopalakrishnanV_2018	SAMEA104335945	SAMEA104335945	stool	melanoma	melanoma;metastases	NA	adult	USA	no	IlluminaHiSeq	29097493	16126390	1624752234	50	101	ERR2162204	Giacomo_DAmato
GopalakrishnanV_2018	SAMEA104335944	SAMEA104335944	stool	melanoma	melanoma;metastases	NA	adult	USA	no	IlluminaHiSeq	29097493	17414768	1754757126	50	101	ERR2162203	Giacomo_DAmato
GopalakrishnanV_2018	SAMEA104335943	SAMEA104335943	stool	melanoma	melanoma;metastases	NA	adult	USA	no	IlluminaHiSeq	29097493	41627948	4176076444	50	101	ERR2162202	Giacomo_DAmato
GopalakrishnanV_2018	SAMEA104335942	SAMEA104335942	stool	melanoma	melanoma;metastases	NA	adult	USA	no	IlluminaHiSeq	29097493	27836026	2797690466	50	101	ERR2162201	Giacomo_DAmato
GopalakrishnanV_2018	SAMEA104335941	SAMEA104335941	stool	melanoma	melanoma;metastases	NA	adult	USA	no	IlluminaHiSeq	29097493	24442606	2459006876	50	101	ERR2162200	Giacomo_DAmato
