study_name	sample_id	subject_id	body_site	antibiotics_current_use	study_condition	disease	age	age_category	gender	BMI	country	location	non_westernized	sequencing_platform	DNA_extraction_kit	PMID	number_reads	number_bases	minimum_read_length	median_read_length	NCBI_accession	fobt	curator
HanniganGD_2017	MG100208	HanniganGD_2017_A29	stool	no	adenoma	adenoma	45	adult	female	31.62627648	CAN	Toronto	no	IlluminaHiSeq	MoBio	30459201	6133350	763336051	75	126	SRR5665080	no	Paolo_Manghi
HanniganGD_2017	MG100207	HanniganGD_2017_A28	stool	no	adenoma	adenoma	50	adult	male	31.67346939	CAN	Toronto	no	IlluminaHiSeq	MoBio	30459201	9320348	1161633690	75	126	SRR5665075	no	Paolo_Manghi
HanniganGD_2017	MG100206	HanniganGD_2017_A27	stool	no	adenoma	adenoma	68	senior	male	25.21625331	CAN	Toronto	no	IlluminaHiSeq	MoBio	30459201	6342570	787897159	75	126	SRR5665074	no	Paolo_Manghi
HanniganGD_2017	MG100205	HanniganGD_2017_A26	stool	no	adenoma	adenoma	80	senior	female	28.71972318	CAN	Toronto	no	IlluminaHiSeq	MoBio	30459201	12551662	1562374319	75	126	SRR5665073	no	Paolo_Manghi
HanniganGD_2017	MG100204	HanniganGD_2017_A25	stool	no	adenoma	adenoma	63	adult	female	27.33564014	CAN	Toronto	no	IlluminaHiSeq	MoBio	30459201	15176232	1883682219	75	126	SRR5665072	no	Paolo_Manghi
HanniganGD_2017	MG100203	HanniganGD_2017_A24	stool	no	adenoma	adenoma	67	senior	female	25.5588462	CAN	Toronto	no	IlluminaHiSeq	MoBio	30459201	8180768	1017721164	75	126	SRR5665079	no	Paolo_Manghi
HanniganGD_2017	MG100202	HanniganGD_2017_A23	stool	no	adenoma	adenoma	64	adult	male	25.05736022	CAN	Toronto	no	IlluminaHiSeq	MoBio	30459201	5502292	682604286	75	126	SRR5665078	no	Paolo_Manghi
HanniganGD_2017	MG100201	HanniganGD_2017_A22	stool	no	adenoma	adenoma	68	senior	female	31.58861341	CAN	Toronto	no	IlluminaHiSeq	MoBio	30459201	7447616	925042865	75	126	SRR5665077	no	Paolo_Manghi
HanniganGD_2017	MG100200	HanniganGD_2017_A21	stool	no	adenoma	adenoma	50	adult	female	23.828125	CAN	Toronto	no	IlluminaHiSeq	MoBio	30459201	2673274	331955334	75	125	SRR5665076	no	Paolo_Manghi
HanniganGD_2017	MG100199	HanniganGD_2017_A20	stool	no	adenoma	adenoma	47	adult	female	24.22145329	USA	AnnArbor	no	IlluminaHiSeq	MoBio	30459201	4172300	520248981	75	126	SRR5665134	no	Paolo_Manghi
HanniganGD_2017	MG100198	HanniganGD_2017_A19	stool	no	adenoma	adenoma	61	adult	female	21.33821064	CAN	Toronto	no	IlluminaHiSeq	MoBio	30459201	4192976	523220008	75	126	SRR5665135	no	Paolo_Manghi
HanniganGD_2017	MG100196	HanniganGD_2017_A17	stool	no	adenoma	adenoma	53	adult	male	28.73467206	CAN	Toronto	no	IlluminaHiSeq	MoBio	30459201	3756000	468458028	75	126	SRR5665139	no	Paolo_Manghi
HanniganGD_2017	MG100195	HanniganGD_2017_A16	stool	no	adenoma	adenoma	47	adult	male	27.82931354	CAN	Toronto	no	IlluminaHiSeq	MoBio	30459201	5210030	649073139	75	126	SRR5665136	yes	Paolo_Manghi
HanniganGD_2017	MG100194	HanniganGD_2017_A15	stool	no	adenoma	adenoma	64	adult	male	27.76979795	CAN	Toronto	no	IlluminaHiSeq	MoBio	30459201	4399222	547643145	75	126	SRR5665137	no	Paolo_Manghi
HanniganGD_2017	MG100193	HanniganGD_2017_A14	stool	no	adenoma	adenoma	72	senior	female	21.1552942	CAN	Toronto	no	IlluminaHiSeq	MoBio	30459201	3985802	496849984	75	126	SRR5665142	no	Paolo_Manghi
HanniganGD_2017	MG100192	HanniganGD_2017_A13	stool	no	adenoma	adenoma	62	adult	male	28.40909091	CAN	Toronto	no	IlluminaHiSeq	MoBio	30459201	4364706	543771467	75	126	SRR5665143	no	Paolo_Manghi
HanniganGD_2017	MG100191	HanniganGD_2017_A12	stool	no	adenoma	adenoma	82	senior	male	35.79604579	CAN	Toronto	no	IlluminaHiSeq	MoBio	30459201	4139714	516167997	75	126	SRR5665140	no	Paolo_Manghi
HanniganGD_2017	MG100190	HanniganGD_2017_A11	stool	no	adenoma	adenoma	65	senior	female	20.82093992	CAN	Toronto	no	IlluminaHiSeq	MoBio	30459201	2645556	330262785	75	126	SRR5665141	yes	Paolo_Manghi
HanniganGD_2017	MG100189	HanniganGD_2017_A10	stool	no	adenoma	adenoma	37	adult	male	24.38271605	CAN	Toronto	no	IlluminaHiSeq	MoBio	30459201	2704534	336788760	75	126	SRR5665115	no	Paolo_Manghi
HanniganGD_2017	MG100188	HanniganGD_2017_A09	stool	no	adenoma	adenoma	73	senior	male	25.60553633	CAN	Toronto	no	IlluminaHiSeq	MoBio	30459201	2025988	252696214	75	126	SRR5665114	yes	Paolo_Manghi
HanniganGD_2017	MG100187	HanniganGD_2017_A07	stool	no	adenoma	adenoma	71	senior	male	29.06574394	CAN	Toronto	no	IlluminaHiSeq	MoBio	30459201	52356	6483099	75	126	SRR5665117	no	Paolo_Manghi
HanniganGD_2017	MG100186	HanniganGD_2017_A06	stool	no	adenoma	adenoma	58	adult	male	39.50617284	USA	AnnArbor	no	IlluminaHiSeq	MoBio	30459201	2460376	306706766	75	126	SRR5665116	yes	Paolo_Manghi
HanniganGD_2017	MG100185	HanniganGD_2017_A05	stool	no	adenoma	adenoma	63	adult	male	32.41003709	CAN	Toronto	no	IlluminaHiSeq	MoBio	30459201	2668328	331095421	75	126	SRR5665119	no	Paolo_Manghi
HanniganGD_2017	MG100184	HanniganGD_2017_A04	stool	no	adenoma	adenoma	64	adult	male	21.60493827	USA	AnnArbor	no	IlluminaHiSeq	MoBio	30459201	5033926	627883959	75	126	SRR5665118	no	Paolo_Manghi
HanniganGD_2017	MG100182	HanniganGD_2017_A02	stool	no	adenoma	adenoma	61	adult	female	26.12244898	USA	AnnArbor	no	IlluminaHiSeq	MoBio	30459201	12140204	1510153677	75	126	SRR5665120	no	Paolo_Manghi
HanniganGD_2017	MG100181	HanniganGD_2017_A01	stool	no	adenoma	adenoma	76	senior	male	22.98190175	CAN	Toronto	no	IlluminaHiSeq	MoBio	30459201	10102332	1253480545	75	126	SRR5665123	no	Paolo_Manghi
HanniganGD_2017	MG100180	HanniganGD_2017_H30	stool	no	control	healthy	63	adult	female	32.8125	USA	Boston	no	IlluminaHiSeq	MoBio	30459201	21182166	2636134209	75	126	SRR5665122	no	Paolo_Manghi
HanniganGD_2017	MG100179	HanniganGD_2017_H29	stool	no	control	healthy	51	adult	female	29.721079100000004	USA	Boston	no	IlluminaHiSeq	MoBio	30459201	10855718	1349678317	75	126	SRR5665186	no	Paolo_Manghi
HanniganGD_2017	MG100178	HanniganGD_2017_H28	stool	no	control	healthy	46	adult	female	21.33821064	USA	Boston	no	IlluminaHiSeq	MoBio	30459201	18102008	2256749848	75	126	SRR5665187	no	Paolo_Manghi
HanniganGD_2017	MG100177	HanniganGD_2017_H26	stool	no	control	healthy	49	adult	male	24.93074792	USA	Houston	no	IlluminaHiSeq	MoBio	30459201	4072828	506367839	75	126	SRR5665178	no	Paolo_Manghi
HanniganGD_2017	MG100176	HanniganGD_2017_H25	stool	no	control	healthy	42	adult	male	27.71768524	USA	Houston	no	IlluminaHiSeq	MoBio	30459201	5679008	705484441	75	126	SRR5665179	no	Paolo_Manghi
HanniganGD_2017	MG100175	HanniganGD_2017_H24	stool	no	control	healthy	51	adult	male	21.10726644	USA	Houston	no	IlluminaHiSeq	MoBio	30459201	11241278	1399435776	75	126	SRR5665180	no	Paolo_Manghi
HanniganGD_2017	MG100174	HanniganGD_2017_H23	stool	no	control	healthy	56	adult	female	21.1552942	USA	Houston	no	IlluminaHiSeq	MoBio	30459201	7801592	971871839	75	126	SRR5665181	no	Paolo_Manghi
HanniganGD_2017	MG100173	HanniganGD_2017_H22	stool	no	control	healthy	58	adult	male	29.04657027	USA	Houston	no	IlluminaHiSeq	MoBio	30459201	11886888	1475010313	75	126	SRR5665182	no	Paolo_Manghi
HanniganGD_2017	MG100172	HanniganGD_2017_H21	stool	no	control	healthy	61	adult	male	24.81632653	USA	Houston	no	IlluminaHiSeq	MoBio	30459201	5352832	667010718	75	126	SRR5665183	no	Paolo_Manghi
HanniganGD_2017	MG100171	HanniganGD_2017_H20	stool	no	control	healthy	75	senior	female	23.52941176	USA	AnnArbor	no	IlluminaHiSeq	MoBio	30459201	9336134	1162883767	75	126	SRR5665184	no	Paolo_Manghi
HanniganGD_2017	MG100170	HanniganGD_2017_H19	stool	no	control	healthy	54	adult	female	33.56401384	USA	AnnArbor	no	IlluminaHiSeq	MoBio	30459201	5920646	736381301	75	126	SRR5665185	no	Paolo_Manghi
HanniganGD_2017	MG100169	HanniganGD_2017_H17	stool	no	control	healthy	65	senior	male	33.05785124	USA	AnnArbor	no	IlluminaHiSeq	MoBio	30459201	3029258	377191200	75	126	SRR5665156	no	Paolo_Manghi
HanniganGD_2017	MG100168	HanniganGD_2017_H16	stool	no	control	healthy	57	adult	female	23.80540166	USA	Houston	no	IlluminaHiSeq	MoBio	30459201	7524086	935525057	75	126	SRR5665155	no	Paolo_Manghi
HanniganGD_2017	MG100167	HanniganGD_2017_H15	stool	no	control	healthy	51	adult	female	21.33821064	USA	AnnArbor	no	IlluminaHiSeq	MoBio	30459201	6041774	752036731	75	126	SRR5665164	no	Paolo_Manghi
HanniganGD_2017	MG100166	HanniganGD_2017_H14	stool	no	control	healthy	61	adult	female	20.74755019	USA	Boston	no	IlluminaHiSeq	MoBio	30459201	8698664	1082359356	75	126	SRR5665163	no	Paolo_Manghi
HanniganGD_2017	MG100165	HanniganGD_2017_H13	stool	no	control	healthy	45	adult	female	33.15043439	USA	AnnArbor	no	IlluminaHiSeq	MoBio	30459201	11712932	1460009052	75	126	SRR5665162	no	Paolo_Manghi
HanniganGD_2017	MG100164	HanniganGD_2017_H12	stool	no	control	healthy	51	adult	female	30.42184965	USA	AnnArbor	no	IlluminaHiSeq	MoBio	30459201	2521950	314344000	75	126	SRR5665161	no	Paolo_Manghi
HanniganGD_2017	MG100163	HanniganGD_2017_H11	stool	no	control	healthy	55	adult	female	37.78272346	USA	Houston	no	IlluminaHiSeq	MoBio	30459201	330750	41203287	75	126	SRR5665160	no	Paolo_Manghi
HanniganGD_2017	MG100162	HanniganGD_2017_H10	stool	no	control	healthy	51	adult	male	25.0995016	USA	Houston	no	IlluminaHiSeq	MoBio	30459201	2294514	285954703	75	126	SRR5665159	no	Paolo_Manghi
HanniganGD_2017	MG100161	HanniganGD_2017_H09	stool	no	control	healthy	35	adult	female	35.49786654	USA	Houston	no	IlluminaHiSeq	MoBio	30459201	5793618	719074030	75	126	SRR5665158	no	Paolo_Manghi
HanniganGD_2017	MG100160	HanniganGD_2017_H08	stool	no	control	healthy	65	senior	male	26.56683975	CAN	Toronto	no	IlluminaHiSeq	MoBio	30459201	2959348	368712290	75	126	SRR5665157	no	Paolo_Manghi
HanniganGD_2017	MG100159	HanniganGD_2017_H07	stool	no	control	healthy	52	adult	male	24.76756592	USA	Houston	no	IlluminaHiSeq	MoBio	30459201	9031080	1122607451	75	126	SRR5665049	no	Paolo_Manghi
HanniganGD_2017	MG100158	HanniganGD_2017_H06	stool	no	control	healthy	75	senior	male	25.25951557	USA	Houston	no	IlluminaHiSeq	MoBio	30459201	7233984	899865279	75	126	SRR5665050	no	Paolo_Manghi
HanniganGD_2017	MG100157	HanniganGD_2017_H05	stool	no	control	healthy	52	adult	female	20.56932966	USA	Houston	no	IlluminaHiSeq	MoBio	30459201	6078718	756831578	75	126	SRR5665047	no	Paolo_Manghi
HanniganGD_2017	MG100156	HanniganGD_2017_H04	stool	no	control	healthy	44	adult	female	25.96952909	USA	Houston	no	IlluminaHiSeq	MoBio	30459201	5064770	629428694	75	126	SRR5665048	no	Paolo_Manghi
HanniganGD_2017	MG100155	HanniganGD_2017_H03	stool	no	control	healthy	54	adult	male	31.60011491	USA	Houston	no	IlluminaHiSeq	MoBio	30459201	3659936	456010285	75	126	SRR5665045	no	Paolo_Manghi
HanniganGD_2017	MG100154	HanniganGD_2017_H02	stool	no	control	healthy	69	senior	female	18.66201469	CAN	Toronto	no	IlluminaHiSeq	MoBio	30459201	10295240	1281380024	75	126	SRR5665046	no	Paolo_Manghi
HanniganGD_2017	MG100153	HanniganGD_2017_H01	stool	no	control	healthy	65	adult	female	21.51385851	CAN	Toronto	no	IlluminaHiSeq	MoBio	30459201	10217384	1267666004	75	126	SRR5665043	no	Paolo_Manghi
HanniganGD_2017	MG100152	HanniganGD_2017_C30	stool	no	CRC	CRC	57	adult	male	34.47772096	CAN	Toronto	no	IlluminaHiSeq	MoBio	30459201	6964066	866112898	75	126	SRR5665044	yes	Paolo_Manghi
HanniganGD_2017	MG100151	HanniganGD_2017_C29	stool	no	CRC	CRC	59	adult	male	23.082542	USA	Boston	no	IlluminaHiSeq	MoBio	30459201	7611462	946733673	75	126	SRR5665041	yes	Paolo_Manghi
HanniganGD_2017	MG100150	HanniganGD_2017_C28	stool	no	CRC	CRC	73	senior	female	21.62064772	CAN	Toronto	no	IlluminaHiSeq	MoBio	30459201	5317176	661376565	75	126	SRR5665042	no	Paolo_Manghi
HanniganGD_2017	MG100149	HanniganGD_2017_C27	stool	no	CRC	CRC	59	adult	female	29.75206612	USA	Boston	no	IlluminaHiSeq	MoBio	30459201	4678900	581571081	75	126	SRR5665033	yes	Paolo_Manghi
HanniganGD_2017	MG100148	HanniganGD_2017_C26	stool	no	CRC	CRC	43	adult	male	46.36734694	USA	AnnArbor	no	IlluminaHiSeq	MoBio	30459201	3292898	409314397	75	126	SRR5665032	no	Paolo_Manghi
HanniganGD_2017	MG100147	HanniganGD_2017_C25	stool	no	CRC	CRC	60	adult	female	27.82931354	USA	Houston	no	IlluminaHiSeq	MoBio	30459201	6285516	780091878	75	126	SRR5665029	no	Paolo_Manghi
HanniganGD_2017	MG100146	HanniganGD_2017_C24	stool	no	CRC	CRC	48	adult	male	32.90665379	USA	Boston	no	IlluminaHiSeq	MoBio	30459201	6928748	860991653	75	126	SRR5665028	yes	Paolo_Manghi
HanniganGD_2017	MG100145	HanniganGD_2017_C23	stool	no	CRC	CRC	64	adult	female	24.38237298	USA	Houston	no	IlluminaHiSeq	MoBio	30459201	9724858	1211600787	75	126	SRR5665031	no	Paolo_Manghi
HanniganGD_2017	MG100144	HanniganGD_2017_C22	stool	no	CRC	CRC	51	adult	female	23.66143862	USA	Boston	no	IlluminaHiSeq	MoBio	30459201	9621882	1193404715	75	126	SRR5665030	no	Paolo_Manghi
HanniganGD_2017	MG100143	HanniganGD_2017_C20	stool	no	CRC	CRC	58	adult	male	29.68495643	USA	Houston	no	IlluminaHiSeq	MoBio	30459201	4836288	602503697	75	126	SRR5665025	no	Paolo_Manghi
HanniganGD_2017	MG100142	HanniganGD_2017_C19	stool	no	CRC	CRC	71	senior	male	32.32323232	USA	AnnArbor	no	IlluminaHiSeq	MoBio	30459201	17146	2086283	75	125	SRR5665024	yes	Paolo_Manghi
HanniganGD_2017	MG100141	HanniganGD_2017_C18	stool	no	CRC	CRC	52	adult	male	28.7037037	USA	AnnArbor	no	IlluminaHiSeq	MoBio	30459201	7718414	958957029	75	126	SRR5665027	no	Paolo_Manghi
HanniganGD_2017	MG100140	HanniganGD_2017_C17	stool	no	CRC	CRC	43	adult	male	23.87543253	USA	Houston	no	IlluminaHiSeq	MoBio	30459201	4833608	602192124	75	126	SRR5665026	no	Paolo_Manghi
HanniganGD_2017	MG100139	HanniganGD_2017_C16	stool	no	CRC	CRC	63	adult	male	30.83653053	USA	Houston	no	IlluminaHiSeq	MoBio	30459201	6661922	830453874	75	126	SRR5665103	yes	Paolo_Manghi
HanniganGD_2017	MG100138	HanniganGD_2017_C15	stool	no	CRC	CRC	61	adult	male	34.90026578	USA	AnnArbor	no	IlluminaHiSeq	MoBio	30459201	5941034	739942965	75	126	SRR5665053	yes	Paolo_Manghi
HanniganGD_2017	MG100137	HanniganGD_2017_C14	stool	no	CRC	CRC	49	adult	male	NA	USA	AnnArbor	no	IlluminaHiSeq	MoBio	30459201	4370134	541601310	75	126	SRR5665058	yes	Paolo_Manghi
HanniganGD_2017	MG100136	HanniganGD_2017_C13	stool	no	CRC	CRC	55	adult	male	57.46349378	USA	Boston	no	IlluminaHiSeq	MoBio	30459201	6787334	845085642	75	126	SRR5665059	no	Paolo_Manghi
HanniganGD_2017	MG100134	HanniganGD_2017_C11	stool	no	CRC	CRC	47	adult	female	26.37023814	USA	Boston	no	IlluminaHiSeq	MoBio	30459201	6105000	758910268	75	126	SRR5665061	no	Paolo_Manghi
HanniganGD_2017	MG100133	HanniganGD_2017_C10	stool	no	CRC	CRC	69	senior	male	26.70362358	USA	Boston	no	IlluminaHiSeq	MoBio	30459201	9707904	1208505568	75	126	SRR5665054	no	Paolo_Manghi
HanniganGD_2017	MG100132	HanniganGD_2017_C09	stool	no	CRC	CRC	51	adult	female	35.49786654	USA	Houston	no	IlluminaHiSeq	MoBio	30459201	14630940	1816500218	75	126	SRR5665055	no	Paolo_Manghi
HanniganGD_2017	MG100131	HanniganGD_2017_C08	stool	no	CRC	CRC	56	adult	male	32.65306122	USA	Houston	no	IlluminaHiSeq	MoBio	30459201	5569662	693577210	75	126	SRR5665056	yes	Paolo_Manghi
HanniganGD_2017	MG100130	HanniganGD_2017_C06	stool	no	CRC	CRC	69	senior	male	26.2345679	USA	Houston	no	IlluminaHiSeq	MoBio	30459201	5011214	623336859	75	126	SRR5665057	no	Paolo_Manghi
HanniganGD_2017	MG100129	HanniganGD_2017_C05	stool	no	CRC	CRC	37	adult	male	35.11123879	USA	Houston	no	IlluminaHiSeq	MoBio	30459201	7180402	891959475	75	126	SRR5665052	yes	Paolo_Manghi
HanniganGD_2017	MG100128	HanniganGD_2017_C04	stool	no	CRC	CRC	88	senior	male	26.29656684	USA	Houston	no	IlluminaHiSeq	MoBio	30459201	6329070	787577657	75	126	SRR5665051	no	Paolo_Manghi
HanniganGD_2017	MG100127	HanniganGD_2017_C03	stool	no	CRC	CRC	69	senior	male	27.75748722	USA	Houston	no	IlluminaHiSeq	MoBio	30459201	4969190	618186207	75	126	SRR5665035	no	Paolo_Manghi
HanniganGD_2017	MG100126	HanniganGD_2017_C02	stool	no	CRC	CRC	59	adult	male	28.73469388	USA	Boston	no	IlluminaHiSeq	MoBio	30459201	5023590	624867363	75	126	SRR5665034	no	Paolo_Manghi
HanniganGD_2017	MG100125	HanniganGD_2017_C01	stool	no	CRC	CRC	70	senior	male	23.30668005	USA	Houston	no	IlluminaHiSeq	MoBio	30459201	5090156	634385981	75	126	SRR5665144	no	Paolo_Manghi
