study_name	sample_id	subject_id	body_site	antibiotics_current_use	study_condition	disease	age	age_category	gender	BMI	country	location	non_westernized	days_from_first_collection	sequencing_platform	PMID	number_reads	number_bases	minimum_read_length	median_read_length	NCBI_accession	curator	uncurated_metadata
HansenLBS_2018	SID5420-2	SID5420	stool	no	control	healthy	45	adult	male	29.36222405	DNK	Copenhagen	no	56	IlluminaHiSeq	30425247	20433170	2043317000	100	100	SRR8097415	Giacomo_DAmato	low_gluten_diet
HansenLBS_2018	SID5420-1	SID5420	stool	no	control	healthy	45	adult	male	30.01736496	DNK	Copenhagen	no	0	IlluminaHiSeq	30425247	61024948	6102494800	100	100	SRR8097416	Giacomo_DAmato	low_gluten_diet
HansenLBS_2018	SID5419-1	SID5419	stool	no	control	healthy	38	adult	male	28.85352397	DNK	Copenhagen	no	NA	IlluminaHiSeq	30425247	62157630	6215763000	100	100	SRR8097417	Giacomo_DAmato	high_gluten_diet
HansenLBS_2018	SID5418-1	SID5418	stool	no	control	healthy	45	adult	male	29.37944507	DNK	Copenhagen	no	NA	IlluminaHiSeq	30425247	49298346	4929834600	100	100	SRR8097418	Giacomo_DAmato	high_gluten_diet
HansenLBS_2018	SID5452-1	SID5452	stool	no	control	healthy	62	adult	male	25.51988633	DNK	Copenhagen	no	NA	IlluminaHiSeq	30425247	55595452	5559545200	100	100	SRR8097419	Giacomo_DAmato	high_gluten_diet
HansenLBS_2018	SID5426-1	SID5426	stool	no	control	healthy	26	adult	female	29.25049252	DNK	Copenhagen	no	NA	IlluminaHiSeq	30425247	71785732	7178573200	100	100	SRR8097420	Giacomo_DAmato	low_gluten_diet
HansenLBS_2018	SID5420-3	SID5420	stool	no	control	healthy	45	adult	male	29.868469300000005	DNK	Copenhagen	no	105	IlluminaHiSeq	30425247	17403804	1740380400	100	100	SRR8097422	Giacomo_DAmato	high_gluten_diet
HansenLBS_2018	SID5465-1	SID5465	stool	no	control	healthy	34	adult	female	34.40166864	DNK	Copenhagen	no	NA	IlluminaHiSeq	30425247	73252946	7325294600	100	100	SRR8097423	Giacomo_DAmato	low_gluten_diet
HansenLBS_2018	SID5459-1	SID5459	stool	no	control	healthy	56	adult	male	27.94009713	DNK	Copenhagen	no	NA	IlluminaHiSeq	30425247	60549832	6054983200	100	100	SRR8097424	Giacomo_DAmato	high_gluten_diet
HansenLBS_2018	SID5429-4	SID5429	stool	no	control	healthy	51	adult	female	29.83024691	DNK	Copenhagen	no	154	IlluminaHiSeq	30425247	68069810	6806981000	100	100	SRR7989804	Giacomo_DAmato	high_gluten_diet
HansenLBS_2018	SID5429-3	SID5429	stool	no	control	healthy	51	adult	female	29.45987654	DNK	Copenhagen	no	98	IlluminaHiSeq	30425247	79579230	7957923000	100	100	SRR7989805	Giacomo_DAmato	high_gluten_diet
HansenLBS_2018	SID5428-2	SID5428	stool	no	control	healthy	53	adult	female	26.0593003	DNK	Copenhagen	no	56	IlluminaHiSeq	30425247	53793538	5379353800	100	100	SRR7989806	Giacomo_DAmato	high_gluten_diet
HansenLBS_2018	SID5428-1	SID5428	stool	no	control	healthy	53	adult	female	25.99090318	DNK	Copenhagen	no	0	IlluminaHiSeq	30425247	75961892	7596189200	100	100	SRR7989807	Giacomo_DAmato	high_gluten_diet
HansenLBS_2018	SID5427-4	SID5427	stool	no	control	healthy	49	adult	male	29.98818986	DNK	Copenhagen	no	154	IlluminaHiSeq	30425247	43403878	4340387800	100	100	SRR7989808	Giacomo_DAmato	low_gluten_diet
HansenLBS_2018	SID5427-3	SID5427	stool	no	control	healthy	49	adult	male	30.48293913	DNK	Copenhagen	no	98	IlluminaHiSeq	30425247	45956008	4595600800	100	100	SRR7989809	Giacomo_DAmato	low_gluten_diet
HansenLBS_2018	SID5429-2	SID5429	stool	no	control	healthy	51	adult	female	30.38580247	DNK	Copenhagen	no	56	IlluminaHiSeq	30425247	77886700	7788670000	100	100	SRR7989810	Giacomo_DAmato	low_gluten_diet
HansenLBS_2018	SID5429-1	SID5429	stool	no	control	healthy	51	adult	female	28.33333333	DNK	Copenhagen	no	0	IlluminaHiSeq	30425247	111915876	11191587600	100	100	SRR7989811	Giacomo_DAmato	low_gluten_diet
HansenLBS_2018	SID5428-4	SID5428	stool	no	control	healthy	53	adult	female	26.00800246	DNK	Copenhagen	no	154	IlluminaHiSeq	30425247	56942692	5694269200	100	100	SRR7989812	Giacomo_DAmato	low_gluten_diet
HansenLBS_2018	SID5428-3	SID5428	stool	no	control	healthy	53	adult	female	26.09349885	DNK	Copenhagen	no	98	IlluminaHiSeq	30425247	48639704	4863970400	100	100	SRR7989813	Giacomo_DAmato	low_gluten_diet
HansenLBS_2018	SID5444-2	SID5444	stool	no	control	healthy	27	adult	male	27.30106751	DNK	Copenhagen	no	60	IlluminaHiSeq	30425247	62940620	6294062000	100	100	SRR7989814	Giacomo_DAmato	low_gluten_diet
HansenLBS_2018	SID5458-3	SID5458	stool	no	control	healthy	64	adult	female	26.53468328	DNK	Copenhagen	no	124	IlluminaHiSeq	30425247	68260600	6826060000	100	100	SRR7989815	Giacomo_DAmato	low_gluten_diet
HansenLBS_2018	SID5458-4	SID5458	stool	no	control	healthy	64	adult	female	26.64759682	DNK	Copenhagen	no	180	IlluminaHiSeq	30425247	122121708	12212170800	100	100	SRR7989816	Giacomo_DAmato	low_gluten_diet
HansenLBS_2018	SID5458-1	SID5458	stool	no	control	healthy	64	adult	female	25.66901276	DNK	Copenhagen	no	0	IlluminaHiSeq	30425247	76904090	7690409000	100	100	SRR7989817	Giacomo_DAmato	high_gluten_diet
HansenLBS_2018	SID5458-2	SID5458	stool	no	control	healthy	64	adult	female	26.15830479	DNK	Copenhagen	no	56	IlluminaHiSeq	30425247	135428466	13542846600	100	100	SRR7989818	Giacomo_DAmato	high_gluten_diet
HansenLBS_2018	SID5460-3	SID5460	stool	no	control	healthy	55	adult	female	21.66732726	DNK	Copenhagen	no	124	IlluminaHiSeq	30425247	141031056	14103105600	100	100	SRR7989819	Giacomo_DAmato	high_gluten_diet
HansenLBS_2018	SID5460-4	SID5460	stool	no	control	healthy	55	adult	female	21.08931167	DNK	Copenhagen	no	180	IlluminaHiSeq	30425247	146151296	14615129600	100	100	SRR7989820	Giacomo_DAmato	high_gluten_diet
HansenLBS_2018	SID5460-1	SID5460	stool	no	control	healthy	55	adult	female	21.3205179	DNK	Copenhagen	no	0	IlluminaHiSeq	30425247	147405836	14740583600	100	100	SRR7989821	Giacomo_DAmato	low_gluten_diet
HansenLBS_2018	SID5460-2	SID5460	stool	no	control	healthy	55	adult	female	21.48566521	DNK	Copenhagen	no	55	IlluminaHiSeq	30425247	112220940	11222094000	100	100	SRR7989822	Giacomo_DAmato	low_gluten_diet
HansenLBS_2018	SID5461-1	SID5461	stool	no	control	healthy	52	adult	female	30.42502812	DNK	Copenhagen	no	0	IlluminaHiSeq	30425247	90870838	9087083800	100	100	SRR7989823	Giacomo_DAmato	high_gluten_diet
HansenLBS_2018	SID5461-2	SID5461	stool	no	control	healthy	52	adult	female	30.10173975	DNK	Copenhagen	no	56	IlluminaHiSeq	30425247	139638930	13963893000	100	100	SRR7989824	Giacomo_DAmato	high_gluten_diet
HansenLBS_2018	SID5467-1	SID5467	stool	no	control	healthy	63	adult	female	25.45083263	DNK	Copenhagen	no	0	IlluminaHiSeq	30425247	55720456	5572045600	100	100	SRR7989825	Giacomo_DAmato	low_gluten_diet
HansenLBS_2018	SID5467-2	SID5467	stool	no	control	healthy	63	adult	female	25.62193066	DNK	Copenhagen	no	57	IlluminaHiSeq	30425247	56875950	5687595000	100	100	SRR7989826	Giacomo_DAmato	low_gluten_diet
HansenLBS_2018	SID5467-3	SID5467	stool	no	control	healthy	63	adult	female	25.64331792	DNK	Copenhagen	no	113	IlluminaHiSeq	30425247	1415926	141592600	100	100	SRR7989827	Giacomo_DAmato	high_gluten_diet
HansenLBS_2018	SID5467-4	SID5467	stool	no	control	healthy	63	adult	female	25.27973459	DNK	Copenhagen	no	169	IlluminaHiSeq	30425247	60846814	6084681400	100	100	SRR7989828	Giacomo_DAmato	high_gluten_diet
HansenLBS_2018	SID5411-1	SID5411	stool	no	control	healthy	59	adult	male	30.56747885	DNK	Copenhagen	no	0	IlluminaHiSeq	30425247	37138442	3713844200	100	100	SRR7989829	Giacomo_DAmato	low_gluten_diet
HansenLBS_2018	SID5411-2	SID5411	stool	no	control	healthy	59	adult	male	30.457013	DNK	Copenhagen	no	56	IlluminaHiSeq	30425247	104623436	10462343600	100	100	SRR7989830	Giacomo_DAmato	low_gluten_diet
HansenLBS_2018	SID5466-3	SID5466	stool	no	control	healthy	61	adult	male	28.96285301	DNK	Copenhagen	no	177	IlluminaHiSeq	30425247	53246556	5324655600	100	100	SRR7989831	Giacomo_DAmato	high_gluten_diet
HansenLBS_2018	SID5466-4	SID5466	stool	no	control	healthy	61	adult	male	29.28229624	DNK	Copenhagen	no	231	IlluminaHiSeq	30425247	58640260	5864026000	100	100	SRR7989832	Giacomo_DAmato	high_gluten_diet
HansenLBS_2018	SID5468-1	SID5468	stool	no	control	healthy	54	adult	male	33.82716049	DNK	Copenhagen	no	0	IlluminaHiSeq	30425247	55799802	5579980200	100	100	SRR7989833	Giacomo_DAmato	high_gluten_diet
HansenLBS_2018	SID5468-2	SID5468	stool	no	control	healthy	54	adult	male	33.24074074	DNK	Copenhagen	no	55	IlluminaHiSeq	30425247	46386194	4638619400	100	100	SRR7989834	Giacomo_DAmato	high_gluten_diet
HansenLBS_2018	SID5434-1	SID5434	stool	no	control	healthy	22	adult	female	26.03656133	DNK	Copenhagen	no	0	IlluminaHiSeq	30425247	66613248	6661324800	100	100	SRR7989835	Giacomo_DAmato	high_gluten_diet
HansenLBS_2018	SID5434-2	SID5434	stool	no	control	healthy	22	adult	female	26.20785449	DNK	Copenhagen	no	56	IlluminaHiSeq	30425247	54863000	5486300000	100	100	SRR7989836	Giacomo_DAmato	high_gluten_diet
HansenLBS_2018	SID5434-3	SID5434	stool	no	control	healthy	22	adult	female	27.47542393	DNK	Copenhagen	no	113	IlluminaHiSeq	30425247	65885718	6588571800	100	100	SRR7989837	Giacomo_DAmato	low_gluten_diet
HansenLBS_2018	SID5434-4	SID5434	stool	no	control	healthy	22	adult	female	26.56757014	DNK	Copenhagen	no	171	IlluminaHiSeq	30425247	81340452	8134045200	100	100	SRR7989838	Giacomo_DAmato	low_gluten_diet
HansenLBS_2018	SID5433-1	SID5433	stool	no	control	healthy	60	adult	female	31.34503744	DNK	Copenhagen	no	0	IlluminaHiSeq	30425247	82012814	8201281400	100	100	SRR7989839	Giacomo_DAmato	low_gluten_diet
HansenLBS_2018	SID5433-2	SID5433	stool	no	control	healthy	60	adult	female	30.40219579	DNK	Copenhagen	no	56	IlluminaHiSeq	30425247	91058048	9105804800	100	100	SRR7989840	Giacomo_DAmato	low_gluten_diet
HansenLBS_2018	SID5433-3	SID5433	stool	no	control	healthy	60	adult	female	31.0070376	DNK	Copenhagen	no	105	IlluminaHiSeq	30425247	79501570	7950157000	100	100	SRR7989841	Giacomo_DAmato	high_gluten_diet
HansenLBS_2018	SID5433-4	SID5433	stool	no	control	healthy	60	adult	female	31.04261653	DNK	Copenhagen	no	161	IlluminaHiSeq	30425247	58339590	5833959000	100	100	SRR7989842	Giacomo_DAmato	high_gluten_diet
HansenLBS_2018	SID5435-1	SID5435	stool	no	control	healthy	65	adult	male	31.66888057	DNK	Copenhagen	no	0	IlluminaHiSeq	30425247	73350972	7335097200	100	100	SRR7989843	Giacomo_DAmato	high_gluten_diet
HansenLBS_2018	SID5435-2	SID5435	stool	no	control	healthy	65	adult	male	31.97077648	DNK	Copenhagen	no	56	IlluminaHiSeq	30425247	19869176	1986917600	100	100	SRR7989844	Giacomo_DAmato	high_gluten_diet
HansenLBS_2018	SID5442-4	SID5442	stool	no	control	healthy	54	adult	female	23.80827719	DNK	Copenhagen	no	154	IlluminaHiSeq	30425247	50956832	5095683200	100	100	SRR7989845	Giacomo_DAmato	high_gluten_diet
HansenLBS_2018	SID5454-4	SID5454	stool	no	control	healthy	54	adult	female	31.51763681	DNK	Copenhagen	no	164	IlluminaHiSeq	30425247	87655830	8765583000	100	100	SRR7989846	Giacomo_DAmato	low_gluten_diet
HansenLBS_2018	SID5454-3	SID5454	stool	no	control	healthy	54	adult	female	31.82609958	DNK	Copenhagen	no	108	IlluminaHiSeq	30425247	82567190	8256719000	100	100	SRR7989847	Giacomo_DAmato	low_gluten_diet
HansenLBS_2018	SID5455-2	SID5455	stool	no	control	healthy	52	adult	female	29.81332632	DNK	Copenhagen	no	56	IlluminaHiSeq	30425247	68427690	6842769000	100	100	SRR7989848	Giacomo_DAmato	high_gluten_diet
HansenLBS_2018	SID5455-1	SID5455	stool	no	control	healthy	52	adult	female	29.16324773	DNK	Copenhagen	no	0	IlluminaHiSeq	30425247	116652534	11665253400	100	100	SRR7989849	Giacomo_DAmato	high_gluten_diet
HansenLBS_2018	SID5455-4	SID5455	stool	no	control	healthy	52	adult	female	30.44534717	DNK	Copenhagen	no	149	IlluminaHiSeq	30425247	76233262	7623326200	100	100	SRR7989850	Giacomo_DAmato	low_gluten_diet
HansenLBS_2018	SID5455-3	SID5455	stool	no	control	healthy	52	adult	female	30.12030788	DNK	Copenhagen	no	98	IlluminaHiSeq	30425247	103401366	10340136600	100	100	SRR7989851	Giacomo_DAmato	low_gluten_diet
HansenLBS_2018	SID5457-2	SID5457	stool	no	control	healthy	30	adult	female	25.62195782	DNK	Copenhagen	no	62	IlluminaHiSeq	30425247	117906292	11790629200	100	100	SRR7989852	Giacomo_DAmato	low_gluten_diet
HansenLBS_2018	SID5457-1	SID5457	stool	no	control	healthy	30	adult	female	24.91211466	DNK	Copenhagen	no	0	IlluminaHiSeq	30425247	89565918	8956591800	100	100	SRR7989853	Giacomo_DAmato	low_gluten_diet
HansenLBS_2018	SID5457-4	SID5457	stool	no	control	healthy	30	adult	female	25.13182802	DNK	Copenhagen	no	174	IlluminaHiSeq	30425247	140955558	14095555800	100	100	SRR7989854	Giacomo_DAmato	high_gluten_diet
HansenLBS_2018	SID5457-3	SID5457	stool	no	control	healthy	30	adult	female	25.30083829	DNK	Copenhagen	no	118	IlluminaHiSeq	30425247	99629514	9962951400	100	100	SRR7989855	Giacomo_DAmato	high_gluten_diet
HansenLBS_2018	SID5443-3	SID5443	stool	no	control	healthy	42	adult	male	26.16029574	DNK	Copenhagen	no	95	IlluminaHiSeq	30425247	65030748	6503074800	100	100	SRR7989856	Giacomo_DAmato	low_gluten_diet
HansenLBS_2018	SID5462-2	SID5462	stool	no	control	healthy	38	adult	female	26.72483822	DNK	Copenhagen	no	56	IlluminaHiSeq	30425247	109600658	10960065800	100	100	SRR7989857	Giacomo_DAmato	high_gluten_diet
HansenLBS_2018	SID5462-1	SID5462	stool	no	control	healthy	38	adult	female	26.87087559	DNK	Copenhagen	no	0	IlluminaHiSeq	30425247	70858704	7085870400	100	100	SRR7989858	Giacomo_DAmato	high_gluten_diet
HansenLBS_2018	SID5461-4	SID5461	stool	no	control	healthy	52	adult	female	31.6283793	DNK	Copenhagen	no	231	IlluminaHiSeq	30425247	86047736	8604773600	100	100	SRR7989859	Giacomo_DAmato	low_gluten_diet
HansenLBS_2018	SID5461-3	SID5461	stool	no	control	healthy	52	adult	female	30.02989789	DNK	Copenhagen	no	175	IlluminaHiSeq	30425247	80203384	8020338400	100	100	SRR7989860	Giacomo_DAmato	low_gluten_diet
HansenLBS_2018	SID5463-2	SID5463	stool	no	control	healthy	52	adult	female	27.03287764	DNK	Copenhagen	no	56	IlluminaHiSeq	30425247	48114298	4811429800	100	100	SRR7989861	Giacomo_DAmato	low_gluten_diet
HansenLBS_2018	SID5463-1	SID5463	stool	no	control	healthy	52	adult	female	27.295163	DNK	Copenhagen	no	0	IlluminaHiSeq	30425247	90508874	9050887400	100	100	SRR7989862	Giacomo_DAmato	low_gluten_diet
HansenLBS_2018	SID5462-4	SID5462	stool	no	control	healthy	38	adult	female	26.81611157	DNK	Copenhagen	no	178	IlluminaHiSeq	30425247	117806264	11780626400	100	100	SRR7989863	Giacomo_DAmato	low_gluten_diet
HansenLBS_2018	SID5462-3	SID5462	stool	no	control	healthy	38	adult	female	26.83436624	DNK	Copenhagen	no	126	IlluminaHiSeq	30425247	78315592	7831559200	100	100	SRR7989864	Giacomo_DAmato	low_gluten_diet
HansenLBS_2018	SID5463-4	SID5463	stool	no	control	healthy	52	adult	female	27.03287764	DNK	Copenhagen	no	168	IlluminaHiSeq	30425247	43181968	4318196800	100	100	SRR7989865	Giacomo_DAmato	high_gluten_diet
HansenLBS_2018	SID5463-3	SID5463	stool	no	control	healthy	52	adult	female	27.59241974	DNK	Copenhagen	no	110	IlluminaHiSeq	30425247	39460190	3946019000	100	100	SRR7989866	Giacomo_DAmato	high_gluten_diet
HansenLBS_2018	SID5435-4	SID5435	stool	no	control	healthy	65	adult	male	30.70281367	DNK	Copenhagen	no	163	IlluminaHiSeq	30425247	93811182	9381118200	100	100	SRR7989867	Giacomo_DAmato	low_gluten_diet
HansenLBS_2018	SID5435-3	SID5435	stool	no	control	healthy	65	adult	male	31.35188987	DNK	Copenhagen	no	107	IlluminaHiSeq	30425247	91833880	9183388000	100	100	SRR7989868	Giacomo_DAmato	low_gluten_diet
HansenLBS_2018	SID5438-2	SID5438	stool	no	control	healthy	46	adult	female	33.25774754	DNK	Copenhagen	no	56	IlluminaHiSeq	30425247	67106862	6710686200	100	100	SRR7989869	Giacomo_DAmato	low_gluten_diet
HansenLBS_2018	SID5438-1	SID5438	stool	no	control	healthy	46	adult	female	32.71352986	DNK	Copenhagen	no	0	IlluminaHiSeq	30425247	78741976	7874197600	100	100	SRR7989870	Giacomo_DAmato	low_gluten_diet
HansenLBS_2018	SID5438-4	SID5438	stool	no	control	healthy	46	adult	female	32.45149912	DNK	Copenhagen	no	161	IlluminaHiSeq	30425247	61214178	6121417800	100	100	SRR7989871	Giacomo_DAmato	high_gluten_diet
HansenLBS_2018	SID5438-3	SID5438	stool	no	control	healthy	46	adult	female	32.27009322	DNK	Copenhagen	no	105	IlluminaHiSeq	30425247	96789856	9678985600	100	100	SRR7989872	Giacomo_DAmato	high_gluten_diet
HansenLBS_2018	SID5439-2	SID5439	stool	no	control	healthy	53	adult	female	27.66737815	DNK	Copenhagen	no	56	IlluminaHiSeq	30425247	65364884	6536488400	100	100	SRR7989873	Giacomo_DAmato	low_gluten_diet
HansenLBS_2018	SID5439-1	SID5439	stool	no	control	healthy	53	adult	female	27.60896707	DNK	Copenhagen	no	0	IlluminaHiSeq	30425247	87930658	8793065800	100	100	SRR7989874	Giacomo_DAmato	low_gluten_diet
HansenLBS_2018	SID5439-4	SID5439	stool	no	control	healthy	53	adult	female	27.62843743	DNK	Copenhagen	no	157	IlluminaHiSeq	30425247	45808680	4580868000	100	100	SRR7989875	Giacomo_DAmato	high_gluten_diet
HansenLBS_2018	SID5439-3	SID5439	stool	no	control	healthy	53	adult	female	28.07625566	DNK	Copenhagen	no	98	IlluminaHiSeq	30425247	81373326	8137332600	100	100	SRR7989876	Giacomo_DAmato	high_gluten_diet
HansenLBS_2018	SID5440-3	SID5440	stool	no	control	healthy	50	adult	male	27.93454567	DNK	Copenhagen	no	144	IlluminaHiSeq	30425247	84646532	8464653200	100	100	SRR7989877	Giacomo_DAmato	low_gluten_diet
HansenLBS_2018	SID5440-4	SID5440	stool	no	control	healthy	50	adult	male	27.41198603	DNK	Copenhagen	no	199	IlluminaHiSeq	30425247	75668508	7566850800	100	100	SRR7989878	Giacomo_DAmato	low_gluten_diet
HansenLBS_2018	SID5440-1	SID5440	stool	no	control	healthy	50	adult	male	27.00886858	DNK	Copenhagen	no	0	IlluminaHiSeq	30425247	923824	92382400	100	100	SRR7989879	Giacomo_DAmato	high_gluten_diet
HansenLBS_2018	SID5440-2	SID5440	stool	no	control	healthy	50	adult	male	27.80017319	DNK	Copenhagen	no	59	IlluminaHiSeq	30425247	94385312	9438531200	100	100	SRR7989880	Giacomo_DAmato	high_gluten_diet
HansenLBS_2018	SID5441-3	SID5441	stool	no	control	healthy	46	adult	female	30.19465546	DNK	Copenhagen	no	224	IlluminaHiSeq	30425247	25203988	2520398800	100	100	SRR7989881	Giacomo_DAmato	low_gluten_diet
HansenLBS_2018	SID5441-4	SID5441	stool	no	control	healthy	46	adult	female	30.2642685	DNK	Copenhagen	no	280	IlluminaHiSeq	30425247	76212178	7621217800	100	100	SRR7989882	Giacomo_DAmato	low_gluten_diet
HansenLBS_2018	SID5441-1	SID5441	stool	no	control	healthy	46	adult	female	31.56951297	DNK	Copenhagen	no	0	IlluminaHiSeq	30425247	68838030	6883803000	100	100	SRR7989883	Giacomo_DAmato	high_gluten_diet
HansenLBS_2018	SID5441-2	SID5441	stool	no	control	healthy	46	adult	female	31.60431949	DNK	Copenhagen	no	65	IlluminaHiSeq	30425247	76320332	7632033200	100	100	SRR7989884	Giacomo_DAmato	high_gluten_diet
HansenLBS_2018	SID5442-1	SID5442	stool	no	control	healthy	54	adult	female	24.12661446	DNK	Copenhagen	no	0	IlluminaHiSeq	30425247	46545412	4654541200	100	100	SRR7989885	Giacomo_DAmato	low_gluten_diet
HansenLBS_2018	SID5442-2	SID5442	stool	no	control	healthy	54	adult	female	23.50669451	DNK	Copenhagen	no	56	IlluminaHiSeq	30425247	69379418	6937941800	100	100	SRR7989886	Giacomo_DAmato	low_gluten_diet
HansenLBS_2018	SID5445-3	SID5445	stool	no	control	healthy	43	adult	male	31.56565392	DNK	Copenhagen	no	168	IlluminaHiSeq	30425247	68369530	6836953000	100	100	SRR7989887	Giacomo_DAmato	low_gluten_diet
HansenLBS_2018	SID5445-4	SID5445	stool	no	control	healthy	43	adult	male	31.18029827	DNK	Copenhagen	no	237	IlluminaHiSeq	30425247	75528432	7552843200	100	100	SRR7989888	Giacomo_DAmato	low_gluten_diet
HansenLBS_2018	SID5446-1	SID5446	stool	no	control	healthy	55	adult	female	28.93662968	DNK	Copenhagen	no	0	IlluminaHiSeq	30425247	83718280	8371828000	100	100	SRR7989889	Giacomo_DAmato	high_gluten_diet
HansenLBS_2018	SID5446-2	SID5446	stool	no	control	healthy	55	adult	female	29.57933375	DNK	Copenhagen	no	56	IlluminaHiSeq	30425247	64203018	6420301800	100	100	SRR7989890	Giacomo_DAmato	high_gluten_diet
HansenLBS_2018	SID5442-3	SID5442	stool	no	control	healthy	54	adult	female	23.80827719	DNK	Copenhagen	no	98	IlluminaHiSeq	30425247	65758338	6575833800	100	100	SRR7989891	Giacomo_DAmato	high_gluten_diet
HansenLBS_2018	SID5446-3	SID5446	stool	no	control	healthy	55	adult	female	29.68395999	DNK	Copenhagen	no	119	IlluminaHiSeq	30425247	72965642	7296564200	100	100	SRR7989892	Giacomo_DAmato	low_gluten_diet
HansenLBS_2018	SID5446-4	SID5446	stool	no	control	healthy	55	adult	female	29.01136271	DNK	Copenhagen	no	174	IlluminaHiSeq	30425247	95752344	9575234400	100	100	SRR7989893	Giacomo_DAmato	low_gluten_diet
HansenLBS_2018	SID5443-4	SID5443	stool	no	control	healthy	42	adult	male	26.03243506	DNK	Copenhagen	no	151	IlluminaHiSeq	30425247	66461394	6646139400	100	100	SRR7989894	Giacomo_DAmato	low_gluten_diet
HansenLBS_2018	SID5477-1	SID5477	stool	no	control	healthy	48	adult	female	24.60904271	DNK	Copenhagen	no	0	IlluminaHiSeq	30425247	85301892	8530189200	100	100	SRR7989895	Giacomo_DAmato	high_gluten_diet
HansenLBS_2018	SID5477-2	SID5477	stool	no	control	healthy	48	adult	female	24.75118881	DNK	Copenhagen	no	57	IlluminaHiSeq	30425247	80264742	8026474200	100	100	SRR7989896	Giacomo_DAmato	high_gluten_diet
HansenLBS_2018	SID5476-3	SID5476	stool	no	control	healthy	23	adult	female	27.89988698	DNK	Copenhagen	no	112	IlluminaHiSeq	30425247	93522284	9352228400	100	100	SRR7989897	Giacomo_DAmato	high_gluten_diet
HansenLBS_2018	SID5476-4	SID5476	stool	no	control	healthy	23	adult	female	28.40956015	DNK	Copenhagen	no	168	IlluminaHiSeq	30425247	98959424	9895942400	100	100	SRR7989898	Giacomo_DAmato	high_gluten_diet
HansenLBS_2018	SID5476-1	SID5476	stool	no	control	healthy	23	adult	female	26.2009764	DNK	Copenhagen	no	0	IlluminaHiSeq	30425247	93877366	9387736600	100	100	SRR7989899	Giacomo_DAmato	low_gluten_diet
HansenLBS_2018	SID5476-2	SID5476	stool	no	control	healthy	23	adult	female	26.16322283	DNK	Copenhagen	no	56	IlluminaHiSeq	30425247	83443080	8344308000	100	100	SRR7989900	Giacomo_DAmato	low_gluten_diet
HansenLBS_2018	SID5474-3	SID5474	stool	no	control	healthy	65	adult	female	43.15947919	DNK	Copenhagen	no	0	IlluminaHiSeq	30425247	60959596	6095959600	100	100	SRR7989901	Giacomo_DAmato	high_gluten_diet
HansenLBS_2018	SID5474-4	SID5474	stool	no	control	healthy	65	adult	female	43.58722428	DNK	Copenhagen	no	56	IlluminaHiSeq	30425247	49286312	4928631200	100	100	SRR7989902	Giacomo_DAmato	high_gluten_diet
HansenLBS_2018	SID5473-3	SID5473	stool	no	control	healthy	48	adult	male	26.0828424	DNK	Copenhagen	no	160	IlluminaHiSeq	30425247	67051730	6705173000	100	100	SRR7989903	Giacomo_DAmato	low_gluten_diet
HansenLBS_2018	SID5473-4	SID5473	stool	no	control	healthy	48	adult	male	25.44183633	DNK	Copenhagen	no	216	IlluminaHiSeq	30425247	53061522	5306152200	100	100	SRR7989904	Giacomo_DAmato	low_gluten_diet
HansenLBS_2018	SID5444-4	SID5444	stool	no	control	healthy	27	adult	male	27.46013093	DNK	Copenhagen	no	173	IlluminaHiSeq	30425247	73374096	7337409600	100	100	SRR7989905	Giacomo_DAmato	high_gluten_diet
HansenLBS_2018	SID5444-3	SID5444	stool	no	control	healthy	27	adult	male	28.02408307	DNK	Copenhagen	no	117	IlluminaHiSeq	30425247	71081330	7108133000	100	100	SRR7989906	Giacomo_DAmato	high_gluten_diet
HansenLBS_2018	SID5480-1	SID5480	stool	no	control	healthy	32	adult	female	26.523469899999995	DNK	Copenhagen	no	0	IlluminaHiSeq	30425247	88086934	8808693400	100	100	SRR7989907	Giacomo_DAmato	low_gluten_diet
HansenLBS_2018	SID5480-2	SID5480	stool	no	control	healthy	32	adult	female	26.99100225	DNK	Copenhagen	no	58	IlluminaHiSeq	30425247	116800132	11680013200	100	100	SRR7989908	Giacomo_DAmato	low_gluten_diet
HansenLBS_2018	SID5480-3	SID5480	stool	no	control	healthy	32	adult	female	28.62736548	DNK	Copenhagen	no	106	IlluminaHiSeq	30425247	90073842	9007384200	100	100	SRR7989909	Giacomo_DAmato	high_gluten_diet
HansenLBS_2018	SID5480-4	SID5480	stool	no	control	healthy	32	adult	female	27.96203098	DNK	Copenhagen	no	169	IlluminaHiSeq	30425247	94891280	9489128000	100	100	SRR7989910	Giacomo_DAmato	high_gluten_diet
HansenLBS_2018	SID5481-1	SID5481	stool	no	control	healthy	46	adult	male	30.18901729	DNK	Copenhagen	no	0	IlluminaHiSeq	30425247	91828594	9182859400	100	100	SRR7989911	Giacomo_DAmato	high_gluten_diet
HansenLBS_2018	SID5481-2	SID5481	stool	no	control	healthy	46	adult	male	30.368180600000002	DNK	Copenhagen	no	56	IlluminaHiSeq	30425247	94835676	9483567600	100	100	SRR7989912	Giacomo_DAmato	high_gluten_diet
HansenLBS_2018	SID5481-3	SID5481	stool	no	control	healthy	46	adult	male	30.60706501	DNK	Copenhagen	no	126	IlluminaHiSeq	30425247	60296704	6029670400	100	100	SRR7989913	Giacomo_DAmato	low_gluten_diet
HansenLBS_2018	SID5481-4	SID5481	stool	no	control	healthy	46	adult	male	30.24873839	DNK	Copenhagen	no	182	IlluminaHiSeq	30425247	99118334	9911833400	100	100	SRR7989914	Giacomo_DAmato	low_gluten_diet
HansenLBS_2018	SID5412-2	SID5412	stool	no	control	healthy	50	adult	male	30.073776799999997	DNK	Copenhagen	no	60	IlluminaHiSeq	30425247	63272720	6327272000	100	100	SRR7989915	Giacomo_DAmato	high_gluten_diet
HansenLBS_2018	SID5444-1	SID5444	stool	no	control	healthy	27	adult	male	28.71817801	DNK	Copenhagen	no	0	IlluminaHiSeq	30425247	72762624	7276262400	100	100	SRR7989916	Giacomo_DAmato	low_gluten_diet
HansenLBS_2018	SID5413-3	SID5413	stool	no	control	healthy	59	adult	male	25.21487212	DNK	Copenhagen	no	98	IlluminaHiSeq	30425247	64317182	6431718200	100	100	SRR7989917	Giacomo_DAmato	low_gluten_diet
HansenLBS_2018	SID5413-4	SID5413	stool	no	control	healthy	59	adult	male	25.03831986	DNK	Copenhagen	no	154	IlluminaHiSeq	30425247	41597792	4159779200	100	100	SRR7989918	Giacomo_DAmato	low_gluten_diet
HansenLBS_2018	SID5414-1	SID5414	stool	no	control	healthy	64	adult	male	32.66784964	DNK	Copenhagen	no	0	IlluminaHiSeq	30425247	79555112	7955511200	100	100	SRR7989919	Giacomo_DAmato	low_gluten_diet
HansenLBS_2018	SID5414-2	SID5414	stool	no	control	healthy	64	adult	male	32.10358678	DNK	Copenhagen	no	56	IlluminaHiSeq	30425247	65919230	6591923000	100	100	SRR7989920	Giacomo_DAmato	low_gluten_diet
HansenLBS_2018	SID5414-3	SID5414	stool	no	control	healthy	64	adult	male	32.87573595	DNK	Copenhagen	no	99	IlluminaHiSeq	30425247	60183784	6018378400	100	100	SRR7989921	Giacomo_DAmato	high_gluten_diet
HansenLBS_2018	SID5414-4	SID5414	stool	no	control	healthy	64	adult	male	33.2321125	DNK	Copenhagen	no	155	IlluminaHiSeq	30425247	80915840	8091584000	100	100	SRR7989922	Giacomo_DAmato	high_gluten_diet
HansenLBS_2018	SID5415-1	SID5415	stool	no	control	healthy	59	adult	male	28.78034607	DNK	Copenhagen	no	0	IlluminaHiSeq	30425247	51197166	5119716600	100	100	SRR7989923	Giacomo_DAmato	high_gluten_diet
HansenLBS_2018	SID5415-2	SID5415	stool	no	control	healthy	59	adult	male	28.73192149	DNK	Copenhagen	no	56	IlluminaHiSeq	30425247	52176218	5217621800	100	100	SRR7989924	Giacomo_DAmato	high_gluten_diet
HansenLBS_2018	SID5415-3	SID5415	stool	no	control	healthy	59	adult	male	28.97404442	DNK	Copenhagen	no	110	IlluminaHiSeq	30425247	59028002	5902800200	100	100	SRR7989925	Giacomo_DAmato	low_gluten_diet
HansenLBS_2018	SID5415-4	SID5415	stool	no	control	healthy	59	adult	male	28.50594008	DNK	Copenhagen	no	165	IlluminaHiSeq	30425247	74602870	7460287000	100	100	SRR7989926	Giacomo_DAmato	low_gluten_diet
HansenLBS_2018	SID5443-2	SID5443	stool	no	control	healthy	42	adult	male	26.41601711	DNK	Copenhagen	no	56	IlluminaHiSeq	30425247	76458122	7645812200	100	100	SRR7989927	Giacomo_DAmato	high_gluten_diet
HansenLBS_2018	SID5448-1	SID5448	stool	no	control	healthy	45	adult	male	29.933689500000003	DNK	Copenhagen	no	0	IlluminaHiSeq	30425247	92026088	9202608800	100	100	SRR7989928	Giacomo_DAmato	low_gluten_diet
HansenLBS_2018	SID5448-2	SID5448	stool	no	control	healthy	45	adult	male	28.75244973	DNK	Copenhagen	no	52	IlluminaHiSeq	30425247	96135630	9613563000	100	100	SRR7989929	Giacomo_DAmato	low_gluten_diet
HansenLBS_2018	SID5443-1	SID5443	stool	no	control	healthy	42	adult	male	26.03243506	DNK	Copenhagen	no	0	IlluminaHiSeq	30425247	29958992	2995899200	100	100	SRR7989930	Giacomo_DAmato	high_gluten_diet
HansenLBS_2018	SID5473-2	SID5473	stool	no	control	healthy	48	adult	male	26.67806233	DNK	Copenhagen	no	55	IlluminaHiSeq	30425247	67408888	6740888800	100	100	SRR7989931	Giacomo_DAmato	high_gluten_diet
HansenLBS_2018	SID5473-1	SID5473	stool	no	control	healthy	48	adult	male	26.58649003	DNK	Copenhagen	no	0	IlluminaHiSeq	30425247	55717346	5571734600	100	100	SRR7989932	Giacomo_DAmato	high_gluten_diet
HansenLBS_2018	SID5469-4	SID5469	stool	no	control	healthy	64	adult	male	26.86873566	DNK	Copenhagen	no	216	IlluminaHiSeq	30425247	52918152	5291815200	100	100	SRR7989933	Giacomo_DAmato	high_gluten_diet
HansenLBS_2018	SID5469-3	SID5469	stool	no	control	healthy	64	adult	male	26.91402005	DNK	Copenhagen	no	160	IlluminaHiSeq	30425247	61983062	6198306200	100	100	SRR7989934	Giacomo_DAmato	high_gluten_diet
HansenLBS_2018	SID5470-4	SID5470	stool	no	control	healthy	54	adult	male	29.99799823	DNK	Copenhagen	no	49	IlluminaHiSeq	30425247	49978742	4997874200	100	100	SRR7989935	Giacomo_DAmato	low_gluten_diet
HansenLBS_2018	SID5470-3	SID5470	stool	no	control	healthy	54	adult	male	30.31256256	DNK	Copenhagen	no	0	IlluminaHiSeq	30425247	59648184	5964818400	100	100	SRR7989936	Giacomo_DAmato	low_gluten_diet
HansenLBS_2018	SID5468-4	SID5468	stool	no	control	healthy	54	adult	male	33.08641975	DNK	Copenhagen	no	166	IlluminaHiSeq	30425247	39962762	3996276200	100	100	SRR7989937	Giacomo_DAmato	low_gluten_diet
HansenLBS_2018	SID5468-3	SID5468	stool	no	control	healthy	54	adult	male	33.7654321	DNK	Copenhagen	no	110	IlluminaHiSeq	30425247	38030588	3803058800	100	100	SRR7989938	Giacomo_DAmato	low_gluten_diet
HansenLBS_2018	SID5469-2	SID5469	stool	no	control	healthy	64	adult	male	27.36686391	DNK	Copenhagen	no	25	IlluminaHiSeq	30425247	89826996	8982699600	100	100	SRR7989939	Giacomo_DAmato	low_gluten_diet
HansenLBS_2018	SID5469-1	SID5469	stool	no	control	healthy	64	adult	male	27.89518174	DNK	Copenhagen	no	0	IlluminaHiSeq	30425247	73871224	7387122400	100	100	SRR7989940	Giacomo_DAmato	low_gluten_diet
HansenLBS_2018	SID5412-1	SID5412	stool	no	control	healthy	50	adult	male	30.60912152	DNK	Copenhagen	no	0	IlluminaHiSeq	30425247	41744932	4174493200	100	100	SRR7989941	Giacomo_DAmato	high_gluten_diet
HansenLBS_2018	SID5479-4	SID5479	stool	no	control	healthy	65	adult	male	27.50429755	DNK	Copenhagen	no	163	IlluminaHiSeq	30425247	85593736	8559373600	100	100	SRR7989942	Giacomo_DAmato	low_gluten_diet
HansenLBS_2018	SID5479-3	SID5479	stool	no	control	healthy	65	adult	male	27.39352074	DNK	Copenhagen	no	108	IlluminaHiSeq	30425247	107110298	10711029800	100	100	SRR7989943	Giacomo_DAmato	low_gluten_diet
HansenLBS_2018	SID5479-2	SID5479	stool	no	control	healthy	65	adult	male	27.44099652	DNK	Copenhagen	no	56	IlluminaHiSeq	30425247	106512712	10651271200	100	100	SRR7989944	Giacomo_DAmato	high_gluten_diet
HansenLBS_2018	SID5479-1	SID5479	stool	no	control	healthy	65	adult	male	27.53594806	DNK	Copenhagen	no	0	IlluminaHiSeq	30425247	103604994	10360499400	100	100	SRR7989945	Giacomo_DAmato	high_gluten_diet
HansenLBS_2018	SID5478-4	SID5478	stool	no	control	healthy	27	adult	female	26.95984034	DNK	Copenhagen	no	180	IlluminaHiSeq	30425247	83985062	8398506200	100	100	SRR7989946	Giacomo_DAmato	high_gluten_diet
HansenLBS_2018	SID5478-3	SID5478	stool	no	control	healthy	27	adult	female	26.38212948	DNK	Copenhagen	no	124	IlluminaHiSeq	30425247	91084270	9108427000	100	100	SRR7989947	Giacomo_DAmato	high_gluten_diet
HansenLBS_2018	SID5478-2	SID5478	stool	no	control	healthy	27	adult	female	26.53968699	DNK	Copenhagen	no	61	IlluminaHiSeq	30425247	104713226	10471322600	100	100	SRR7989948	Giacomo_DAmato	low_gluten_diet
HansenLBS_2018	SID5478-1	SID5478	stool	no	control	healthy	27	adult	female	27.23994258	DNK	Copenhagen	no	0	IlluminaHiSeq	30425247	83935094	8393509400	100	100	SRR7989949	Giacomo_DAmato	low_gluten_diet
HansenLBS_2018	SID5477-4	SID5477	stool	no	control	healthy	48	adult	female	25.35530971	DNK	Copenhagen	no	181	IlluminaHiSeq	30425247	83013374	8301337400	100	100	SRR7989950	Giacomo_DAmato	low_gluten_diet
HansenLBS_2018	SID5477-3	SID5477	stool	no	control	healthy	48	adult	female	25.30200493	DNK	Copenhagen	no	126	IlluminaHiSeq	30425247	85631238	8563123800	100	100	SRR7989951	Giacomo_DAmato	low_gluten_diet
HansenLBS_2018	SID5412-3	SID5412	stool	no	control	healthy	50	adult	male	30.82955758	DNK	Copenhagen	no	116	IlluminaHiSeq	30425247	60479452	6047945200	100	100	SRR7989952	Giacomo_DAmato	low_gluten_diet
HansenLBS_2018	SID5421-4	SID5421	stool	no	control	healthy	51	adult	male	30.61567107	DNK	Copenhagen	no	154	IlluminaHiSeq	30425247	39867648	3986764800	100	100	SRR7989953	Giacomo_DAmato	high_gluten_diet
HansenLBS_2018	SID5421-3	SID5421	stool	no	control	healthy	51	adult	male	31.34824944	DNK	Copenhagen	no	98	IlluminaHiSeq	30425247	70672238	7067223800	100	100	SRR7989954	Giacomo_DAmato	high_gluten_diet
HansenLBS_2018	SID5412-4	SID5412	stool	no	control	healthy	50	adult	male	29.94781334	DNK	Copenhagen	no	182	IlluminaHiSeq	30425247	37110320	3711032000	100	100	SRR7989955	Giacomo_DAmato	low_gluten_diet
HansenLBS_2018	SID5417-4	SID5417	stool	no	control	healthy	46	adult	female	33.75	DNK	Copenhagen	no	156	IlluminaHiSeq	30425247	52830800	5283080000	100	100	SRR7989956	Giacomo_DAmato	high_gluten_diet
HansenLBS_2018	SID5417-3	SID5417	stool	no	control	healthy	46	adult	female	34.375	DNK	Copenhagen	no	100	IlluminaHiSeq	30425247	140742654	14074265400	100	100	SRR7989957	Giacomo_DAmato	high_gluten_diet
HansenLBS_2018	SID5421-2	SID5421	stool	no	control	healthy	51	adult	male	31.10405665	DNK	Copenhagen	no	56	IlluminaHiSeq	30425247	64699304	6469930400	100	100	SRR7989958	Giacomo_DAmato	low_gluten_diet
HansenLBS_2018	SID5421-1	SID5421	stool	no	control	healthy	51	adult	male	31.01248436	DNK	Copenhagen	no	0	IlluminaHiSeq	30425247	47057980	4705798000	100	100	SRR7989959	Giacomo_DAmato	low_gluten_diet
HansenLBS_2018	SID5466-1	SID5466	stool	no	control	healthy	61	adult	male	29.02369934	DNK	Copenhagen	no	0	IlluminaHiSeq	30425247	54233644	5423364400	100	100	SRR7989960	Giacomo_DAmato	low_gluten_diet
HansenLBS_2018	SID5416-1	SID5416	stool	no	control	healthy	40	adult	male	28.51012332	DNK	Copenhagen	no	0	IlluminaHiSeq	30425247	136480918	13648091800	100	100	SRR7989961	Giacomo_DAmato	low_gluten_diet
HansenLBS_2018	SID5417-2	SID5417	stool	no	control	healthy	46	adult	female	34.00390625	DNK	Copenhagen	no	57	IlluminaHiSeq	30425247	51465960	5146596000	100	100	SRR7989962	Giacomo_DAmato	low_gluten_diet
HansenLBS_2018	SID5417-1	SID5417	stool	no	control	healthy	46	adult	female	33.90625	DNK	Copenhagen	no	0	IlluminaHiSeq	30425247	48708940	4870894000	100	100	SRR7989963	Giacomo_DAmato	low_gluten_diet
HansenLBS_2018	SID5466-2	SID5466	stool	no	control	healthy	61	adult	male	28.78031402	DNK	Copenhagen	no	56	IlluminaHiSeq	30425247	56182928	5618292800	100	100	SRR7989964	Giacomo_DAmato	low_gluten_diet
HansenLBS_2018	SID5411-3	SID5411	stool	no	control	healthy	59	adult	male	30.93043808	DNK	Copenhagen	no	107	IlluminaHiSeq	30425247	42646086	4264608600	100	100	SRR7989965	Giacomo_DAmato	high_gluten_diet
HansenLBS_2018	SID5416-2	SID5416	stool	no	control	healthy	40	adult	male	27.87161535	DNK	Copenhagen	no	56	IlluminaHiSeq	30425247	67914776	6791477600	100	100	SRR7989966	Giacomo_DAmato	low_gluten_diet
HansenLBS_2018	SID5411-4	SID5411	stool	no	control	healthy	59	adult	male	30.851533899999996	DNK	Copenhagen	no	162	IlluminaHiSeq	30425247	86629592	8662959200	100	100	SRR7989967	Giacomo_DAmato	high_gluten_diet
HansenLBS_2018	SID5454-1	SID5454	stool	no	control	healthy	54	adult	female	30.86442154	DNK	Copenhagen	no	0	IlluminaHiSeq	30425247	102196666	10219666600	100	100	SRR7989968	Giacomo_DAmato	high_gluten_diet
HansenLBS_2018	SID5454-2	SID5454	stool	no	control	healthy	54	adult	female	31.19102918	DNK	Copenhagen	no	66	IlluminaHiSeq	30425247	85154226	8515422600	100	100	SRR7989969	Giacomo_DAmato	high_gluten_diet
HansenLBS_2018	SID5445-1	SID5445	stool	no	control	healthy	43	adult	male	31.76670904	DNK	Copenhagen	no	0	IlluminaHiSeq	30425247	78522176	7852217600	100	100	SRR7989970	Giacomo_DAmato	high_gluten_diet
HansenLBS_2018	SID5451-1	SID5451	stool	no	control	healthy	57	adult	female	21.77357698	DNK	Copenhagen	no	0	IlluminaHiSeq	30425247	64334660	6433466000	100	100	SRR7989971	Giacomo_DAmato	low_gluten_diet
HansenLBS_2018	SID5451-2	SID5451	stool	no	control	healthy	57	adult	female	21.72652804	DNK	Copenhagen	no	56	IlluminaHiSeq	30425247	88351176	8835117600	100	100	SRR7989972	Giacomo_DAmato	low_gluten_diet
HansenLBS_2018	SID5451-3	SID5451	stool	no	control	healthy	57	adult	female	21.39046419	DNK	Copenhagen	no	139	IlluminaHiSeq	30425247	68968880	6896888000	100	100	SRR7989973	Giacomo_DAmato	high_gluten_diet
HansenLBS_2018	SID5451-4	SID5451	stool	no	control	healthy	57	adult	female	21.39046419	DNK	Copenhagen	no	194	IlluminaHiSeq	30425247	63647600	6364760000	100	100	SRR7989974	Giacomo_DAmato	high_gluten_diet
HansenLBS_2018	SID5453-1	SID5453	stool	no	control	healthy	51	adult	female	28.82150296	DNK	Copenhagen	no	0	IlluminaHiSeq	30425247	72304230	7230423000	100	100	SRR7989975	Giacomo_DAmato	low_gluten_diet
HansenLBS_2018	SID5453-2	SID5453	stool	no	control	healthy	51	adult	female	NA	DNK	Copenhagen	no	53	IlluminaHiSeq	30425247	89127210	8912721000	100	100	SRR7989976	Giacomo_DAmato	low_gluten_diet
HansenLBS_2018	SID5453-3	SID5453	stool	no	control	healthy	51	adult	female	28.18058004	DNK	Copenhagen	no	98	IlluminaHiSeq	30425247	92041872	9204187200	100	100	SRR7989977	Giacomo_DAmato	high_gluten_diet
HansenLBS_2018	SID5453-4	SID5453	stool	no	control	healthy	51	adult	female	27.51962826	DNK	Copenhagen	no	150	IlluminaHiSeq	30425247	95042558	9504255800	100	100	SRR7989978	Giacomo_DAmato	high_gluten_diet
HansenLBS_2018	SID5413-1	SID5413	stool	no	control	healthy	59	adult	male	24.33211084	DNK	Copenhagen	no	0	IlluminaHiSeq	30425247	59436144	5943614400	100	100	SRR7989979	Giacomo_DAmato	high_gluten_diet
HansenLBS_2018	SID5445-2	SID5445	stool	no	control	healthy	43	adult	male	32.03478254	DNK	Copenhagen	no	49	IlluminaHiSeq	30425247	64021356	6402135600	100	100	SRR7989980	Giacomo_DAmato	high_gluten_diet
HansenLBS_2018	SID5413-2	SID5413	stool	no	control	healthy	59	adult	male	24.8457174	DNK	Copenhagen	no	56	IlluminaHiSeq	30425247	49738404	4973840400	100	100	SRR7989981	Giacomo_DAmato	high_gluten_diet
HansenLBS_2018	SID5427-1	SID5427	stool	no	control	healthy	49	adult	male	30.43506017	DNK	Copenhagen	no	0	IlluminaHiSeq	30425247	70790144	7079014400	100	100	SRR7989982	Giacomo_DAmato	high_gluten_diet
HansenLBS_2018	SID5427-2	SID5427	stool	no	control	healthy	49	adult	male	30.09990743	DNK	Copenhagen	no	56	IlluminaHiSeq	30425247	63008822	6300882200	100	100	SRR7989983	Giacomo_DAmato	high_gluten_diet
HansenLBS_2018	SID5425-3	SID5425	stool	no	control	healthy	41	adult	female	28.05381611	DNK	Copenhagen	no	105	IlluminaHiSeq	30425247	72307484	7230748400	100	100	SRR7989984	Giacomo_DAmato	high_gluten_diet
HansenLBS_2018	SID5425-4	SID5425	stool	no	control	healthy	41	adult	female	27.65701531	DNK	Copenhagen	no	161	IlluminaHiSeq	30425247	62242612	6224261200	100	100	SRR7989985	Giacomo_DAmato	high_gluten_diet
HansenLBS_2018	SID5425-1	SID5425	stool	no	control	healthy	41	adult	female	27.89509579	DNK	Copenhagen	no	0	IlluminaHiSeq	30425247	78589248	7858924800	100	100	SRR7989986	Giacomo_DAmato	low_gluten_diet
HansenLBS_2018	SID5425-2	SID5425	stool	no	control	healthy	41	adult	female	28.23237646	DNK	Copenhagen	no	56	IlluminaHiSeq	30425247	59823226	5982322600	100	100	SRR7989987	Giacomo_DAmato	low_gluten_diet
HansenLBS_2018	SID5423-3	SID5423	stool	no	control	healthy	42	adult	male	26.01851852	DNK	Copenhagen	no	112	IlluminaHiSeq	30425247	61665696	6166569600	100	100	SRR7989988	Giacomo_DAmato	high_gluten_diet
HansenLBS_2018	SID5423-4	SID5423	stool	no	control	healthy	42	adult	male	25.86419753	DNK	Copenhagen	no	168	IlluminaHiSeq	30425247	66916324	6691632400	100	100	SRR7989989	Giacomo_DAmato	high_gluten_diet
HansenLBS_2018	SID5423-1	SID5423	stool	no	control	healthy	42	adult	male	25.94135802	DNK	Copenhagen	no	0	IlluminaHiSeq	30425247	85010400	8501040000	100	100	SRR7989990	Giacomo_DAmato	low_gluten_diet
HansenLBS_2018	SID5423-2	SID5423	stool	no	control	healthy	42	adult	male	26.04938272	DNK	Copenhagen	no	56	IlluminaHiSeq	30425247	66898102	6689810200	100	100	SRR7989991	Giacomo_DAmato	low_gluten_diet
HansenLBS_2018	SID5450-2	SID5450	stool	no	control	healthy	57	adult	female	35.39815286	DNK	Copenhagen	no	52	IlluminaHiSeq	30425247	63446028	6344602800	100	100	SRR7989992	Giacomo_DAmato	low_gluten_diet
HansenLBS_2018	SID5450-1	SID5450	stool	no	control	healthy	57	adult	female	35.11887749	DNK	Copenhagen	no	0	IlluminaHiSeq	30425247	67753218	6775321800	100	100	SRR7989993	Giacomo_DAmato	low_gluten_diet
HansenLBS_2018	SID5449-4	SID5449	stool	no	control	healthy	54	adult	female	26.87634992	DNK	Copenhagen	no	153	IlluminaHiSeq	30425247	57856384	5785638400	100	100	SRR7989994	Giacomo_DAmato	low_gluten_diet
HansenLBS_2018	SID5449-3	SID5449	stool	no	control	healthy	54	adult	female	26.50871087	DNK	Copenhagen	no	100	IlluminaHiSeq	30425247	92988962	9298896200	100	100	SRR7989995	Giacomo_DAmato	low_gluten_diet
HansenLBS_2018	SID5449-2	SID5449	stool	no	control	healthy	54	adult	female	26.23781893	DNK	Copenhagen	no	57	IlluminaHiSeq	30425247	90000524	9000052400	100	100	SRR7989996	Giacomo_DAmato	high_gluten_diet
HansenLBS_2018	SID5449-1	SID5449	stool	no	control	healthy	54	adult	female	25.56058909	DNK	Copenhagen	no	0	IlluminaHiSeq	30425247	74872992	7487299200	100	100	SRR7989997	Giacomo_DAmato	high_gluten_diet
HansenLBS_2018	SID5448-4	SID5448	stool	no	control	healthy	45	adult	male	29.58468684	DNK	Copenhagen	no	150	IlluminaHiSeq	30425247	46422326	4642232600	100	100	SRR7989998	Giacomo_DAmato	high_gluten_diet
HansenLBS_2018	SID5448-3	SID5448	stool	no	control	healthy	45	adult	male	29.34306961	DNK	Copenhagen	no	94	IlluminaHiSeq	30425247	71451034	7145103400	100	100	SRR7989999	Giacomo_DAmato	high_gluten_diet
HansenLBS_2018	SID5450-4	SID5450	stool	no	control	healthy	57	adult	female	36.41052606	DNK	Copenhagen	no	162	IlluminaHiSeq	30425247	70571540	7057154000	100	100	SRR7990000	Giacomo_DAmato	high_gluten_diet
HansenLBS_2018	SID5450-3	SID5450	stool	no	control	healthy	57	adult	female	35.74724706	DNK	Copenhagen	no	92	IlluminaHiSeq	30425247	65834008	6583400800	100	100	SRR7990001	Giacomo_DAmato	high_gluten_diet
