study_name	sample_id	subject_id	body_site	study_condition	disease	FMT_role	country	location	antibiotics_current_use	days_from_first_collection	subcohort	fmt_id	PMID	age	age_category	non_westernized	number_bases	number_reads	minimum_read_length	median_read_length	curator	NCBI_accession
IaniroG_2022	Sample_S25229_FMT_03_t0	SBJ_01	stool	TKI_dependent_diarrhoea	TKI_dependent_diarrhoea	recipient_before	ITA	Rome	no	0.0	IaniroG_2020	IaniroG_2020_2022_260	36109637	62.0	adult	no	4183364356.0	33203151.0	75.0	136.0	Paolo_Manghi;Michal_Puncochar	NA
IaniroG_2022	Sample_S25247_FMT_07_t0	SBJ_02	stool	TKI_dependent_diarrhoea	TKI_dependent_diarrhoea	recipient_before	ITA	Rome	no	0.0	IaniroG_2020	IaniroG_2020_2022_264	36109637	44.0	adult	no	3319132791.0	25766109.0	75.0	145.0	Paolo_Manghi;Michal_Puncochar	NA
IaniroG_2022	Sample_S25222_FMT_01_t0	SBJ_03	stool	TKI_dependent_diarrhoea	TKI_dependent_diarrhoea	recipient_before	ITA	Rome	no	0.0	IaniroG_2020	IaniroG_2020_2022_267	36109637	61.0	adult	no	17095246892.0	131526015.0	75.0	150.0	Paolo_Manghi;Michal_Puncochar	NA
IaniroG_2022	Sample_S25226_FMT_02_t0	SBJ_04	stool	TKI_dependent_diarrhoea	TKI_dependent_diarrhoea	recipient_before	ITA	Rome	no	0.0	IaniroG_2020	IaniroG_2020_2022_268	36109637	56.0	adult	no	2746418187.0	22119540.0	75.0	131.0	Paolo_Manghi;Michal_Puncochar	NA
IaniroG_2022	Sample_S25241_FMT_05_t0	SBJ_05	stool	TKI_dependent_diarrhoea	TKI_dependent_diarrhoea	recipient_before	ITA	Rome	no	0.0	IaniroG_2020	IaniroG_2020_2022_262	36109637	73.0	senior	no	1904059699.0	15059273.0	75.0	137.0	Paolo_Manghi;Michal_Puncochar	NA
IaniroG_2022	Sample_S25238_FMT_10_t0	SBJ_06	stool	TKI_dependent_diarrhoea	TKI_dependent_diarrhoea	recipient_before	ITA	Rome	no	0.0	IaniroG_2020	IaniroG_2020_2022_266	36109637	60.0	adult	no	842138134.0	7362874.0	75.0	108.0	Paolo_Manghi;Michal_Puncochar	NA
IaniroG_2022	Sample_S25250_FMT_08_t0	SBJ_07	stool	TKI_dependent_diarrhoea	TKI_dependent_diarrhoea	recipient_before	ITA	Rome	no	0.0	IaniroG_2020	IaniroG_2020_2022_269	36109637	72.0	senior	no	1136754373.0	8607195.0	75.0	151.0	Paolo_Manghi;Michal_Puncochar	NA
IaniroG_2022	Sample_S25223_FMT_01_t7	SBJ_03	stool	FMT	TKI_dependent_diarrhoea	recipient_after	ITA	Rome	no	7.0	IaniroG_2020	IaniroG_2020_2022_267	36109637	61.0	adult	no	3039307052.0	24918509.0	75.0	125.0	Paolo_Manghi;Michal_Puncochar	NA
IaniroG_2022	Sample_S25235_FMT_09_t7	SBJ_08	stool	FMT	TKI_dependent_diarrhoea	recipient_after	ITA	Rome	no	7.0	IaniroG_2020	IaniroG_2020_2022_261	36109637	71.0	senior	no	3115713954.0	25864824.0	75.0	121.0	Paolo_Manghi;Michal_Puncochar	NA
IaniroG_2022	Sample_S25232_FMT_04_t7	SBJ_09	stool	FMT	TKI_dependent_diarrhoea	recipient_after	ITA	Rome	no	7.0	IaniroG_2020	IaniroG_2020_2022_265	36109637	74.0	senior	no	900578167.0	7232118.0	75.0	132.0	Paolo_Manghi;Michal_Puncochar	NA
IaniroG_2022	Sample_S25239_FMT_10_t7	SBJ_06	stool	FMT	TKI_dependent_diarrhoea	recipient_after	ITA	Rome	no	7.0	IaniroG_2020	IaniroG_2020_2022_266	36109637	60.0	adult	no	4404087839.0	34963481.0	75.0	136.0	Paolo_Manghi;Michal_Puncochar	NA
IaniroG_2022	Sample_S25244_FMT_06_t7	SBJ_10	stool	FMT	TKI_dependent_diarrhoea	recipient_after	ITA	Rome	no	7.0	IaniroG_2020	IaniroG_2020_2022_263	36109637	61.0	adult	no	3439162178.0	27071294.0	75.0	139.0	Paolo_Manghi;Michal_Puncochar	NA
IaniroG_2022	Sample_S25251_FMT_08_t7	SBJ_07	stool	FMT	TKI_dependent_diarrhoea	recipient_after	ITA	Rome	no	7.0	IaniroG_2020	IaniroG_2020_2022_269	36109637	72.0	senior	no	5527172284.0	42382718.0	75.0	150.0	Paolo_Manghi;Michal_Puncochar	NA
IaniroG_2022	Sample_S25230_FMT_03_t15	SBJ_01	stool	FMT	TKI_dependent_diarrhoea	recipient_after	ITA	Rome	no	15.0	IaniroG_2020	IaniroG_2020_2022_260	36109637	62.0	adult	no	5482351379.0	42572081.0	75.0	146.0	Paolo_Manghi;Michal_Puncochar	NA
IaniroG_2022	Sample_S25248_FMT_07_t15	SBJ_02	stool	FMT	TKI_dependent_diarrhoea	recipient_after	ITA	Rome	no	15.0	IaniroG_2020	IaniroG_2020_2022_264	36109637	44.0	adult	no	4763525191.0	37527808.0	75.0	139.0	Paolo_Manghi;Michal_Puncochar	NA
IaniroG_2022	Sample_S25224_FMT_01_t15	SBJ_03	stool	FMT	TKI_dependent_diarrhoea	recipient_after	ITA	Rome	no	15.0	IaniroG_2020	IaniroG_2020_2022_267	36109637	61.0	adult	no	5366459326.0	41822568.0	75.0	143.0	Paolo_Manghi;Michal_Puncochar	NA
IaniroG_2022	Sample_S25236_FMT_09_t15	SBJ_08	stool	FMT	TKI_dependent_diarrhoea	recipient_after	ITA	Rome	no	15.0	IaniroG_2020	IaniroG_2020_2022_261	36109637	71.0	senior	no	2003553462.0	16876398.0	75.0	118.0	Paolo_Manghi;Michal_Puncochar	NA
IaniroG_2022	Sample_S25227_FMT_02_t15	SBJ_04	stool	FMT	TKI_dependent_diarrhoea	recipient_after	ITA	Rome	no	15.0	IaniroG_2020	IaniroG_2020_2022_268	36109637	56.0	adult	no	5329875018.0	41435117.0	75.0	144.0	Paolo_Manghi;Michal_Puncochar	NA
IaniroG_2022	Sample_S25233_FMT_04_t15	SBJ_09	stool	FMT	TKI_dependent_diarrhoea	recipient_after	ITA	Rome	no	15.0	IaniroG_2020	IaniroG_2020_2022_265	36109637	74.0	senior	no	718053795.0	5759068.0	75.0	132.0	Paolo_Manghi;Michal_Puncochar	NA
IaniroG_2022	Sample_S25242_FMT_05_t15	SBJ_05	stool	FMT	TKI_dependent_diarrhoea	recipient_after	ITA	Rome	no	15.0	IaniroG_2020	IaniroG_2020_2022_262	36109637	73.0	senior	no	950224033.0	7561507.0	75.0	135.0	Paolo_Manghi;Michal_Puncochar	NA
IaniroG_2022	Sample_S25240_FMT_10_t15	SBJ_06	stool	FMT	TKI_dependent_diarrhoea	recipient_after	ITA	Rome	no	15.0	IaniroG_2020	IaniroG_2020_2022_266	36109637	60.0	adult	no	1851462675.0	16798887.0	75.0	103.0	Paolo_Manghi;Michal_Puncochar	NA
IaniroG_2022	Sample_S25245_FMT_06_t15	SBJ_10	stool	FMT	TKI_dependent_diarrhoea	recipient_after	ITA	Rome	no	15.0	IaniroG_2020	IaniroG_2020_2022_263	36109637	61.0	adult	no	2935209857.0	23788643.0	75.0	128.0	Paolo_Manghi;Michal_Puncochar	NA
IaniroG_2022	Sample_S25252_FMT_08_t15	SBJ_07	stool	FMT	TKI_dependent_diarrhoea	recipient_after	ITA	Rome	no	15.0	IaniroG_2020	IaniroG_2020_2022_269	36109637	72.0	senior	no	2888328387.0	22039849.0	75.0	151.0	Paolo_Manghi;Michal_Puncochar	NA
IaniroG_2022	Sample_S25231_FMT_03_t30	SBJ_01	stool	FMT	TKI_dependent_diarrhoea	recipient_after	ITA	Rome	no	30.0	IaniroG_2020	IaniroG_2020_2022_260	36109637	62.0	adult	no	1497141726.0	11656552.0	75.0	144.0	Paolo_Manghi;Michal_Puncochar	NA
IaniroG_2022	Sample_S25249_FMT_07_t30	SBJ_02	stool	FMT	TKI_dependent_diarrhoea	recipient_after	ITA	Rome	no	30.0	IaniroG_2020	IaniroG_2020_2022_264	36109637	44.0	adult	no	373123041.0	2875593.0	75.0	149.0	Paolo_Manghi;Michal_Puncochar	NA
IaniroG_2022	Sample_S25225_FMT_01_t30	SBJ_03	stool	FMT	TKI_dependent_diarrhoea	recipient_after	ITA	Rome	no	30.0	IaniroG_2020	IaniroG_2020_2022_267	36109637	61.0	adult	no	1887170167.0	14998951.0	75.0	136.0	Paolo_Manghi;Michal_Puncochar	NA
IaniroG_2022	Sample_S25237_FMT_09_t30	SBJ_08	stool	FMT	TKI_dependent_diarrhoea	recipient_after	ITA	Rome	no	30.0	IaniroG_2020	IaniroG_2020_2022_261	36109637	71.0	senior	no	806614692.0	6228690.0	75.0	149.0	Paolo_Manghi;Michal_Puncochar	NA
IaniroG_2022	Sample_S25228_FMT_02_t30	SBJ_04	stool	FMT	TKI_dependent_diarrhoea	recipient_after	ITA	Rome	no	30.0	IaniroG_2020	IaniroG_2020_2022_268	36109637	56.0	adult	no	10931793324.0	86741168.0	75.0	136.0	Paolo_Manghi;Michal_Puncochar	NA
IaniroG_2022	Sample_S25234_FMT_04_t30	SBJ_09	stool	FMT	TKI_dependent_diarrhoea	recipient_after	ITA	Rome	no	30.0	IaniroG_2020	IaniroG_2020_2022_265	36109637	74.0	senior	no	749477782.0	5803534.0	75.0	146.0	Paolo_Manghi;Michal_Puncochar	NA
IaniroG_2022	Sample_S25243_FMT_05_t30	SBJ_05	stool	FMT	TKI_dependent_diarrhoea	recipient_after	ITA	Rome	no	30.0	IaniroG_2020	IaniroG_2020_2022_262	36109637	73.0	senior	no	1650667750.0	12885847.0	75.0	142.0	Paolo_Manghi;Michal_Puncochar	NA
IaniroG_2022	Sample_S25267_FMT_04_t30	SBJ_06	stool	FMT	TKI_dependent_diarrhoea	recipient_after	ITA	Rome	no	30.0	IaniroG_2020	IaniroG_2020_2022_266	36109637	60.0	adult	no	120273410.0	946285.0	75.0	139.0	Paolo_Manghi;Michal_Puncochar	NA
IaniroG_2022	Sample_S25246_FMT_06_t30	SBJ_10	stool	FMT	TKI_dependent_diarrhoea	recipient_after	ITA	Rome	no	30.0	IaniroG_2020	IaniroG_2020_2022_263	36109637	61.0	adult	no	1641203127.0	12685171.0	75.0	148.0	Paolo_Manghi;Michal_Puncochar	NA
IaniroG_2022	Sample_S25253_FMT_08_t30	SBJ_07	stool	FMT	TKI_dependent_diarrhoea	recipient_after	ITA	Rome	no	30.0	IaniroG_2020	IaniroG_2020_2022_269	36109637	72.0	senior	no	1673751540.0	12869037.0	75.0	150.0	Paolo_Manghi;Michal_Puncochar	NA
IaniroG_2022	Sample_S25262_FMT_CC_10	SBJ_11	stool	TKI_dependent_diarrhoea	TKI_dependent_diarrhoea	NA	ITA	Rome	no	NA	IaniroG_2020	NA	36109637	69.0	senior	no	43359721828.0	332013046.0	75.0	150.0	Paolo_Manghi;Michal_Puncochar	NA
IaniroG_2022	Sample_S25263_FMT_CC_11	SBJ_12	stool	TKI_dependent_diarrhoea	TKI_dependent_diarrhoea	NA	ITA	Rome	no	NA	IaniroG_2020	NA	36109637	38.0	adult	no	1077529105.0	8384240.0	75.0	144.0	Paolo_Manghi;Michal_Puncochar	NA
IaniroG_2022	Sample_S25258_FMT_CC_06	SBJ_13	stool	TKI_dependent_diarrhoea	TKI_dependent_diarrhoea	NA	ITA	Rome	no	NA	IaniroG_2020	NA	36109637	71.0	senior	no	3903781023.0	30627868.0	75.0	141.0	Paolo_Manghi;Michal_Puncochar	NA
IaniroG_2022	Sample_S25259_FMT_CC_07	SBJ_15	stool	TKI_dependent_diarrhoea	TKI_dependent_diarrhoea	NA	ITA	Rome	no	NA	IaniroG_2020	NA	36109637	80.0	senior	no	4523999836.0	35396937.0	75.0	142.0	Paolo_Manghi;Michal_Puncochar	NA
IaniroG_2022	Sample_S25261_FMT_CC_09	SBJ_16	stool	TKI_dependent_diarrhoea	TKI_dependent_diarrhoea	NA	ITA	Rome	no	NA	IaniroG_2020	NA	36109637	55.0	adult	no	10032920356.0	75598411.0	75.0	151.0	Paolo_Manghi;Michal_Puncochar	NA
IaniroG_2022	Sample_S25255_FMT_CC_03	SBJ_17	stool	TKI_dependent_diarrhoea	TKI_dependent_diarrhoea	NA	ITA	Rome	no	NA	IaniroG_2020	NA	36109637	54.0	adult	no	4540114290.0	36758817.0	75.0	129.0	Paolo_Manghi;Michal_Puncochar	NA
IaniroG_2022	Sample_S25260_FMT_CC_08	SBJ_18	stool	TKI_dependent_diarrhoea	TKI_dependent_diarrhoea	NA	ITA	Rome	no	NA	IaniroG_2020	NA	36109637	60.0	adult	no	9161710401.0	70915423.0	75.0	149.0	Paolo_Manghi;Michal_Puncochar	NA
IaniroG_2022	Sample_S25256_FMT_CC_04	SBJ_19	stool	TKI_dependent_diarrhoea	TKI_dependent_diarrhoea	NA	ITA	Rome	no	NA	IaniroG_2020	NA	36109637	69.0	senior	no	5645662561.0	44239888.0	75.0	141.0	Paolo_Manghi;Michal_Puncochar	NA
IaniroG_2022	Sample_S25254_FMT_CC_01	SBJ_20	stool	TKI_dependent_diarrhoea	TKI_dependent_diarrhoea	NA	ITA	Rome	no	NA	IaniroG_2020	NA	36109637	78.0	senior	no	2606639186.0	19426070.0	75.0	151.0	Paolo_Manghi;Michal_Puncochar	NA
IaniroG_2022	Sample_S25265_FMT_DD_01	SBJ_21	stool	control	healthy	donor	ITA	Rome	no	NA	IaniroG_2020	IaniroG_2020_2022_260;IaniroG_2020_2022_261;IaniroG_2020_2022_262;IaniroG_2020_2022_268;IaniroG_2020_2022_276;IaniroG_2020_2022_280	36109637	NA	adult	no	1604839558.0	12376682.0	75.0	150.0	Paolo_Manghi;Michal_Puncochar	NA
IaniroG_2022	Sample_S25266_FMT_DD_02	SBJ_22	stool	control	healthy	donor	ITA	Rome	no	NA	IaniroG_2020	IaniroG_2020_2022_263;IaniroG_2020_2022_264;IaniroG_2020_2022_265;IaniroG_2020_2022_266;IaniroG_2020_2022_267;IaniroG_2020_2022_269;IaniroG_2020_2022_271;IaniroG_2020_2022_273;IaniroG_2020_2022_274;IaniroG_2020_2022_275;IaniroG_2020_2022_277;IaniroG_2020_2022_278;IaniroG_2020_2022_279	36109637	NA	adult	no	1936761038.0	15009306.0	75.0	146.0	Paolo_Manghi;Michal_Puncochar	NA
IaniroG_2022	FMT_01_t0	SBJ_23	stool	CDI	CDI	recipient_before	ITA	Rome	yes	0.0	IaniroG_2022_CDiff	IaniroG_2020_2022_271	36109637	NA	adult	no	14144115193.0	94163616.0	75.0	151.0	Paolo_Manghi;Michal_Puncochar	ERR9708133
IaniroG_2022	FMT_02_t7	SBJ_23	stool	FMT	CDI	recipient_after	ITA	Rome	yes	7.0	IaniroG_2022_CDiff	IaniroG_2020_2022_271	36109637	NA	adult	no	2718778867.0	18094612.0	75.0	151.0	Paolo_Manghi;Michal_Puncochar	ERR9707182
IaniroG_2022	FMT_03_t15	SBJ_23	stool	FMT	CDI	recipient_after	ITA	Rome	yes	15.0	IaniroG_2022_CDiff	IaniroG_2020_2022_271	36109637	NA	adult	no	2869930206.0	19101398.0	75.0	151.0	Paolo_Manghi;Michal_Puncochar	ERR9707183
IaniroG_2022	FMT_04_t30	SBJ_23	stool	FMT	CDI	recipient_after	ITA	Rome	yes	30.0	IaniroG_2022_CDiff	IaniroG_2020_2022_271	36109637	NA	adult	no	20831932928.0	138664251.0	75.0	151.0	Paolo_Manghi;Michal_Puncochar	ERR9708953
IaniroG_2022	FMT_06_t7	SBJ_24	stool	FMT	CDI	recipient_after	ITA	Rome	yes	7.0	IaniroG_2022_CDiff	IaniroG_2020_2022_272	36109637	NA	adult	no	5022303933.0	33431021.0	75.0	151.0	Paolo_Manghi;Michal_Puncochar	ERR9707210
IaniroG_2022	FMT_07_t15	SBJ_24	stool	FMT	CDI	recipient_after	ITA	Rome	yes	15.0	IaniroG_2022_CDiff	IaniroG_2020_2022_272	36109637	NA	adult	no	5352854505.0	35643220.0	75.0	151.0	Paolo_Manghi;Michal_Puncochar	ERR9707212
IaniroG_2022	FMT_08_t30	SBJ_24	stool	FMT	CDI	recipient_after	ITA	Rome	yes	30.0	IaniroG_2022_CDiff	IaniroG_2020_2022_272	36109637	NA	adult	no	11890308969.0	79195556.0	75.0	151.0	Paolo_Manghi;Michal_Puncochar	ERR9708184
IaniroG_2022	FMT_09_t0	SBJ_25	stool	CDI	CDI	recipient_before	ITA	Rome	yes	0.0	IaniroG_2022_CDiff	IaniroG_2020_2022_274	36109637	NA	adult	no	10255784604.0	68246764.0	75.0	151.0	Paolo_Manghi;Michal_Puncochar	ERR9708137
IaniroG_2022	FMT_10_t7	SBJ_25	stool	FMT	CDI	recipient_after	ITA	Rome	yes	7.0	IaniroG_2022_CDiff	IaniroG_2020_2022_274	36109637	NA	adult	no	9328536882.0	62123995.0	75.0	151.0	Paolo_Manghi;Michal_Puncochar	ERR9708135
IaniroG_2022	FMT_11_t15	SBJ_25	stool	FMT	CDI	recipient_after	ITA	Rome	yes	15.0	IaniroG_2022_CDiff	IaniroG_2020_2022_274	36109637	NA	adult	no	7189528418.0	47863281.0	75.0	151.0	Paolo_Manghi;Michal_Puncochar	ERR9707883
IaniroG_2022	FMT_12_t30	SBJ_25	stool	FMT	CDI	recipient_after	ITA	Rome	yes	30.0	IaniroG_2022_CDiff	IaniroG_2020_2022_274	36109637	NA	adult	no	3465814397.0	23077591.0	75.0	151.0	Paolo_Manghi;Michal_Puncochar	ERR9707878
IaniroG_2022	FMT_13_t0	SBJ_26	stool	CDI	CDI	recipient_before	ITA	Rome	yes	0.0	IaniroG_2022_CDiff	IaniroG_2020_2022_278	36109637	NA	adult	no	2833897560.0	18870301.0	75.0	151.0	Paolo_Manghi;Michal_Puncochar	ERR9708129
IaniroG_2022	FMT_14_t7	SBJ_26	stool	FMT	CDI	recipient_after	ITA	Rome	yes	7.0	IaniroG_2022_CDiff	IaniroG_2020_2022_278	36109637	NA	adult	no	9737831497.0	64826631.0	75.0	151.0	Paolo_Manghi;Michal_Puncochar	ERR9708958
IaniroG_2022	FMT_15_t15	SBJ_26	stool	FMT	CDI	recipient_after	ITA	Rome	yes	15.0	IaniroG_2022_CDiff	IaniroG_2020_2022_278	36109637	NA	adult	no	9204566071.0	61276273.0	75.0	151.0	Paolo_Manghi;Michal_Puncochar	ERR9708956
IaniroG_2022	FMT_16_t30	SBJ_26	stool	FMT	CDI	recipient_after	ITA	Rome	yes	30.0	IaniroG_2022_CDiff	IaniroG_2020_2022_278	36109637	NA	adult	no	22228221673.0	147944675.0	75.0	151.0	Paolo_Manghi;Michal_Puncochar	ERR9709282
IaniroG_2022	FMT_17_t0	SBJ_27	stool	CDI	CDI	recipient_before	ITA	Rome	yes	0.0	IaniroG_2022_CDiff	IaniroG_2020_2022_275	36109637	NA	adult	no	4603690012.0	30648861.0	75.0	151.0	Paolo_Manghi;Michal_Puncochar	ERR9708952
IaniroG_2022	FMT_18_t7	SBJ_27	stool	FMT	CDI	recipient_after	ITA	Rome	yes	7.0	IaniroG_2022_CDiff	IaniroG_2020_2022_275	36109637	NA	adult	no	2779253552.0	18505494.0	75.0	151.0	Paolo_Manghi;Michal_Puncochar	ERR9708951
IaniroG_2022	FMT_19_t15	SBJ_27	stool	FMT	CDI	recipient_after	ITA	Rome	yes	15.0	IaniroG_2022_CDiff	IaniroG_2020_2022_275	36109637	NA	adult	no	2206696297.0	14688211.0	75.0	151.0	Paolo_Manghi;Michal_Puncochar	ERR9708187
IaniroG_2022	FMT_20_t30	SBJ_27	stool	FMT	CDI	recipient_after	ITA	Rome	yes	30.0	IaniroG_2022_CDiff	IaniroG_2020_2022_275	36109637	NA	adult	no	9883605745.0	65771893.0	75.0	151.0	Paolo_Manghi;Michal_Puncochar	ERR9709074
IaniroG_2022	FMT_25_t0	SBJ_28	stool	CDI	CDI	recipient_before	ITA	Rome	yes	0.0	IaniroG_2022_CDiff	IaniroG_2020_2022_279	36109637	NA	adult	no	3454149625.0	22992205.0	75.0	151.0	Paolo_Manghi;Michal_Puncochar	ERR9709032
IaniroG_2022	FMT_26_t7	SBJ_28	stool	FMT	CDI	recipient_after	ITA	Rome	yes	7.0	IaniroG_2022_CDiff	IaniroG_2020_2022_279	36109637	NA	adult	no	11755694063.0	78273465.0	75.0	151.0	Paolo_Manghi;Michal_Puncochar	ERR9709254
IaniroG_2022	FMT_27_t15	SBJ_28	stool	FMT	CDI	recipient_after	ITA	Rome	yes	15.0	IaniroG_2022_CDiff	IaniroG_2020_2022_279	36109637	NA	adult	no	15560491149.0	103617881.0	75.0	151.0	Paolo_Manghi;Michal_Puncochar	ERR9709290
IaniroG_2022	FMT_28_t30	SBJ_28	stool	FMT	CDI	recipient_after	ITA	Rome	yes	30.0	IaniroG_2022_CDiff	IaniroG_2020_2022_279	36109637	NA	adult	no	3501786481.0	23312952.0	75.0	151.0	Paolo_Manghi;Michal_Puncochar	ERR9709062
IaniroG_2022	FMT_29_t0	SBJ_29	stool	CDI	CDI	recipient_before	ITA	Rome	yes	0.0	IaniroG_2022_CDiff	IaniroG_2020_2022_273	36109637	NA	adult	no	3338773513.0	22215271.0	75.0	151.0	Paolo_Manghi;Michal_Puncochar	ERR9709064
IaniroG_2022	FMT_30_t15	SBJ_29	stool	FMT	CDI	recipient_after	ITA	Rome	yes	15.0	IaniroG_2022_CDiff	IaniroG_2020_2022_273	36109637	NA	adult	no	3897105188.0	25942500.0	75.0	151.0	Paolo_Manghi;Michal_Puncochar	ERR9709069
IaniroG_2022	FMT_31_t30	SBJ_29	stool	FMT	CDI	recipient_after	ITA	Rome	yes	30.0	IaniroG_2022_CDiff	IaniroG_2020_2022_273	36109637	NA	adult	no	4009944274.0	26697162.0	75.0	151.0	Paolo_Manghi;Michal_Puncochar	ERR9709071
IaniroG_2022	FMT_32_t90	SBJ_29	stool	FMT	CDI	recipient_after	ITA	Rome	yes	90.0	IaniroG_2022_CDiff	IaniroG_2020_2022_273	36109637	NA	adult	no	10594585749.0	70526069.0	75.0	151.0	Paolo_Manghi;Michal_Puncochar	ERR9709291
IaniroG_2022	FMT_40_t0	SBJ_30	stool	CDI	CDI	recipient_before	ITA	Rome	yes	0.0	IaniroG_2022_CDiff	IaniroG_2020_2022_277	36109637	NA	adult	no	189477451.0	1263030.0	75.0	151.0	Paolo_Manghi;Michal_Puncochar	ERR9709257
IaniroG_2022	FMT_41_t7	SBJ_30	stool	FMT	CDI	recipient_after	ITA	Rome	yes	7.0	IaniroG_2022_CDiff	IaniroG_2020_2022_277	36109637	NA	adult	no	8502284981.0	56585574.0	75.0	151.0	Paolo_Manghi;Michal_Puncochar	ERR9709303
IaniroG_2022	FMT_42_t30	SBJ_30	stool	FMT	CDI	recipient_after	ITA	Rome	yes	30.0	IaniroG_2022_CDiff	IaniroG_2020_2022_277	36109637	NA	adult	no	3957818149.0	26345966.0	75.0	151.0	Paolo_Manghi;Michal_Puncochar	ERR9709284
IaniroG_2022	FMT_43_t90	SBJ_30	stool	FMT	CDI	recipient_after	ITA	Rome	yes	90.0	IaniroG_2022_CDiff	IaniroG_2020_2022_277	36109637	NA	adult	no	6761378282.0	45001672.0	75.0	151.0	Paolo_Manghi;Michal_Puncochar	ERR9709302
IaniroG_2022	FMT_44_t0	SBJ_31	stool	CDI	CDI	recipient_before	ITA	Rome	yes	0.0	IaniroG_2022_CDiff	IaniroG_2020_2022_270	36109637	NA	adult	no	11991345410.0	79807663.0	75.0	151.0	Paolo_Manghi;Michal_Puncochar	ERR9709358
IaniroG_2022	FMT_45_t7	SBJ_31	stool	FMT	CDI	recipient_after	ITA	Rome	yes	7.0	IaniroG_2022_CDiff	IaniroG_2020_2022_270	36109637	NA	adult	no	4238252704.0	28189087.0	75.0	151.0	Paolo_Manghi;Michal_Puncochar	ERR9709308
IaniroG_2022	FMT_46_t15	SBJ_31	stool	FMT	CDI	recipient_after	ITA	Rome	yes	15.0	IaniroG_2022_CDiff	IaniroG_2020_2022_270	36109637	NA	adult	no	4285539853.0	28507962.0	75.0	151.0	Paolo_Manghi;Michal_Puncochar	ERR9709312
IaniroG_2022	FMT_61_t0	SBJ_32	stool	CDI	CDI	recipient_before	ITA	Rome	yes	0.0	IaniroG_2022_CDiff	IaniroG_2020_2022_276	36109637	NA	adult	no	1091376941.0	7257427.0	75.0	151.0	Paolo_Manghi;Michal_Puncochar	ERR9709294
IaniroG_2022	FMT_62_t15	SBJ_32	stool	FMT	CDI	recipient_after	ITA	Rome	yes	15.0	IaniroG_2022_CDiff	IaniroG_2020_2022_276	36109637	NA	adult	no	431954181.0	2878554.0	75.0	151.0	Paolo_Manghi;Michal_Puncochar	ERR9709293
IaniroG_2022	FMT_65_t180	SBJ_23	stool	FMT	CDI	recipient_after	ITA	Rome	yes	180.0	IaniroG_2022_CDiff	IaniroG_2020_2022_271	36109637	NA	adult	no	6148106533.0	40907221.0	75.0	151.0	Paolo_Manghi;Michal_Puncochar	ERR9709319
IaniroG_2022	FMT_66_t180	SBJ_24	stool	FMT	CDI	recipient_after	ITA	Rome	yes	180.0	IaniroG_2022_CDiff	IaniroG_2020_2022_272	36109637	NA	adult	no	4800606759.0	31960717.0	75.0	151.0	Paolo_Manghi;Michal_Puncochar	ERR9709317
IaniroG_2022	FMT_67_t90	SBJ_25	stool	FMT	CDI	recipient_after	ITA	Rome	yes	90.0	IaniroG_2022_CDiff	IaniroG_2020_2022_274	36109637	NA	adult	no	6374064032.0	42423578.0	75.0	151.0	Paolo_Manghi;Michal_Puncochar	ERR9709323
IaniroG_2022	FMT_68_t90	SBJ_26	stool	FMT	CDI	recipient_after	ITA	Rome	yes	90.0	IaniroG_2022_CDiff	IaniroG_2020_2022_278	36109637	NA	adult	no	7804525474.0	51961839.0	75.0	151.0	Paolo_Manghi;Michal_Puncochar	ERR9709353
IaniroG_2022	FMT_69_t180	SBJ_29	stool	FMT	CDI	recipient_after	ITA	Rome	yes	180.0	IaniroG_2022_CDiff	IaniroG_2020_2022_273	36109637	NA	adult	no	29806787703.0	198424752.0	75.0	151.0	Paolo_Manghi;Michal_Puncochar	ERR9709504
IaniroG_2022	FMT_70_t180	SBJ_30	stool	FMT	CDI	recipient_after	ITA	Rome	yes	180.0	IaniroG_2022_CDiff	IaniroG_2020_2022_277	36109637	NA	adult	no	3816950571.0	25394621.0	75.0	151.0	Paolo_Manghi;Michal_Puncochar	ERR9709321
IaniroG_2022	FMT_71_t90	SBJ_31	stool	FMT	CDI	recipient_after	ITA	Rome	yes	90.0	IaniroG_2022_CDiff	IaniroG_2020_2022_270	36109637	NA	adult	no	10048686955.0	66889483.0	75.0	151.0	Paolo_Manghi;Michal_Puncochar	ERR9709364
IaniroG_2022	FMT_73_t7	SBJ_33	stool	FMT	CDI	recipient_after	ITA	Rome	yes	7.0	IaniroG_2022_CDiff	NA	36109637	NA	adult	no	4698916165.0	31285093.0	75.0	151.0	Paolo_Manghi;Michal_Puncochar	ERR9709352
IaniroG_2022	FMT_74_t15	SBJ_33	stool	FMT	CDI	recipient_after	ITA	Rome	yes	15.0	IaniroG_2022_CDiff	NA	36109637	NA	adult	no	24065344889.0	160177737.0	75.0	151.0	Paolo_Manghi;Michal_Puncochar	ERR9709457
IaniroG_2022	FMT_75_t0	SBJ_34	stool	CDI	CDI	recipient_before	ITA	Rome	yes	0.0	IaniroG_2022_CDiff	NA	36109637	NA	adult	no	13363439084.0	88934335.0	75.0	151.0	Paolo_Manghi;Michal_Puncochar	ERR9709437
IaniroG_2022	FMT_76_t7	SBJ_34	stool	FMT	CDI	recipient_after	ITA	Rome	yes	7.0	IaniroG_2022_CDiff	NA	36109637	NA	adult	no	3409031413.0	22704989.0	75.0	151.0	Paolo_Manghi;Michal_Puncochar	ERR9709354
IaniroG_2022	FMT_77_t15	SBJ_34	stool	FMT	CDI	recipient_after	ITA	Rome	yes	15.0	IaniroG_2022_CDiff	NA	36109637	NA	adult	no	4982235732.0	33151971.0	75.0	151.0	Paolo_Manghi;Michal_Puncochar	ERR9709357
IaniroG_2022	FMT_78_t180	SBJ_34	stool	FMT	CDI	recipient_after	ITA	Rome	yes	180.0	IaniroG_2022_CDiff	NA	36109637	NA	adult	no	10896358646.0	72521825.0	75.0	151.0	Paolo_Manghi;Michal_Puncochar	ERR9709419
IaniroG_2022	FMT_79_t0	SBJ_35	stool	CDI	CDI	recipient_before	ITA	Rome	yes	0.0	IaniroG_2022_CDiff	IaniroG_2020_2022_280	36109637	NA	adult	no	3363693413.0	22380847.0	75.0	151.0	Paolo_Manghi;Michal_Puncochar	ERR9709355
IaniroG_2022	FMT_80_t15	SBJ_35	stool	FMT	CDI	recipient_after	ITA	Rome	yes	15.0	IaniroG_2022_CDiff	IaniroG_2020_2022_280	36109637	NA	adult	no	5301193139.0	35255335.0	75.0	151.0	Paolo_Manghi;Michal_Puncochar	ERR9709360
IaniroG_2022	FMT_DD_81	SBJ_36	stool	donor	healthy	donor	ITA	Rome	no	NA	IaniroG_2022_CDiff	IaniroG_2020_2022_270;IaniroG_2020_2022_272	36109637	NA	adult	no	7618304244.0	50702365.0	75.0	151.0	Paolo_Manghi;Michal_Puncochar	ERR9709394
IaniroG_2022	S2_FMT_01_t0	SBJ_37	stool	CDI	CDI	recipient_before	ITA	Rome	yes	0.0	IaniroG_2022_CDiff	IaniroG_2020_2022_286	36109637	NA	adult	no	13517363386.0	90058551.0	75.0	151.0	Paolo_Manghi;Michal_Puncochar	NA
IaniroG_2022	FMT_DD_19	SBJ_38	stool	donor	healthy	donor	ITA	Rome	no	NA	IaniroG_2022_CDiff	IaniroG_2020_2022_281;IaniroG_2020_2022_282;IaniroG_2020_2022_286	36109637	NA	adult	no	13217882804.0	88305505.0	75.0	151.0	Paolo_Manghi;Michal_Puncochar	ERR9709441
IaniroG_2022	S2_FMT_02_t7	SBJ_37	stool	FMT	CDI	recipient_after	ITA	Rome	yes	7.0	IaniroG_2022_CDiff	IaniroG_2020_2022_286	36109637	NA	adult	no	6590372252.0	44019037.0	75.0	151.0	Paolo_Manghi;Michal_Puncochar	NA
IaniroG_2022	S2_FMT_03_t15	SBJ_37	stool	FMT	CDI	recipient_after	ITA	Rome	yes	15.0	IaniroG_2022_CDiff	IaniroG_2020_2022_286	36109637	NA	adult	no	2561984079.0	17072276.0	75.0	151.0	Paolo_Manghi;Michal_Puncochar	NA
IaniroG_2022	S2_FMT_04_t30	SBJ_37	stool	FMT	CDI	recipient_after	ITA	Rome	yes	30.0	IaniroG_2022_CDiff	IaniroG_2020_2022_286	36109637	NA	adult	no	5804357418.0	38775576.0	75.0	151.0	Paolo_Manghi;Michal_Puncochar	NA
IaniroG_2022	FMT_05_t90	SBJ_37	stool	FMT	CDI	recipient_after	ITA	Rome	yes	90.0	IaniroG_2022_CDiff	IaniroG_2020_2022_286	36109637	NA	adult	no	10931765689.0	72974106.0	75.0	151.0	Paolo_Manghi;Michal_Puncochar	ERR9707881
IaniroG_2022	FMT_06_t0	SBJ_39	stool	CDI	CDI	recipient_before	ITA	Rome	yes	0.0	IaniroG_2022_CDiff	IaniroG_2020_2022_283	36109637	NA	adult	no	6326424358.0	42452991.0	75.0	151.0	Paolo_Manghi;Michal_Puncochar	ERR9707205
IaniroG_2022	FMT_DD_01	SBJ_40	stool	donor	healthy	donor	ITA	Rome	no	NA	IaniroG_2022_CDiff	IaniroG_2020_2022_283;IaniroG_2020_2022_288	36109637	NA	adult	no	8514771942.0	56800618.0	75.0	151.0	Paolo_Manghi;Michal_Puncochar	ERR9709373
IaniroG_2022	FMT_07_t7	SBJ_39	stool	FMT	CDI	recipient_after	ITA	Rome	yes	7.0	IaniroG_2022_CDiff	IaniroG_2020_2022_283	36109637	NA	adult	no	4407594363.0	29508957.0	75.0	151.0	Paolo_Manghi;Michal_Puncochar	ERR9707211
IaniroG_2022	FMT_09_t30	SBJ_39	stool	FMT	CDI	recipient_after	ITA	Rome	yes	30.0	IaniroG_2022_CDiff	IaniroG_2020_2022_283	36109637	NA	adult	no	8419312562.0	56224471.0	75.0	151.0	Paolo_Manghi;Michal_Puncochar	ERR9707882
IaniroG_2022	FMT_10_t90	SBJ_39	stool	FMT	CDI	recipient_after	ITA	Rome	yes	90.0	IaniroG_2022_CDiff	IaniroG_2020_2022_283	36109637	NA	adult	no	8486222201.0	56878978.0	75.0	151.0	Paolo_Manghi;Michal_Puncochar	ERR9707887
IaniroG_2022	FMT_11_t0	SBJ_41	stool	CDI	CDI	recipient_before	ITA	Rome	yes	0.0	IaniroG_2022_CDiff	IaniroG_2020_2022_288	36109637	NA	adult	no	7606254972.0	50981359.0	75.0	151.0	Paolo_Manghi;Michal_Puncochar	ERR9707885
IaniroG_2022	FMT_12_t7	SBJ_41	stool	FMT	CDI	recipient_after	ITA	Rome	yes	7.0	IaniroG_2022_CDiff	IaniroG_2020_2022_288	36109637	NA	adult	no	7074757553.0	47174951.0	75.0	151.0	Paolo_Manghi;Michal_Puncochar	ERR9708185
IaniroG_2022	FMT_13_t15	SBJ_41	stool	FMT	CDI	recipient_after	ITA	Rome	yes	15.0	IaniroG_2022_CDiff	IaniroG_2020_2022_288	36109637	NA	adult	no	4996578187.0	33328411.0	75.0	151.0	Paolo_Manghi;Michal_Puncochar	ERR9708136
IaniroG_2022	FMT_14_t30	SBJ_41	stool	FMT	CDI	recipient_after	ITA	Rome	yes	30.0	IaniroG_2022_CDiff	IaniroG_2020_2022_288	36109637	NA	adult	no	5501469715.0	36851810.0	75.0	151.0	Paolo_Manghi;Michal_Puncochar	ERR9708141
IaniroG_2022	FMT_15_t90	SBJ_41	stool	FMT	CDI	recipient_after	ITA	Rome	yes	90.0	IaniroG_2022_CDiff	IaniroG_2020_2022_288	36109637	NA	adult	no	4155953027.0	27751651.0	75.0	151.0	Paolo_Manghi;Michal_Puncochar	ERR9708142
IaniroG_2022	FMT_16_t0	SBJ_42	stool	CDI	CDI	recipient_before	ITA	Rome	yes	0.0	IaniroG_2022_CDiff	IaniroG_2020_2022_282	36109637	NA	adult	no	11460528927.0	76675113.0	75.0	151.0	Paolo_Manghi;Michal_Puncochar	ERR9709065
IaniroG_2022	FMT_17_t7	SBJ_42	stool	FMT	CDI	recipient_after	ITA	Rome	yes	7.0	IaniroG_2022_CDiff	IaniroG_2020_2022_282	36109637	NA	adult	no	10741458428.0	71739462.0	75.0	151.0	Paolo_Manghi;Michal_Puncochar	ERR9709066
IaniroG_2022	FMT_18_t30	SBJ_42	stool	FMT	CDI	recipient_after	ITA	Rome	yes	30.0	IaniroG_2022_CDiff	IaniroG_2020_2022_282	36109637	NA	adult	no	7392474922.0	49418938.0	75.0	151.0	Paolo_Manghi;Michal_Puncochar	ERR9708961
IaniroG_2022	FMT_19_t90	SBJ_42	stool	FMT	CDI	recipient_after	ITA	Rome	yes	90.0	IaniroG_2022_CDiff	IaniroG_2020_2022_282	36109637	NA	adult	no	6378302237.0	42668080.0	75.0	151.0	Paolo_Manghi;Michal_Puncochar	ERR9708962
IaniroG_2022	FMT_20_t0	SBJ_43	stool	CDI	CDI	recipient_before	ITA	Rome	yes	0.0	IaniroG_2022_CDiff	IaniroG_2020_2022_281	36109637	NA	adult	no	6264748737.0	41775031.0	75.0	151.0	Paolo_Manghi;Michal_Puncochar	ERR9708963
IaniroG_2022	FMT_21_t7	SBJ_43	stool	FMT	CDI	recipient_after	ITA	Rome	yes	7.0	IaniroG_2022_CDiff	IaniroG_2020_2022_281	36109637	NA	adult	no	631683492.0	4229308.0	75.0	151.0	Paolo_Manghi;Michal_Puncochar	ERR9708954
IaniroG_2022	FMT_22_t15	SBJ_43	stool	FMT	CDI	recipient_after	ITA	Rome	yes	15.0	IaniroG_2022_CDiff	IaniroG_2020_2022_281	36109637	NA	adult	no	2698566106.0	18028035.0	75.0	151.0	Paolo_Manghi;Michal_Puncochar	ERR9708959
IaniroG_2022	FMT_23_t30	SBJ_43	stool	FMT	CDI	recipient_after	ITA	Rome	yes	30.0	IaniroG_2022_CDiff	IaniroG_2020_2022_281	36109637	NA	adult	no	8662911849.0	57883132.0	75.0	151.0	Paolo_Manghi;Michal_Puncochar	ERR9709067
IaniroG_2022	FMT_24_t90	SBJ_43	stool	FMT	CDI	recipient_after	ITA	Rome	yes	90.0	IaniroG_2022_CDiff	IaniroG_2020_2022_281	36109637	NA	adult	no	6485297598.0	43241375.0	75.0	151.0	Paolo_Manghi;Michal_Puncochar	ERR9709063
IaniroG_2022	S2_FMT_25_t0	SBJ_44	stool	CDI	CDI	recipient_before	ITA	Rome	yes	0.0	IaniroG_2022_CDiff	IaniroG_2020_2022_287	36109637	NA	adult	no	18346678056.0	122250130.0	75.0	151.0	Paolo_Manghi;Michal_Puncochar	NA
IaniroG_2022	FMT_DD_02	SBJ_45	stool	control	healthy	donor	ITA	Rome	no	NA	IaniroG_2022_CDiff	IaniroG_2020_2022_284;IaniroG_2020_2022_285;IaniroG_2020_2022_287	36109637	NA	adult	no	8246431594.0	55057425.0	75.0	151.0	Paolo_Manghi;Michal_Puncochar	ERR9709393
IaniroG_2022	S2_FMT_26_t7	SBJ_44	stool	FMT	CDI	recipient_after	ITA	Rome	yes	7.0	IaniroG_2022_CDiff	IaniroG_2020_2022_287	36109637	NA	adult	no	10324449899.0	68970148.0	75.0	151.0	Paolo_Manghi;Michal_Puncochar	NA
IaniroG_2022	S2_FMT_27_t15	SBJ_44	stool	FMT	CDI	recipient_after	ITA	Rome	yes	15.0	IaniroG_2022_CDiff	IaniroG_2020_2022_287	36109637	NA	adult	no	5230125779.0	34995331.0	75.0	151.0	Paolo_Manghi;Michal_Puncochar	NA
IaniroG_2022	S2_FMT_28_t30	SBJ_44	stool	FMT	CDI	recipient_after	ITA	Rome	yes	30.0	IaniroG_2022_CDiff	IaniroG_2020_2022_287	36109637	NA	adult	no	8958075068.0	59764917.0	75.0	151.0	Paolo_Manghi;Michal_Puncochar	NA
IaniroG_2022	FMT_29_t90	SBJ_44	stool	FMT	CDI	recipient_after	ITA	Rome	yes	90.0	IaniroG_2022_CDiff	IaniroG_2020_2022_287	36109637	NA	adult	no	8563433733.0	57281152.0	75.0	151.0	Paolo_Manghi;Michal_Puncochar	ERR9709255
IaniroG_2022	FMT_30_t0	SBJ_46	stool	CDI	CDI	recipient-before	ITA	Rome	yes	0.0	IaniroG_2022_CDiff	IaniroG_2020_2022_285	36109637	NA	adult	no	10246402242.0	68546405.0	75.0	151.0	Paolo_Manghi;Michal_Puncochar	ERR9709279
IaniroG_2022	FMT_31_t7	SBJ_46	stool	FMT	CDI	recipient_after	ITA	Rome	yes	7.0	IaniroG_2022_CDiff	IaniroG_2020_2022_285	36109637	NA	adult	no	3428384211.0	23117361.0	75.0	151.0	Paolo_Manghi;Michal_Puncochar	ERR9709070
IaniroG_2022	FMT_32_t15	SBJ_46	stool	FMT	CDI	recipient_after	ITA	Rome	yes	15.0	IaniroG_2022_CDiff	IaniroG_2020_2022_285	36109637	NA	adult	no	8732958657.0	58352115.0	75.0	151.0	Paolo_Manghi;Michal_Puncochar	ERR9709276
IaniroG_2022	FMT_33_t30	SBJ_46	stool	FMT	CDI	recipient_after	ITA	Rome	yes	30.0	IaniroG_2022_CDiff	IaniroG_2020_2022_285	36109637	NA	adult	no	6118920507.0	40900064.0	75.0	151.0	Paolo_Manghi;Michal_Puncochar	ERR9709079
IaniroG_2022	FMT_34_t90	SBJ_46	stool	FMT	CDI	recipient_after	ITA	Rome	yes	90.0	IaniroG_2022_CDiff	IaniroG_2020_2022_285	36109637	NA	adult	no	3278175933.0	21921489.0	75.0	151.0	Paolo_Manghi;Michal_Puncochar	ERR9709078
IaniroG_2022	FMT_35_t0	SBJ_47	stool	CDI	CDI	recipient_before	ITA	Rome	yes	0.0	IaniroG_2022_CDiff	NA	36109637	NA	adult	no	16458283978.0	109972443.0	75.0	151.0	Paolo_Manghi;Michal_Puncochar	ERR9709322
IaniroG_2022	FMT_36_t7	SBJ_47	stool	FMT	CDI	recipient_after	ITA	Rome	yes	7.0	IaniroG_2022_CDiff	NA	36109637	NA	adult	no	5301321094.0	35515508.0	75.0	151.0	Paolo_Manghi;Michal_Puncochar	ERR9709278
IaniroG_2022	FMT_37_t15	SBJ_47	stool	FMT	CDI	recipient_after	ITA	Rome	yes	15.0	IaniroG_2022_CDiff	NA	36109637	NA	adult	no	9083093721.0	60718357.0	75.0	151.0	Paolo_Manghi;Michal_Puncochar	ERR9709307
IaniroG_2022	FMT_38_t30	SBJ_47	stool	FMT	CDI	recipient_after	ITA	Rome	yes	30.0	IaniroG_2022_CDiff	NA	36109637	NA	adult	no	6600267525.0	44186320.0	75.0	151.0	Paolo_Manghi;Michal_Puncochar	ERR9709285
IaniroG_2022	FMT_39_t90	SBJ_47	stool	FMT	CDI	recipient_after	ITA	Rome	yes	90.0	IaniroG_2022_CDiff	NA	36109637	NA	adult	no	7431168382.0	49584636.0	75.0	151.0	Paolo_Manghi;Michal_Puncochar	ERR9709289
IaniroG_2022	S2_FMT_40_t0	SBJ_48	stool	CDI	CDI	recipient_before	ITA	Rome	yes	0.0	IaniroG_2022_CDiff	IaniroG_2020_2022_284	36109637	NA	adult	no	5426891004.0	36304824.0	75.0	151.0	Paolo_Manghi;Michal_Puncochar	NA
IaniroG_2022	S2_FMT_41_t7	SBJ_48	stool	FMT	CDI	recipient_after	ITA	Rome	yes	7.0	IaniroG_2022_CDiff	IaniroG_2020_2022_284	36109637	NA	adult	no	5660232013.0	37840729.0	75.0	151.0	Paolo_Manghi;Michal_Puncochar	NA
IaniroG_2022	FMT_42_t15	SBJ_48	stool	FMT	CDI	recipient_after	ITA	Rome	yes	15.0	IaniroG_2022_CDiff	IaniroG_2020_2022_284	36109637	NA	adult	no	5859777004.0	39109768.0	75.0	151.0	Paolo_Manghi;Michal_Puncochar	ERR9709287
IaniroG_2022	FMT_43_t30	SBJ_48	stool	FMT	CDI	recipient_after	ITA	Rome	yes	30.0	IaniroG_2022_CDiff	IaniroG_2020_2022_284	36109637	NA	adult	no	9864987227.0	65960649.0	75.0	151.0	Paolo_Manghi;Michal_Puncochar	ERR9709314
IaniroG_2022	FMT_44_t90	SBJ_48	stool	FMT	CDI	recipient_after	ITA	Rome	yes	90.0	IaniroG_2022_CDiff	IaniroG_2020_2022_284	36109637	NA	adult	no	9704000633.0	64805607.0	75.0	151.0	Paolo_Manghi;Michal_Puncochar	ERR9709343
IaniroG_2022	R0_230300_t0	CAVI230300	stool	MDRB	MDRB	recipient_before	ITA	Rome	yes	0.0	IaniroG_2022_MDRB	IaniroG_2020_2022_289	36109637	18.0	schoolage	no	8453256685.0	56459975.0	75.0	151.0	Paolo_Manghi;Michal_Puncochar	ERR9709417
IaniroG_2022	R0_230300_t7	CAVI230300	stool	FMT	MDRB	recipient_after	ITA	Rome	yes	7.0	IaniroG_2022_MDRB	IaniroG_2020_2022_289	36109637	18.0	schoolage	no	17193605764.0	114738540.0	75.0	151.0	Paolo_Manghi;Michal_Puncochar	ERR9709458
IaniroG_2022	R1_200409_t0	COKO200409	stool	MDRB	MDRB	recipient_before	ITA	Rome	yes	0.0	IaniroG_2022_MDRB	IaniroG_2020_2022_290	36109637	9.0	child	no	13637186071.0	91119367.0	75.0	151.0	Paolo_Manghi;Michal_Puncochar	ERR9709454
IaniroG_2022	R1_200409_t30	COKO200409	stool	FMT	MDRB	recipient_after	ITA	Rome	yes	30.0	IaniroG_2022_MDRB	IaniroG_2020_2022_290	36109637	9.0	child	no	15129470638.0	100897095.0	75.0	151.0	Paolo_Manghi;Michal_Puncochar	ERR9709460
IaniroG_2022	R1_200409_t7	COKO200409	stool	FMT	MDRB	recipient_after	ITA	Rome	yes	7.0	IaniroG_2022_MDRB	IaniroG_2020_2022_290	36109637	9.0	child	no	5718746381.0	38110714.0	75.0	151.0	Paolo_Manghi;Michal_Puncochar	ERR9709435
IaniroG_2022	D_1118_R4_010202	FATHER	stool	donor	healthy	donor	ITA	Rome	no	NA	IaniroG_2022_IBD	IaniroG_2020_2022_294	36109637	NA	adult	no	9286688342.0	61964376.0	75.0	151.0	Paolo_Manghi;Michal_Puncochar	ERR9707213
IaniroG_2022	D_2646_R5_290108	UNIVERSAL DONOR	stool	donor	healthy	donor	ITA	Rome	no	NA	IaniroG_2022_IBD	IaniroG_2020_2022_295	36109637	NA	adult	no	12421677051.0	82779959.0	75.0	151.0	Paolo_Manghi;Michal_Puncochar	ERR9708128
IaniroG_2022	D_3185_R2_160304	FATHER	stool	donor	healthy	donor	ITA	Rome	no	NA	IaniroG_2022_IBD	IaniroG_2020_2022_291	36109637	NA	adult	no	3742683652.0	24951969.0	75.0	151.0	Paolo_Manghi;Michal_Puncochar	ERR9707186
IaniroG_2022	D_3313_R0_230300	UNIVERSAL DONOR	stool	donor	healthy	donor	ITA	Rome	no	NA	IaniroG_2022_MDRB	IaniroG_2020_2022_289	36109637	NA	adult	no	5764861496.0	38466555.0	75.0	151.0	Paolo_Manghi;Michal_Puncochar	ERR9707203
IaniroG_2022	D_5120_R1_200409-R4_041017	UNIVERSAL DONOR	stool	donor	healthy	donor	ITA	Rome	no	NA	IaniroG_2022_MDRB	IaniroG_2020_2022_290;IaniroG_2020_2022_293	36109637	NA	adult	no	6705968006.0	44839806.0	75.0	151.0	Paolo_Manghi;Michal_Puncochar	ERR9707206
IaniroG_2022	D_6911_R6_271006	UNIVERSAL DONOR	stool	donor	healthy	donor	ITA	Rome	no	NA	IaniroG_2022_MDRB	IaniroG_2020_2022_292;IaniroG_2020_2022_296	36109637	NA	adult	no	7021676444.0	46889418.0	75.0	151.0	Paolo_Manghi;Michal_Puncochar	ERR9707208
IaniroG_2022	R2_160304_t0	GRAN160304	stool	IBD	IBD	recipient_before	ITA	Rome	no	0.0	IaniroG_2022_IBD	IaniroG_2020_2022_291	36109637	14.0	schoolage	no	3466356154.0	23149047.0	75.0	151.0	Paolo_Manghi;Michal_Puncochar	ERR9709418
IaniroG_2022	R2_160304_t30	GRAN160304	stool	FMT	IBD	recipient_after	ITA	Rome	no	30.0	IaniroG_2022_IBD	IaniroG_2020_2022_291	36109637	14.0	schoolage	no	8025863725.0	53587725.0	75.0	151.0	Paolo_Manghi;Michal_Puncochar	ERR9709445
IaniroG_2022	R3_200508_t0	MAIO200508	stool	MDRB	MDRB	recipient_before	ITA	Rome	yes	0.0	IaniroG_2022_MDRB	IaniroG_2020_2022_292	36109637	11.0	child	no	6594602676.0	44058509.0	75.0	151.0	Paolo_Manghi;Michal_Puncochar	ERR9709442
IaniroG_2022	R3_200508_t30	MAIO200508	stool	FMT	MDRB	recipient_after	ITA	Rome	yes	30.0	IaniroG_2022_MDRB	IaniroG_2020_2022_292	36109637	11.0	child	no	7940057003.0	53069135.0	75.0	151.0	Paolo_Manghi;Michal_Puncochar	ERR9709453
IaniroG_2022	R4_010202_t0	MELO010202	stool	IBD	IBD	recipient_before	ITA	Rome	no	0.0	IaniroG_2022_IBD	IaniroG_2020_2022_293	36109637	15.0	schoolage	no	7882818194.0	52523778.0	75.0	151.0	Paolo_Manghi;Michal_Puncochar	ERR9709450
IaniroG_2022	R4_010202_t30	MELO010202	stool	FMT	IBD	recipient_after	ITA	Rome	no	30.0	IaniroG_2022_IBD	IaniroG_2020_2022_293	36109637	15.0	schoolage	no	8140554986.0	54312163.0	75.0	151.0	Paolo_Manghi;Michal_Puncochar	ERR9709451
IaniroG_2022	R4_041017_t0	MELO041017	stool	MDRB	MDRB	recipient_before	ITA	Rome	yes	0.0	IaniroG_2022_MDRB	IaniroG_2020_2022_294	36109637	1.0	child	no	7592467340.0	50656208.0	75.0	151.0	Paolo_Manghi;Michal_Puncochar	ERR9709452
IaniroG_2022	R4_041017_t30	MELO041017	stool	FMT	MDRB	recipient_after	ITA	Rome	yes	30.0	IaniroG_2022_MDRB	IaniroG_2020_2022_294	36109637	1.0	child	no	6257122229.0	41725886.0	75.0	151.0	Paolo_Manghi;Michal_Puncochar	ERR9709455
IaniroG_2022	R5_290108_t0	RODI290108	stool	IBD	IBD	recipient_before	ITA	Rome	no	0.0	IaniroG_2022_IBD	IaniroG_2020_2022_295	36109637	10.0	child	no	188840009.0	1258958.0	75.0	151.0	Paolo_Manghi;Michal_Puncochar	ERR9709443
IaniroG_2022	R5_290108_t7	RODI290108	stool	FMT	IBD	recipient_after	ITA	Rome	no	7.0	IaniroG_2022_IBD	IaniroG_2020_2022_295	36109637	10.0	child	no	1043406871.0	6942706.0	75.0	151.0	Paolo_Manghi;Michal_Puncochar	ERR9709447
IaniroG_2022	R6_271006_t0	SUAL271006	stool	MDRB	MDRB	recipient_before	ITA	Rome	yes	0.0	IaniroG_2022_MDRB	IaniroG_2020_2022_296	36109637	13.0	schoolage	no	9453483684.0	62983144.0	75.0	151.0	Paolo_Manghi;Michal_Puncochar	ERR9709501
IaniroG_2022	R6_271006_t30	SUAL271006	stool	FMT	MDRB	recipient_after	ITA	Rome	yes	30.0	IaniroG_2022_MDRB	IaniroG_2020_2022_296	36109637	13.0	schoolage	no	19274302709.0	128471101.0	75.0	151.0	Paolo_Manghi;Michal_Puncochar	ERR9709530
