study_name	sample_id	subject_id	body_site	antibiotics_current_use	antibiotics_family	treatment	study_condition	disease	age	age_category	gender	BMI	country	non_westernized	sequencing_platform	PMID	number_reads	number_bases	minimum_read_length	median_read_length	NCBI_accession	insulin_cat	triglycerides	cholesterol	hdl	ldl	adiponectin	hba1c	c_peptide	glp_1	cd163	il_1	leptin	glucose	fgf_19	glutamate_decarboxylase_2_antibody	creatinine	hscrp	curator
KarlssonFH_2013	S112	S112	stool	no	NA	statins	IGT	IGT	69	senior	female	24.9	SWE	no	IlluminaHiSeq	23719380	19348860	1954234860	101	101	ERR260249	no	95.70894677384001	202.2428448	38.27625652224	31.69752493248	22.2	79.2	1.83183	0.1	932.26	0.0	12.2	142.3422	115.77	0.0	65	1.15	Paolo_Manghi;Marisa_Metzger
KarlssonFH_2013	S118	S118	stool	no	NA	no	control	healthy	70	senior	female	32.7	SWE	no	IlluminaHiSeq	23719380	32745496	3307295096	101	101	ERR260250	no	47.854473386920006	212.2969824	20.1847446504	57.86293466448001	12.3	72.6	1.5315299999999998	0.7	522.14	0.0	23.0	95.4954	108.38	1.8	74	2.16	Paolo_Manghi;Marisa_Metzger
KarlssonFH_2013	S121	S121	stool	no	NA	statins	control	healthy	69	senior	female	29.7	SWE	no	IlluminaHiSeq	23719380	24783600	2503143600	101	101	ERR260251	no	43.1474760046	200.3093568	42.16368882528	31.54800830544	12.2	79.2	2.7027	0.8	767.02	0.0	72.1	106.3062	156.83	0.1	68	1.13	Paolo_Manghi;Marisa_Metzger
KarlssonFH_2013	S126	S126	stool	no	NA	no	control	healthy	69	senior	female	18.6	DEU	no	IlluminaHiSeq	23719380	29518826	2981401426	101	101	ERR260252	no	77.66545680828	257.9272992	40.66852255488	52.330819463999994	15.6	81.4	1.5015	0.1	806.45	0.0	4.75	81.081	100.46	0.7	63	0.39	Paolo_Manghi;Marisa_Metzger
KarlssonFH_2013	S127	S127	stool	no	NA	no	control	healthy	70	senior	female	26.6	SWE	no	IlluminaHiSeq	23719380	24554634	2480018034	101	101	ERR260253	no	90.21744982780001	235.4988384	20.9323277856	62.34843347568001	11.7	79.2	3.42342	NA	NA	NA	25.4	113.5134	NA	0.7	114	0.68	Paolo_Manghi;Marisa_Metzger
KarlssonFH_2013	S131	S131	stool	no	NA	no	IGT	IGT	69	senior	female	26.5	SWE	no	IlluminaHiSeq	23719380	25818192	2607637392	101	101	ERR260254	no	148.27041754308001	181.747872	15.699245839200001	41.8646555712	7.0	83.6	5.34534	1.4	1107.28	0.0	29.6	102.7026	147.82	0.2	71	26.51	Paolo_Manghi;Marisa_Metzger
KarlssonFH_2013	S137	S137	stool	no	NA	NA	control	healthy	70	senior	female	23.2	SWE	no	IlluminaHiSeq	23719380	8310416	797799936	96	96	ERR260268	no	72.17395986224	294.6635712	33.04317457584	74.60879689296	17.4	79.2	2.16216	0.3	637.54	0.0	11.3	90.09	122.88	0.8	58	0.82	Paolo_Manghi;Marisa_Metzger
KarlssonFH_2013	S141	S141	stool	no	NA	statins	control	healthy	69	senior	female	25.1	SWE	no	IlluminaHiSeq	23719380	19800586	1999859186	101	101	ERR260255	no	52.561470769239996	186.7749408	38.27625652224	29.45477552688	21.4	77.0	1.32132	0.8	710.69	0.0	8.96	82.8828	33.33	0.3	75	1.9	Paolo_Manghi;Marisa_Metzger
KarlssonFH_2013	S143	S143	stool	no	NA	statins	control	healthy	69	senior	female	28.8	SWE	no	IlluminaHiSeq	23719380	29845020	3014347020	101	101	ERR260256	no	106.69194066591999	233.56535040000003	33.94027433808	47.0977375176	12.3	81.4	2.37237	0.1	814.43	0.0	22.9	88.2882	172.94	0.2	71	0.56	Paolo_Manghi;Marisa_Metzger
KarlssonFH_2013	S144	S144	stool	no	NA	no	IGT	IGT	69	senior	female	24.0	SWE	no	IlluminaHiSeq	23719380	45073856	4552459456	101	101	ERR260257	no	79.23445593571999	237.4323264	29.903325408	55.02211875072	16.4	83.6	1.92192	0.9	810.44	0.0	14.5	104.5044	91.32	0.7	94	1.27	Paolo_Manghi;Marisa_Metzger
KarlssonFH_2013	S146	S146	stool	no	NA	no	control	healthy	69	senior	female	36.9	SWE	no	IlluminaHiSeq	23719380	23655754	2389231154	101	101	ERR260258	no	91.78644895524	250.1933472	20.48377790448	68.47861518431999	21.1	81.4	1.6816799999999998	0.1	918.41	0.0	42.6	81.081	85.29	0.4	72	7.68	Paolo_Manghi;Marisa_Metzger
KarlssonFH_2013	S153	S153	stool	no	NA	no	control	healthy	70	senior	female	21.6	DEU	no	IlluminaHiSeq	23719380	38903876	3929291476	101	101	ERR260259	no	32.94898167624	266.0479488	37.82770664112	62.19891684864	27.6	81.4	1.47147	0.4	639.78	0.0	6.16	100.9008	66.99	0.5	63	1.5	Paolo_Manghi;Marisa_Metzger
KarlssonFH_2013	S155	S155	stool	no	NA	no	control	healthy	70	senior	female	21.5	FRA	no	IlluminaHiSeq	23719380	38363260	3874689260	101	101	ERR260260	no	65.11346378876	215.0038656	35.1364073544	42.313205452320005	16.5	81.4	2.1021	0.3	476.37	0.0	8.49	90.09	131.88	0.0	62	0.6	Paolo_Manghi;Marisa_Metzger
KarlssonFH_2013	S158	S158	stool	no	NA	metformin	T2D	T2D	68	senior	female	31.2	SWE	no	IlluminaHiSeq	23719380	40135708	4053706508	101	101	ERR260261	no	117.67493455799999	203.4029376	28.557675764640003	40.07045604672	10.5	116.6	8.1081	4.8	1073.95	0.0	33.4	198.198	56.02	0.4	97	6.48	Paolo_Manghi;Marisa_Metzger
KarlssonFH_2013	S186	S186	stool	no	NA	no	IGT	IGT	70	senior	female	23.6	SWE	no	IlluminaHiSeq	23719380	29658228	2995481028	101	101	ERR260262	no	47.069973823199994	204.5630304	33.19269120288	41.8646555712	20.1	88.0	1.65165	1.4	608.62	0.0	11.4	100.9008	172.68	0.2	52	0.51	Paolo_Manghi;Marisa_Metzger
KarlssonFH_2013	S187	S187	stool	no	NA	no	control	healthy	70	senior	female	24.6	SWE	no	IlluminaHiSeq	23719380	45176390	4562815390	101	101	ERR260263	no	92.57094851896	245.552976	26.015893104960004	60.853267205280005	10.1	79.2	2.1021	0.3	817.84	0.0	28.5	95.4954	73.53	0.2	85	2.26	Paolo_Manghi;Marisa_Metzger
KarlssonFH_2013	S193	S193	stool	no	NA	no	control	healthy	70	senior	female	24.2	SWE	no	IlluminaHiSeq	23719380	49036084	4952644484	101	101	ERR260264	no	131.79592670496	251.74013760000003	34.3888242192	51.5832363288	11.7	88.0	2.49249	0.1	603.82	0.0	11.5	104.5044	97.98	0.3	56	0.71	Paolo_Manghi;Marisa_Metzger
KarlssonFH_2013	S194	S194	stool	no	NA	statins	control	healthy	70	senior	female	21.9	SWE	no	IlluminaHiSeq	23719380	44043924	4448436324	101	101	ERR260265	no	70.6049607348	160.479504	26.61395961312	29.305258899840002	14.4	83.6	2.82282	1.4	807.93	0.0	15.1	102.7026	73.58	0.0	80	0.21	Paolo_Manghi;Marisa_Metzger
KarlssonFH_2013	S195	S195	stool	no	NA	no	control	healthy	71	senior	female	28.4	SWE	no	IlluminaHiSeq	23719380	38875356	3926410956	101	101	ERR260266	no	103.55394241104	203.01624	19.73619476928	49.78903680432	11.4	77.0	1.86186	3.4	657.49	0.0	27.0	90.09	111.89	0.1	71	3.84	Paolo_Manghi;Marisa_Metzger
KarlssonFH_2013	S198	S198	stool	no	NA	no	control	healthy	69	senior	female	26.1	SWE	no	IlluminaHiSeq	23719380	40382652	4078647852	101	101	ERR260267	no	80.01895549944	240.9126048	33.34220782992	52.77936934512	17.1	77.0	2.61261	0.9	1033.03	0.0	18.8	120.7206	103.25	0.3	72	3.0	Paolo_Manghi;Marisa_Metzger
KarlssonFH_2013	S200	S200	stool	no	NA	statins	IGT	IGT	69	senior	female	29.2	SWE	no	IlluminaHiSeq	23719380	38103798	3848483598	101	101	ERR260228	no	163.17590925376	197.215776	19.88571139632	42.313205452320005	9.65	90.2	2.82282	0.1	690.19	0.26	23.4	104.5044	87.99	0.1	71	1.52	Paolo_Manghi;Marisa_Metzger
KarlssonFH_2013	S205	S205	stool	no	NA	metformin;statins	T2D	T2D	70	senior	female	24.9	SWE	no	IlluminaHiSeq	23719380	28722460	2900968460	101	101	ERR260229	no	117.67493455799999	169.3735488	23.32459381824	32.1460748136	11.6	129.8	2.73273	3.6	676.39	0.0	23.2	149.5494	68.8	0.6	97	1.28	Paolo_Manghi;Marisa_Metzger
KarlssonFH_2013	S224	S224	stool	no	NA	statins	control	healthy	69	senior	female	26.5	SWE	no	IlluminaHiSeq	23719380	19767240	1996491240	101	101	ERR260230	no	75.31195811712	136.50425280000002	19.13812826112	27.212026121279997	11.0	81.4	2.1021	1.7	715.62	0.0	17.1	102.7026	49.67	0.6	74	7.03	Paolo_Manghi;Marisa_Metzger
KarlssonFH_2013	S225	S225	stool	no	NA	no	control	healthy	70	senior	female	26.1	SWE	no	IlluminaHiSeq	23719380	20784914	2099276314	101	101	ERR260231	no	54.13046989668001	248.6465568	31.398491678400003	60.10568407008	11.0	79.2	2.43243	0.2	389.8	0.0	14.8	113.5134	58.24	0.3	65	13.56	Paolo_Manghi;Marisa_Metzger
KarlssonFH_2013	S227	S227	stool	no	NA	no	IGT	IGT	69	senior	female	24.0	SWE	no	IlluminaHiSeq	23719380	18666804	1885347204	101	101	ERR260232	no	65.89796335248	237.819024	33.641241084	52.77936934512	15.7	79.2	1.74174	1.7	766.81	0.0	30.3	104.5044	297.92	0.9	68	1.15	Paolo_Manghi;Marisa_Metzger
KarlssonFH_2013	S229	S229	stool	no	NA	no	IGT	IGT	69	senior	female	27.4	SWE	no	IlluminaHiSeq	23719380	20674898	2088164698	101	101	ERR260233	no	111.39893804824	254.4470208	23.02556056416	65.7873158976	9.28	77.0	2.94294	0.1	989.69	0.0	28.4	86.4864	69.8	0.4	64	5.67	Paolo_Manghi;Marisa_Metzger
KarlssonFH_2013	S231	S231	stool	no	NA	no	control	healthy	70	senior	female	25.7	SWE	no	IlluminaHiSeq	23719380	24580092	2482589292	101	101	ERR260234	no	94.13994764639999	235.885536	27.212026121279997	55.91921851295999	15.8	68.2	2.25225	0.8	592.01	0.0	21.7	88.2882	65.28	0.2	64	1.49	Paolo_Manghi;Marisa_Metzger
KarlssonFH_2013	S235	S235	stool	no	NA	metformin;statins;insulin	T2D	T2D	69	senior	female	36.4	DEU	no	IlluminaHiSeq	23719380	15067162	1521783362	101	101	ERR260235	yes	313.799825488	194.1221952	17.9419952448	30.351875289120002	8.59	167.2	4.05405	2.0	641.53	0.0	57.5	201.8016	70.38	0.8	110	1.34	Paolo_Manghi;Marisa_Metzger
KarlssonFH_2013	S239	S239	stool	no	NA	no	IGT	IGT	71	senior	female	25.1	SWE	no	IlluminaHiSeq	23719380	20156288	2035785088	101	101	ERR260236	no	152.9774149254	257.153904	18.09151187184	68.32909855728	16.8	72.6	2.52252	1.8	699.12	0.0	16.1	95.4954	91.03	56.6	65	1.36	Paolo_Manghi;Marisa_Metzger
KarlssonFH_2013	S243	S243	stool	no	NA	no	IGT	IGT	70	senior	female	26.9	SWE	no	IlluminaHiSeq	23719380	27182734	2745456134	101	101	ERR260237	no	90.21744982780001	206.883216	35.1364073544	37.22964013295999	15.2	74.8	2.34234	1.4	458.06	0.0	35.2	111.7116	125.85	1.3	69	4.11	Paolo_Manghi;Marisa_Metzger
KarlssonFH_2013	S244	S244	stool	no	NA	metformin	T2D	T2D	69	senior	female	32.8	SWE	no	IlluminaHiSeq	23719380	28080196	2836099796	101	101	ERR260238	no	285.55784119408	274.555296	15.848762466239998	65.7873158976	10.0	114.4	6.006	NA	NA	NA	40.3	218.0178	NA	0.6	65	4.64	Paolo_Manghi;Marisa_Metzger
KarlssonFH_2013	S248	S248	stool	no	NA	metformin	T2D	T2D	69	senior	female	31.3	SWE	no	IlluminaHiSeq	23719380	25515900	2577105900	101	101	ERR260239	no	98.84694502872	206.4965184	28.10912588352	43.359821841599995	6.85	105.6	2.4024	1.5	856.49	0.0	48.2	131.5314	91.9	1.6	64	2.88	Paolo_Manghi;Marisa_Metzger
KarlssonFH_2013	S249	S249	stool	no	NA	statins	IGT	IGT	70	senior	female	23.1	SWE	no	IlluminaHiSeq	23719380	10072012	966913152	96	96	ERR260269	no	54.13046989668001	182.9079648	29.903325408	36.18302374368	13.5	99.0	2.91291	1.3	704.67	0.0	14.6	88.2882	76.69	0.6	62	1.38	Paolo_Manghi;Marisa_Metzger
KarlssonFH_2013	S258	S258	stool	no	NA	metformin;statins	T2D	T2D	69	senior	female	34.2	SWE	no	IlluminaHiSeq	23719380	26470326	2673502926	101	101	ERR260240	no	157.68441230771998	162.0262944	17.04489548256	32.1460748136	8.5	92.4	6.006	7.5	767.49	0.0	45.2	147.7476	158.27	0.1	60	1.55	Paolo_Manghi;Marisa_Metzger
KarlssonFH_2013	S263	S263	stool	no	NA	statins	T2D	T2D	69	senior	female	25.1	SWE	no	IlluminaHiSeq	23719380	23163254	2339488654	101	101	ERR260241	no	76.88095724456	158.9327136	27.6605760024	27.212026121279997	16.2	96.8	1.6816799999999998	0.1	635.58	0.0	8.79	93.6936	123.56	0.4	65	1.44	Paolo_Manghi;Marisa_Metzger
KarlssonFH_2013	S264	S264	stool	no	NA	no	control	healthy	69	senior	female	24.0	SWE	no	IlluminaHiSeq	23719380	15859028	1601761828	101	101	ERR260242	no	65.11346378876	208.4300064	31.69752493248	43.359821841599995	30.2	81.4	1.62162	1.1	522.79	0.0	14.7	90.09	146.48	0.2	72	0.63	Paolo_Manghi;Marisa_Metzger
KarlssonFH_2013	S268	S268	stool	no	NA	no	control	healthy	69	senior	female	25.1	SWE	no	IlluminaHiSeq	23719380	22742796	2297022396	101	101	ERR260243	no	72.95845942596	247.486464	29.00622564576	60.40471732416	15.7	81.4	1.77177	0.1	552.14	0.0	7.33	106.3062	75.4	0.6	69	0.94	Paolo_Manghi;Marisa_Metzger
KarlssonFH_2013	S269	S269	stool	no	NA	no	control	healthy	70	senior	female	32.1	SWE	no	IlluminaHiSeq	23719380	19204028	1939606828	101	101	ERR260244	no	72.95845942596	221.57772480000003	37.22964013295999	42.313205452320005	13.1	74.8	1.83183	0.1	766.32	0.0	39.4	106.3062	149.89	0.0	58	1.12	Paolo_Manghi;Marisa_Metzger
KarlssonFH_2013	S278	S278	stool	no	NA	no	IGT	IGT	70	senior	female	33.9	NOR	no	IlluminaHiSeq	23719380	26841956	2711037556	101	101	ERR260245	no	55.69946902412	259.8607872	27.36154274832	68.32909855728	14.1	79.2	2.43243	0.8	745.27	0.0	44.9	95.4954	90.97	0.6	64	7.05	Paolo_Manghi;Marisa_Metzger
KarlssonFH_2013	S286	S286	stool	no	NA	metformin;statins	T2D	T2D	69	senior	female	23.0	DNK	no	IlluminaHiSeq	23719380	11057174	1061488704	96	96	ERR260270	no	73.74295898968	185.614848	28.557675764640003	36.78109025184	9.34	101.2	2.37237	0.7	683.31	0.0	19.1	192.7926	36.12	0.0	54	0.82	Paolo_Manghi;Marisa_Metzger
KarlssonFH_2013	S288	S288	stool	no	NA	no	control	healthy	70	senior	female	26.1	SWE	no	IlluminaHiSeq	23719380	24650958	2489746758	101	101	ERR260246	no	89.43295026408	170.146944	20.63329453152	37.52867338704	20.5	77.0	1.89189	0.8	602.49	0.0	8.53	120.7206	114.86	0.1	59	1.24	Paolo_Manghi;Marisa_Metzger
KarlssonFH_2013	S290	S290	stool	no	NA	no	IGT	IGT	70	senior	female	23.8	SWE	no	IlluminaHiSeq	23719380	23278288	2351107088	101	101	ERR260247	no	183.57289791048	220.8043296	21.97894417488	47.69580402576001	10.1	92.4	2.67267	0.9	702.19	0.0	20.1	109.9098	455.48	0.4	77	1.26	Paolo_Manghi;Marisa_Metzger
KarlssonFH_2013	S297	S297	stool	no	NA	no	T2D	T2D	69	senior	female	22.0	SWE	no	IlluminaHiSeq	23719380	7935474	761805504	96	96	ERR260271	no	66.6824629162	272.621808	30.20235866208	69.37571494656	15.1	77.0	2.22222	0.1	765.46	0.0	10.9	108.108	50.89	0.1	65	1.54	Paolo_Manghi;Marisa_Metzger
KarlssonFH_2013	S299	S299	stool	no	NA	statins	IGT	IGT	70	senior	female	26.1	SWE	no	IlluminaHiSeq	23719380	22601588	2282760388	101	101	ERR260248	no	135.71842452356	271.0750176	21.23136103968	71.91749760624	10.9	88.0	3.54354	11.2	839.61	0.0	19.9	82.8828	172.12	1.0	70	0.67	Paolo_Manghi;Marisa_Metzger
KarlssonFH_2013	S304	S304	stool	no	NA	statins	IGT	IGT	70	senior	female	29.1	SWE	no	IlluminaHiSeq	23719380	27288910	2756179910	101	101	ERR260132	no	70.6049607348	164.34648	23.1750771912	34.3888242192	15.5	92.4	2.04204	NA	NA	NA	21.1	102.7026	NA	3.0	57	0.49	Paolo_Manghi;Marisa_Metzger
KarlssonFH_2013	S305	S305	stool	no	NA	no	IGT	IGT	70	senior	female	21.5	SWE	no	IlluminaHiSeq	23719380	26377590	2664136590	101	101	ERR260133	no	106.69194066591999	242.84609280000004	26.314926359039998	58.461001172639996	20.7	90.2	1.83183	1.6	617.9	4.64	7.01	102.7026	202.04	0.8	54	0.13	Paolo_Manghi;Marisa_Metzger
KarlssonFH_2013	S312	S312	stool	no	NA	no	IGT	IGT	70	senior	female	26.7	SWE	no	IlluminaHiSeq	23719380	147994042	14947398242	101	101	ERR260134	no	72.95845942596	203.01624	34.98689072736	37.22964013295999	23.3	79.2	2.13213	0.4	688.31	0.0	36.0	122.5224	79.48	0.9	73	3.14	Paolo_Manghi;Marisa_Metzger
KarlssonFH_2013	S317	S317	stool	no	NA	no	IGT	IGT	70	senior	female	26.0	SWE	no	IlluminaHiSeq	23719380	138428860	13981314860	101	101	ERR260135	no	42.36297644088	221.57772480000003	36.78109025184	45.154021366079995	13.2	83.6	2.52252	0.1	501.25	0.0	28.0	108.108	260.83	0.1	92	0.83	Paolo_Manghi;Marisa_Metzger
KarlssonFH_2013	S327	S327	stool	no	NA	no	IGT	IGT	70	senior	female	30.9	SWE	no	IlluminaHiSeq	23719380	25638112	2589449312	101	101	ERR260136	no	80.80345506316	249.419952	34.98689072736	54.5735688696	15.6	74.8	2.31231	0.0	889.07	0.0	38.5	91.8918	77.77	2.0	76	0.49	Paolo_Manghi;Marisa_Metzger
KarlssonFH_2013	S330	S330	stool	no	NA	statins	IGT	IGT	70	senior	female	29.6	SWE	no	IlluminaHiSeq	23719380	19232142	1942446342	101	101	ERR260137	no	85.51045244548	173.2405248	32.594624694720004	27.062509494239997	11.3	74.8	2.76276	0.5	894.24	0.0	37.6	106.3062	98.57	0.1	182	2.26	Paolo_Manghi;Marisa_Metzger
KarlssonFH_2013	S332	S332	stool	no	NA	statins	IGT	IGT	71	senior	female	29.2	SWE	no	IlluminaHiSeq	23719380	33969438	3430913238	101	101	ERR260138	no	74.5274585534	250.5800448	42.6122387064	47.8453206528	24.6	83.6	4.05405	1.1	894.44	0.0	57.1	124.3242	344.52	0.1	112	5.68	Paolo_Manghi;Marisa_Metzger
KarlssonFH_2013	S334	S334	stool	no	NA	statins	T2D	T2D	70	senior	female	25.9	SWE	no	IlluminaHiSeq	23719380	20165114	2036676514	101	101	ERR260139	no	105.9074411022	147.71848319999995	20.1847446504	27.959609256479997	8.54	72.6	3.66366	1.3	276.65	0.0	7.02	120.7206	82.53	4.7	59	1.07	Paolo_Manghi;Marisa_Metzger
KarlssonFH_2013	S342	S342	stool	no	NA	no	IGT	IGT	70	senior	female	22.3	SWE	no	IlluminaHiSeq	23719380	8218862	789010752	96	96	ERR260272	no	61.19096597016	225.0580032	31.99655818656	49.78903680432	20.6	81.4	2.13213	0.5	564.43	0.0	6.21	115.3152	125.01	0.0	67	0.69	Paolo_Manghi;Marisa_Metzger
KarlssonFH_2013	S344	S344	stool	no	NA	no	T2D	T2D	70	senior	female	41.8	SWE	no	IlluminaHiSeq	23719380	19166900	1935856900	101	101	ERR260140	no	120.81293281288	225.8313984	17.79247861776	59.208584307840006	6.75	79.2	5.5255199999999975	0.6	1004.0	2.41	105.0	84.6846	138.55	0.5	85	11.37	Paolo_Manghi;Marisa_Metzger
KarlssonFH_2013	S347	S347	stool	no	NA	no	IGT	IGT	71	senior	female	24.7	SWE	no	IlluminaHiSeq	23719380	24639634	2488603034	101	101	ERR260141	no	74.5274585534	201.082752	31.54800830544	39.6219061656	13.0	72.6	2.22222	1.0	941.35	0.85	22.5	97.2972	202.14	0.0	63	0.69	Paolo_Manghi;Marisa_Metzger
KarlssonFH_2013	S349	S349	stool	no	NA	no	IGT	IGT	70	senior	female	19.6	SWE	no	IlluminaHiSeq	23719380	24283274	2452610674	101	101	ERR260142	no	53.34597033295999	174.4006176	27.959609256479997	34.98689072736	9.36	59.4	1.74174	0.6	816.53	0.0	7.06	97.2972	215.11	0.1	48	10.06	Paolo_Manghi;Marisa_Metzger
KarlssonFH_2013	S350	S350	stool	no	NA	no	IGT	IGT	70	senior	female	28.2	SWE	no	IlluminaHiSeq	23719380	28209356	2849144956	101	101	ERR260143	no	80.01895549944	212.2969824	32.29559144064	42.91127196048	12.9	101.2	2.07207	0.9	559.14	0.0	23.3	97.2972	52.1	0.2	61	0.42	Paolo_Manghi;Marisa_Metzger
KarlssonFH_2013	S353	S353	stool	no	NA	statins	T2D	T2D	69	senior	female	29.1	SWE	no	IlluminaHiSeq	23719380	24593094	2483902494	101	101	ERR260144	no	80.01895549944	218.484144	21.53039429376	56.06873514	26.6	103.4	3.24324	2.7	703.12	6.4	36.3	176.5764	130.04	0.6	78	2.35	Paolo_Manghi;Marisa_Metzger
KarlssonFH_2013	S354	S354	stool	no	NA	statins	IGT	IGT	70	senior	female	32.9	SVK	no	IlluminaHiSeq	23719380	28040928	2832133728	101	101	ERR260145	no	127.87342888636002	224.284608	21.97894417488	53.82598573439999	9.67	81.4	3.09309	NA	NA	NA	31.7	109.9098	NA	0.7	58	0.85	Paolo_Manghi;Marisa_Metzger
KarlssonFH_2013	S356	S356	stool	no	NA	no	IGT	IGT	70	senior	female	27.1	SWE	no	IlluminaHiSeq	23719380	27775412	2805316612	101	101	ERR260146	no	131.01142714123998	287.7030144	29.00622564576	71.16991447104	8.13	83.6	2.79279	4.0	901.82	1.73	28.9	73.8738	61.97	1.5	81	4.48	Paolo_Manghi;Marisa_Metzger
KarlssonFH_2013	S365	S365	stool	no	NA	no	control	healthy	71	senior	female	24.8	SWE	no	IlluminaHiSeq	23719380	27938300	2821768300	101	101	ERR260147	no	71.38946029851998	218.8708416	35.73447386255999	42.76175533344	16.8	88.0	1.56156	1.5	655.19	0.0	23.3	104.5044	142.31	0.8	72	1.18	Paolo_Manghi;Marisa_Metzger
KarlssonFH_2013	S367	S367	stool	no	NA	no	IGT	IGT	70	senior	female	32.3	SVK	no	IlluminaHiSeq	23719380	21879794	2209859194	101	101	ERR260148	no	498.1572229622	253.286928	12.11084679024	43.06078858752	7.81	83.6	4.56456	NA	NA	NA	42.1	70.2702	NA	0.9	60	21.0	Paolo_Manghi;Marisa_Metzger
KarlssonFH_2013	S370	S370	stool	no	NA	metformin;statins	T2D	T2D	70	senior	female	28.0	SWE	no	IlluminaHiSeq	23719380	30512864	3081799264	101	101	ERR260149	no	97.27794590128	195.282288	15.10117933104	50.835653193599995	7.46	127.6	8.4084	13.1	1218.49	0.1	37.5	158.5584	110.08	0.8	95	3.26	Paolo_Manghi;Marisa_Metzger
KarlssonFH_2013	S372	S372	stool	no	NA	no	IGT	IGT	71	senior	female	39.7	SWE	no	IlluminaHiSeq	23719380	30132010	3043333010	101	101	ERR260150	no	121.5974323766	288.4764096	28.856709018720004	72.21653086031999	14.5	92.4	3.003	0.7	1007.16	0.55	91.8	104.5044	253.72	0.9	132	13.2	Paolo_Manghi;Marisa_Metzger
KarlssonFH_2013	S378	S378	stool	no	NA	no	T2D	T2D	71	senior	female	21.4	SWE	no	IlluminaHiSeq	23719380	26043874	2630431274	101	101	ERR260151	no	79.23445593571999	216.9373536	26.61395961312	50.38710331248	21.3	99.0	1.2012	0.3	568.0	9.54	5.47	109.9098	57.14	0.5	54	0.9	Paolo_Manghi;Marisa_Metzger
KarlssonFH_2013	S380	S380	stool	no	NA	statins	T2D	T2D	71	senior	female	30.6	SWE	no	IlluminaHiSeq	23719380	17956034	1813559434	101	101	ERR260152	no	185.14189703792	169.76024640000003	15.848762466239998	33.79075771104	9.84	107.8	4.2042	0.7	677.67	0.0	36.0	117.117	160.61	0.9	69	1.84	Paolo_Manghi;Marisa_Metzger
KarlssonFH_2013	S381	S381	stool	no	NA	no	control	healthy	70	senior	female	25.8	SWE	no	IlluminaHiSeq	23719380	27835062	2811341262	101	101	ERR260153	no	98.062445465	270.68832000000003	18.54006175296	77.7486460608	19.2	74.8	1.77177	3.8	1216.26	0.0	16.2	73.8738	97.35	0.4	74	1.47	Paolo_Manghi;Marisa_Metzger
KarlssonFH_2013	S384	S384	stool	no	NA	statins	IGT	IGT	71	senior	female	32.8	SWE	no	IlluminaHiSeq	23719380	24607238	2485331038	101	101	ERR260154	no	168.66740619979998	161.25289919999997	14.204079568800001	33.79075771104	5.64	94.6	4.8048	0.0	1231.77	7.29	49.1	138.7386	206.06	0.9	72	1.32	Paolo_Manghi;Marisa_Metzger
KarlssonFH_2013	S389	S389	stool	no	NA	metformin	T2D	T2D	69	senior	female	27.1	SWE	no	IlluminaHiSeq	23719380	25495356	2575030956	101	101	ERR260155	no	69.03596160736	196.0556832	23.1750771912	46.64918763648	9.55	112.2	3.21321	1.4	1246.62	0.0	35.0	140.5404	30.76	1.5	70	0.65	Paolo_Manghi;Marisa_Metzger
KarlssonFH_2013	S393	S393	stool	no	NA	no	IGT	IGT	70	senior	female	29.5	SWE	no	IlluminaHiSeq	23719380	16672406	1683913006	101	101	ERR260156	no	271.43684904712	222.35112	15.54972921216	47.0977375176	15.4	83.6	3.54354	3.0	861.83	3.82	26.0	95.4954	311.24	0.4	85	2.84	Paolo_Manghi;Marisa_Metzger
KarlssonFH_2013	S395	S395	stool	no	NA	no	IGT	IGT	70	senior	female	30.4	SWE	no	IlluminaHiSeq	23719380	23324154	2355739554	101	101	ERR260157	no	97.27794590128	248.2598592	22.427494056	65.18924938944001	8.53	77.0	2.67267	0.6	811.0	0.0	19.6	100.9008	56.69	2.3	66	0.41	Paolo_Manghi;Marisa_Metzger
KarlssonFH_2013	S397	S397	stool	no	NA	no	IGT	IGT	71	senior	female	27.4	SWE	no	IlluminaHiSeq	23719380	20860192	2106879392	101	101	ERR260158	no	78.449956372	209.2034016	16.4468289744	57.5639014104	7.67	79.2	2.16216	0.6	865.49	0.0	18.2	93.6936	59.85	0.4	67	10.87	Paolo_Manghi;Marisa_Metzger
KarlssonFH_2013	S398	S398	stool	no	NA	statins	T2D	T2D	70	senior	female	24.8	SWE	no	IlluminaHiSeq	23719380	21659400	2187599400	101	101	ERR260159	no	77.66545680828	189.481824	29.903325408	36.6315736248	9.9	96.8	3.75375	1.9	763.23	0.0	33.8	100.9008	97.11	0.9	72	2.28	Paolo_Manghi;Marisa_Metzger
KarlssonFH_2013	S420	S420	stool	no	NA	no	IGT	IGT	69	senior	female	25.6	SWE	no	IlluminaHiSeq	23719380	23103574	2333460974	101	101	ERR260160	no	79.23445593571999	270.3016224	26.165409731999997	71.46894772511997	21.6	81.4	2.01201	0.1	771.32	0.0	10.9	99.099	109.15	0.5	73	2.37	Paolo_Manghi;Marisa_Metzger
KarlssonFH_2013	S421	S421	stool	no	NA	no	T2D	T2D	70	senior	female	44.6	SWE	no	IlluminaHiSeq	23719380	42892356	4332127956	101	101	ERR260161	no	73.74295898968	178.2675936	21.23136103968	41.41610569008	10.2	105.6	3.36336	1.3	109.75	0.0	49.9	122.5224	63.05	0.4	56	7.5	Paolo_Manghi;Marisa_Metzger
KarlssonFH_2013	S422	S422	stool	no	NA	statins	T2D	T2D	71	senior	female	25.9	SWE	no	IlluminaHiSeq	23719380	61451340	6206585340	101	101	ERR260162	no	83.15695375431999	135.34416000000002	23.32459381824	21.829427547839998	8.45	114.4	1.89189	0.9	804.95	11.91	21.6	156.7566	107.27	0.0	60	3.48	Paolo_Manghi;Marisa_Metzger
KarlssonFH_2013	S424	S424	stool	no	NA	no	control	healthy	70	senior	female	35.1	SWE	no	IlluminaHiSeq	23719380	31866570	3218523570	101	101	ERR260163	no	128.65792845008002	232.4052576	24.520726834559998	54.27453561552	9.78	90.2	4.41441	4.5	1312.23	0.0	77.7	104.5044	782.18	2.5	69	2.53	Paolo_Manghi;Marisa_Metzger
KarlssonFH_2013	S432	S432	stool	no	NA	statins	IGT	IGT	71	senior	female	27.8	SWE	no	IlluminaHiSeq	23719380	34934812	3528416012	101	101	ERR260164	no	203.18538700348	255.22041600000003	19.4371615152	61.89988359456	10.1	81.4	3.42342	1.2	1179.49	2.73	37.8	97.2972	100.73	0.3	71	3.2	Paolo_Manghi;Marisa_Metzger
KarlssonFH_2013	S434	S434	stool	no	NA	no	T2D	T2D	69	senior	female	25.8	SWE	no	IlluminaHiSeq	23719380	46197960	4665993960	101	101	ERR260165	no	123.95093106776	243.619488	23.32459381824	60.255200697119996	10.3	77.0	2.31231	0.4	873.32	0.0	13.1	136.9368	374.99	0.7	64	2.23	Paolo_Manghi;Marisa_Metzger
KarlssonFH_2013	S436	S436	stool	no	NA	statins	T2D	T2D	71	senior	female	27.2	SWE	no	IlluminaHiSeq	23719380	43523716	4395895316	101	101	ERR260166	no	67.46696247992	227.37818880000003	43.06078858752	39.02383965744001	19.6	83.6	1.6816799999999998	0.2	1192.01	0.0	18.5	99.099	86.25	1.5	81	11.82	Paolo_Manghi;Marisa_Metzger
KarlssonFH_2013	S439	S439	stool	no	NA	statins	T2D	T2D	70	senior	female	31.8	SWE	no	IlluminaHiSeq	23719380	43061284	4349189684	101	101	ERR260167	no	50.9924716418	145.0116	27.6605760024	24.22169358048	8.2	83.6	3.63363	2.5	673.58	16.85	32.9	100.9008	49.3	0.2	69	0.85	Paolo_Manghi;Marisa_Metzger
KarlssonFH_2013	S441	S441	stool	no	NA	no	IGT	IGT	70	senior	female	27.5	SWE	no	IlluminaHiSeq	23719380	46307042	4677011242	101	101	ERR260168	no	99.63144459243999	235.885536	21.38087766672	61.30181708640001	11.8	88.0	2.94294	0.9	727.64	9.56	29.7	106.3062	102.69	0.1	70	2.0	Paolo_Manghi;Marisa_Metzger
KarlssonFH_2013	S446	S446	stool	no	NA	statins	T2D	T2D	68	senior	female	31.7	SWE	no	IlluminaHiSeq	23719380	19017376	1920754976	101	101	ERR260169	no	112.18343761196002	174.4006176	21.53039429376	36.33254037072	15.0	99.0	2.91291	0.6	148.95	0.0	48.9	158.5584	119.19	0.4	57	38.95	Paolo_Manghi;Marisa_Metzger
KarlssonFH_2013	S451	S451	stool	no	NA	no	control	healthy	71	senior	female	20.4	SWE	no	IlluminaHiSeq	23719380	30299038	3060202838	101	101	ERR260170	no	38.44047862228	143.8515072	26.763476240160003	25.56734322384	13.1	88.0	0.93093	1.7	660.47	0.0	2.17	86.4864	61.66	0.3	58	0.77	Paolo_Manghi;Marisa_Metzger
KarlssonFH_2013	S456	S456	stool	no	NA	no	control	healthy	70	senior	female	23.7	SWE	no	IlluminaHiSeq	23719380	57713204	5829033604	101	101	ERR260171	no	49.42347251436	247.0997664	37.82770664112	53.37743585328	26.3	72.6	1.92192	0.1	559.32	0.0	6.98	84.6846	155.23	1.1	54	0.9	Paolo_Manghi;Marisa_Metzger
KarlssonFH_2013	S457	S457	stool	no	NA	statins	IGT	IGT	71	senior	female	28.3	SWE	no	IlluminaHiSeq	23719380	54090994	5463190394	101	101	ERR260172	no	98.84694502872	190.2552192	22.27797742896	42.76175533344	8.9	92.4	2.13213	0.4	791.41	5.77	29.5	117.117	273.73	0.0	64	1.21	Paolo_Manghi;Marisa_Metzger
KarlssonFH_2013	S458	S458	stool	no	NA	statins	T2D	T2D	70	senior	female	33.0	SWE	no	IlluminaHiSeq	23719380	59566518	6016218318	101	101	ERR260173	no	225.93587435136	209.97679680000005	21.23136103968	40.519005927840006	14.2	110.0	3.21321	4.6	977.02	0.0	29.8	135.135	173.53	0.4	60	3.53	Paolo_Manghi;Marisa_Metzger
KarlssonFH_2013	S462	S462	stool	no	NA	no	T2D	T2D	70	senior	female	29.4	SWE	no	IlluminaHiSeq	23719380	45121654	4557287054	101	101	ERR260174	no	89.43295026408	209.5900992	18.24102849888	55.17163537776	11.1	92.4	3.21321	1.1	556.64	0.82	25.6	129.7296	99.42	0.0	57	0.69	Paolo_Manghi;Marisa_Metzger
KarlssonFH_2013	S463	S463	stool	no	NA	statins	control	healthy	71	senior	female	31.0	SWE	no	IlluminaHiSeq	23719380	31699834	3201683234	101	101	ERR260175	no	123.16643150403999	165.5065728	20.63329453152	32.74414132176	6.1	88.0	3.18318	1.2	523.9	1.42	40.4	120.7206	48.04	0.1	61	2.48	Paolo_Manghi;Marisa_Metzger
KarlssonFH_2013	S468	S468	stool	no	NA	metformin	T2D	T2D	70	senior	female	33.7	HUN	no	IlluminaHiSeq	23719380	37056984	3742755384	101	101	ERR260176	no	38.44047862228	208.04330880000003	28.856709018720004	48.29387053392	14.2	114.4	1.83183	4.8	552.25	0.0	13.0	133.3332	123.71	0.3	47	2.38	Paolo_Manghi;Marisa_Metzger
KarlssonFH_2013	S470	S470	stool	no	NA	no	T2D	T2D	70	senior	female	23.7	SWE	no	IlluminaHiSeq	23719380	8550254	820824384	96	96	ERR260273	no	43.1474760046	212.2969824	30.05284203504	48.29387053392	14.2	88.0	2.1021	0.5	332.07	12.89	10.4	117.117	80.72	0.3	60	0.34	Paolo_Manghi;Marisa_Metzger
KarlssonFH_2013	S472	S472	stool	no	NA	no	IGT	IGT	70	senior	female	33.3	SWE	no	IlluminaHiSeq	23719380	42926714	4335598114	101	101	ERR260177	no	122.38193194032	199.149264	25.71685985088	40.66852255488	12.7	57.2	2.97297	0.5	711.86	0.0	35.8	99.099	71.51	0.0	72	2.52	Paolo_Manghi;Marisa_Metzger
KarlssonFH_2013	S475	S475	stool	no	NA	metformin	T2D	T2D	70	senior	female	23.0	DNK	no	IlluminaHiSeq	23719380	11936028	1145858688	96	96	ERR260274	no	61.975465533880005	205.3364256	25.417826596799998	48.74242041504001	9.11	99.0	1.3813799999999998	1.6	651.95	0.0	7.11	154.9548	54.88	0.8	59	0.69	Paolo_Manghi;Marisa_Metzger
KarlssonFH_2013	S476	S476	stool	no	NA	metformin;statins	T2D	T2D	71	senior	female	30.2	SWE	no	IlluminaHiSeq	23719380	51227616	5173989216	101	101	ERR260178	no	81.58795462688	143.4648096	19.88571139632	28.557675764640003	8.82	101.2	4.08408	8.9	902.35	3.31	21.1	149.5494	71.52	1.3	55	1.31	Paolo_Manghi;Marisa_Metzger
KarlssonFH_2013	S478	S478	stool	no	NA	statins	T2D	T2D	70	senior	female	36.6	SWE	no	IlluminaHiSeq	23719380	41782266	4220008866	101	101	ERR260179	no	59.62196684271999	146.17169280000005	24.96927671568	26.464442986079998	12.3	96.8	2.04204	0.2	970.13	0.0	43.5	135.135	63.13	0.4	55	7.64	Paolo_Manghi;Marisa_Metzger
KarlssonFH_2013	S479	S479	stool	no	NA	statins	control	healthy	71	senior	female	28.8	SWE	no	IlluminaHiSeq	23719380	31942632	3226205832	101	101	ERR260180	no	279.28184468432005	221.9644224	15.848762466239998	46.05112112832	10.7	92.4	4.11411	1.7	862.85	0.0	25.7	104.5044	149.5	0.5	74	1.78	Paolo_Manghi;Marisa_Metzger
KarlssonFH_2013	S483	S483	stool	no	NA	statins	T2D	T2D	71	senior	female	23.7	SWE	no	IlluminaHiSeq	23719380	49645670	5014212670	101	101	ERR260181	no	92.57094851896	167.0533632	31.398491678400003	25.118793342720004	9.87	94.6	2.97297	3.1	578.9	0.0	28.0	136.9368	219.58	1.2	67	1.9	Paolo_Manghi;Marisa_Metzger
KarlssonFH_2013	S484	S484	stool	no	NA	metformin	T2D	T2D	71	senior	female	30.9	SWE	no	IlluminaHiSeq	23719380	43744106	4418154706	101	101	ERR260182	no	138.07192321472	227.37818880000003	19.4371615152	56.666801648159996	6.48	112.2	4.14414	4.5	1079.71	0.0	29.1	115.3152	59.25	1.0	93	1.21	Paolo_Manghi;Marisa_Metzger
KarlssonFH_2013	S485	S485	stool	no	NA	statins	IGT	IGT	69	senior	female	23.4	SWE	no	IlluminaHiSeq	23719380	11362750	1090824000	96	96	ERR260275	no	87.07945157292	169.3735488	13.157463179519999	44.854988112	9.61	77.0	3.48348	0.7	717.03	0.0	15.8	104.5044	295.9	0.4	70	0.58	Paolo_Manghi;Marisa_Metzger
KarlssonFH_2013	S487	S487	stool	no	NA	no	IGT	IGT	71	senior	female	21.2	SWE	no	IlluminaHiSeq	23719380	45755364	4621291764	101	101	ERR260183	no	57.26846815156	172.85382719999996	24.81976008864	37.08012350592	10.9	79.2	1.62162	2.2	465.58	0.0	3.59	86.4864	544.12	0.3	61	99.22	Paolo_Manghi;Marisa_Metzger
KarlssonFH_2013	S488	S488	stool	no	NA	no	IGT	IGT	70	senior	female	19.9	SWE	no	IlluminaHiSeq	23719380	43030594	4346089994	101	101	ERR260184	no	58.837467278999995	208.4300064	24.6702434616	50.835653193599995	21.8	96.8	1.62162	0.2	356.51	0.0	7.28	91.8918	140.3	0.5	70	1.46	Paolo_Manghi;Marisa_Metzger
KarlssonFH_2013	S495	S495	stool	no	NA	no	T2D	T2D	69	senior	female	29.1	EST	no	IlluminaHiSeq	23719380	42247318	4266979118	101	101	ERR260185	no	164.74490838120002	336.81360960000006	28.707192391680003	87.46722681840002	9.52	88.0	3.9039	1.8	688.48	1.44	16.5	124.3242	228.33	0.0	49	2.23	Paolo_Manghi;Marisa_Metzger
KarlssonFH_2013	S497	S497	stool	no	NA	statins	T2D	T2D	70	senior	female	23.8	SWE	no	IlluminaHiSeq	23719380	39825574	4022382974	101	101	ERR260186	no	34.51798080368	181.747872	30.05284203504	37.22964013295999	15.3	90.2	2.85285	1.1	779.93	0.0	17.0	142.3422	176.5	0.0	77	0.81	Paolo_Manghi;Marisa_Metzger
KarlssonFH_2013	S51	S51	stool	no	NA	statins	IGT	IGT	69	senior	female	28.8	SWE	no	IlluminaHiSeq	23719380	21306442	2151950642	101	101	ERR260187	no	174.15890314584	221.1910272	27.062509494239997	43.359821841599995	15.2	77.0	2.1021	1.2	254.49	0.0	14.1	118.9188	155.25	0.5	72	0.93	Paolo_Manghi;Marisa_Metzger
KarlssonFH_2013	S517	S517	stool	no	NA	no	T2D	T2D	71	senior	female	27.5	SWE	no	IlluminaHiSeq	23719380	41415244	4182939644	101	101	ERR260188	no	107.47644022964	209.2034016	23.02556056416	48.74242041504001	8.91	101.2	2.52252	0.7	704.4	0.0	25.1	99.099	172.73	0.3	75	2.62	Paolo_Manghi;Marisa_Metzger
KarlssonFH_2013	S524	S524	stool	no	NA	statins	T2D	T2D	70	senior	female	28.5	SWE	no	IlluminaHiSeq	23719380	36461816	3682643416	101	101	ERR260189	no	88.64845070035999	192.1887072	26.464442986079998	40.21997267376	10.7	88.0	2.01201	1.9	415.85	0.0	14.8	95.4954	76.65	0.0	62	1.37	Paolo_Manghi;Marisa_Metzger
KarlssonFH_2013	S526	S526	stool	no	NA	no	T2D	T2D	71	senior	female	26.1	SWE	no	IlluminaHiSeq	23719380	41016080	4142624080	101	101	ERR260190	no	62.7599650976	182.1345696	33.34220782992	31.69752493248	17.7	79.2	2.1021	5.9	510.36	0.0	14.6	113.5134	521.85	0.2	59	1.36	Paolo_Manghi;Marisa_Metzger
KarlssonFH_2013	S529	S529	stool	no	NA	metformin;statins;insulin	T2D	T2D	69	senior	female	27.1	SWE	no	IlluminaHiSeq	23719380	48998086	4948806686	101	101	ERR260191	yes	127.08892932264	132.2505792	19.88571139632	20.33426127744	4.39	169.4	1.95195	NA	NA	NA	32.4	255.8556	NA	0.9	81	3.85	Paolo_Manghi;Marisa_Metzger
KarlssonFH_2013	S53	S53	stool	no	NA	no	control	healthy	70	senior	female	21.3	SWE	no	IlluminaHiSeq	23719380	27943736	2822317336	101	101	ERR260193	no	80.80345506316	207.6566112	24.371210207520004	48.89193704208	12.0	83.6	1.5015	NA	NA	NA	5.28	75.6756	NA	0.7	76	1.25	Paolo_Manghi;Marisa_Metzger
KarlssonFH_2013	S530	S530	stool	no	NA	metformin;insulin	T2D	T2D	70	senior	female	28.1	SWE	no	IlluminaHiSeq	23719380	38222934	3860516334	101	101	ERR260192	yes	55.69946902412	225.4447008	24.96927671568	57.41438478335999	8.8	123.2	0.87087	0.1	1061.43	0.0	14.1	154.9548	255.56	0.0	69	1.08	Paolo_Manghi;Marisa_Metzger
KarlssonFH_2013	S536	S536	stool	no	NA	metformin;statins	T2D	T2D	70	senior	female	33.0	SWE	no	IlluminaHiSeq	23719380	42498998	4292398798	101	101	ERR260194	no	240.84136606203998	174.78731519999997	15.848762466239998	30.94994179728	8.17	105.6	3.33333	3.5	764.42	0.0	12.6	153.153	54.12	0.0	55	4.91	Paolo_Manghi;Marisa_Metzger
KarlssonFH_2013	S54	S54	stool	no	NA	statins	IGT	IGT	69	senior	female	21.1	SWE	no	IlluminaHiSeq	23719380	27122662	2739388862	101	101	ERR260195	no	45.50097469576	156.2258304	37.82770664112	18.68957838	11.9	81.4	1.5015	NA	NA	NA	3.92	91.8918	NA	0.4	72	0.99	Paolo_Manghi;Marisa_Metzger
KarlssonFH_2013	S543	S543	stool	no	NA	metformin	T2D	T2D	71	senior	female	27.6	SWE	no	IlluminaHiSeq	23719380	42116800	4253796800	101	101	ERR260196	no	80.80345506316	177.880896	28.10912588352	33.79075771104	10.5	96.8	3.6036	1.3	1203.67	0.0	31.8	129.7296	137.13	0.4	59	7.93	Paolo_Manghi;Marisa_Metzger
KarlssonFH_2013	S547	S547	stool	no	NA	no	IGT	IGT	70	senior	female	24.3	SWE	no	IlluminaHiSeq	23719380	41104258	4151530058	101	101	ERR260197	no	94.13994764639999	216.1639584	24.22169358048	51.43371970176	7.3	83.6	2.64264	NA	NA	NA	20.6	86.4864	NA	0.2	64	0.64	Paolo_Manghi;Marisa_Metzger
KarlssonFH_2013	S550	S550	stool	no	NA	statins;insulin	T2D	T2D	70	senior	female	22.9	SWE	no	IlluminaHiSeq	23719380	10375490	996047040	96	96	ERR260276	yes	261.23835471876	186.0015456	13.75552968768	35.73447386255999	8.29	129.8	1.02102	3.3	1319.38	0.0	57.7	162.162	126.98	1.1	89	12.36	Paolo_Manghi;Marisa_Metzger
KarlssonFH_2013	S551	S551	stool	no	NA	no	T2D	T2D	71	senior	female	21.9	SWE	no	IlluminaHiSeq	23719380	47134880	4760622880	101	101	ERR260198	no	76.09645768084	233.1786528	49.3404869232	34.3888242192	18.3	96.8	2.85285	2.1	901.43	0.0	5.49	129.7296	73.08	0.3	72	1.62	Paolo_Manghi;Marisa_Metzger
KarlssonFH_2013	S552	S552	stool	no	NA	no	T2D	T2D	70	senior	female	19.9	SWE	no	IlluminaHiSeq	23719380	30027546	3032782146	101	101	ERR260199	no	54.9149694604	206.4965184	32.594624694720004	42.46272207936	15.1	90.2	2.49249	0.1	889.54	0.0	12.2	108.108	113.79	1.2	50	5.21	Paolo_Manghi;Marisa_Metzger
KarlssonFH_2013	S558	S558	stool	no	NA	no	IGT	IGT	71	senior	female	25.5	SWE	no	IlluminaHiSeq	23719380	35211294	3556340694	101	101	ERR260200	no	61.975465533880005	205.3364256	38.27625652224	35.8839904896	18.8	74.8	2.13213	NA	NA	NA	22.9	131.5314	NA	0.2	58	1.1	Paolo_Manghi;Marisa_Metzger
KarlssonFH_2013	S561	S561	stool	no	NA	no	T2D	T2D	71	senior	female	21.9	SWE	no	IlluminaHiSeq	23719380	42792280	4322020280	101	101	ERR260201	no	136.50292408728	152.745552	4.4854988112	42.91127196048	16.3	83.6	3.96396	4.5	2276.46	2.23	10.3	79.2792	315.21	0.2	74	27.15	Paolo_Manghi;Marisa_Metzger
KarlssonFH_2013	S563	S563	stool	no	NA	metformin;insulin	T2D	T2D	69	senior	female	29.9	FIN	no	IlluminaHiSeq	23719380	34299550	3464254550	101	101	ERR260202	yes	180.43489965560002	151.5854592	20.48377790448	22.726527310079998	4.69	138.6	5.16516	0.1	1798.27	0.0	36.6	236.0358	16.4	0.7	68	1.33	Paolo_Manghi;Marisa_Metzger
KarlssonFH_2013	S577	S577	stool	no	NA	statins	T2D	T2D	70	senior	female	26.6	SWE	no	IlluminaHiSeq	23719380	28311558	2859467358	101	101	ERR260203	no	135.71842452356	248.6465568	24.6702434616	59.806650816	8.67	94.6	3.33333	1.1	890.01	6.65	31.4	117.117	62.57	0.2	67	0.38	Paolo_Manghi;Marisa_Metzger
KarlssonFH_2013	S58	S58	stool	no	NA	no	control	healthy	70	senior	female	31.9	ISL	no	IlluminaHiSeq	23719380	26426600	2669086600	101	101	ERR260204	no	84.72595288176	213.0703776	27.810092629440003	47.39677077168	9.7	77.0	2.55255	1.2	1184.81	0.0	44.0	NA	56.47	0.1	69	13.16	Paolo_Manghi;Marisa_Metzger
KarlssonFH_2013	S584	S584	stool	no	NA	no	control	healthy	70	senior	female	21.6	SWE	no	IlluminaHiSeq	23719380	29998756	3029874356	101	101	ERR260205	no	96.49344633756	228.5382816	30.94994179728	49.041453669119996	11.9	70.4	1.89189	NA	NA	NA	5.6	84.6846	NA	1.7	89	1.86	Paolo_Manghi;Marisa_Metzger
KarlssonFH_2013	S587	S587	stool	no	NA	insulin	T2D	T2D	70	senior	female	27.5	SWE	no	IlluminaHiSeq	23719380	27393282	2766721482	101	101	ERR260206	yes	51.77697120552	137.6643456	30.94994179728	17.79247861776	NA	143.0	0.36036	NA	NA	NA	NA	84.6846	NA	2.2	63	1.06	Paolo_Manghi;Marisa_Metzger
KarlssonFH_2013	S589	S589	stool	no	NA	no	T2D	T2D	71	senior	female	29.0	DEU	no	IlluminaHiSeq	23719380	31392146	3170606746	101	101	ERR260207	no	157.68441230771998	264.1144608	18.83909500704	69.67474820064	3.68	107.8	4.14414	17.8	1169.62	0.0	31.4	138.7386	109.28	0.3	75	3.54	Paolo_Manghi;Marisa_Metzger
KarlssonFH_2013	S59	S59	stool	no	NA	statins	control	healthy	69	senior	female	18.2	SWE	no	IlluminaHiSeq	23719380	24920030	2516923030	101	101	ERR260209	no	61.19096597016	208.816704	49.3404869232	26.165409731999997	19.0	77.0	1.2312299999999998	0.4	675.62	0.0	3.58	97.2972	89.17	0.6	60	0.34	Paolo_Manghi;Marisa_Metzger
KarlssonFH_2013	S591	S591	stool	no	NA	metformin	T2D	T2D	71	senior	female	25.0	SWE	no	IlluminaHiSeq	23719380	37952212	3833173412	101	101	ERR260208	no	85.51045244548	191.0286144	30.05284203504	36.48205699776	14.5	81.4	2.76276	3.1	434.41	0.63	21.2	100.9008	199.62	0.5	77	1.81	Paolo_Manghi;Marisa_Metzger
KarlssonFH_2013	S598	S598	stool	no	NA	statins	T2D	T2D	71	senior	female	29.9	SWE	no	IlluminaHiSeq	23719380	34799354	3514734754	101	101	ERR260210	no	75.31195811712	149.6519712	25.71685985088	25.56734322384	12.3	88.0	3.42342	3.3	822.75	0.0	53.6	126.126	82.18	0.4	69	3.29	Paolo_Manghi;Marisa_Metzger
KarlssonFH_2013	S60	S60	stool	no	NA	no	IGT	IGT	69	senior	female	27.9	SWE	no	IlluminaHiSeq	23719380	29849304	3014779704	101	101	ERR275251	no	57.26846815156	211.91028480000003	23.623627072320005	53.37743585328	7.34	88.0	2.79279	0.1	966.14	0.0	49.4	100.9008	99.15	0.3	53	4.55	Paolo_Manghi;Marisa_Metzger
KarlssonFH_2013	S600	S600	stool	no	NA	statins	IGT	IGT	71	senior	female	24.8	SWE	no	IlluminaHiSeq	23719380	30743224	3105065624	101	101	ERR260211	no	94.13994764639999	159.3194112	23.32459381824	30.20235866208	12.1	81.4	2.82282	NA	NA	NA	21.4	115.3152	NA	1.2	76	1.53	Paolo_Manghi;Marisa_Metzger
KarlssonFH_2013	S602	S602	stool	no	NA	statins	T2D	T2D	71	senior	female	30.0	SWE	no	IlluminaHiSeq	23719380	35680006	3603680606	101	101	ERR275252	no	102.76944284732001	189.8685216	20.03522802336	44.55595485792	6.43	92.4	4.74474	0.1	765.62	1.74	34.7	117.117	131.9	0.6	61	3.54	Paolo_Manghi;Marisa_Metzger
KarlssonFH_2013	S604	S604	stool	no	NA	metformin	T2D	T2D	71	senior	female	28.9	SVK	no	IlluminaHiSeq	23719380	38845972	3923443172	101	101	ERR260214	no	257.31585690016004	271.0750176	18.98861163408	63.84359974608001	11.7	129.8	7.8078	16.0	1348.58	0.0	36.4	297.297	253.37	0.5	90	6.25	Paolo_Manghi;Marisa_Metzger
KarlssonFH_2013	S614	S614	stool	no	NA	no	control	healthy	71	senior	female	20.6	SWE	no	IlluminaHiSeq	23719380	15306548	1545961348	101	101	ERR260215	no	71.38946029851998	260.6341824	39.17335628448	55.3211520048	28.0	77.0	1.92192	1.7	1224.79	0.0	12.5	95.4954	158.25	0.4	66	0.94	Paolo_Manghi;Marisa_Metzger
KarlssonFH_2013	S617	S617	stool	no	NA	no	control	healthy	71	senior	female	23.1	SWE	no	IlluminaHiSeq	23719380	9698560	979554560	101	101	ERR260216	no	72.17395986224	226.218096	22.87604393712	58.3114845456	14.8	81.4	2.19219	1.4	655.61	6.0	15.4	106.3062	168.9	0.2	76	2.04	Paolo_Manghi;Marisa_Metzger
KarlssonFH_2013	S618	S618	stool	no	NA	no	control	healthy	71	senior	female	21.8	SWE	no	IlluminaHiSeq	23719380	16826714	1699498114	101	101	ERR260217	no	90.21744982780001	221.57772480000003	25.56734322384	52.330819463999994	11.8	72.6	1.98198	0.9	333.52	0.0	12.5	93.6936	54.27	0.1	59	1.09	Paolo_Manghi;Marisa_Metzger
KarlssonFH_2013	S628	S628	stool	no	NA	no	control	healthy	71	senior	female	25.8	SWE	no	IlluminaHiSeq	23719380	13839180	1397757180	101	101	ERR260218	no	53.34597033295999	235.1121408	34.98689072736	51.284203074720004	11.9	74.8	1.59159	0.3	913.25	0.63	21.3	95.4954	67.19	0.9	44	14.92	Paolo_Manghi;Marisa_Metzger
KarlssonFH_2013	S638	S638	stool	no	NA	no	IGT	IGT	71	senior	female	22.4	SWE	no	IlluminaHiSeq	23719380	11425522	1153977722	101	101	ERR260219	no	49.42347251436	257.153904	41.715138944159996	53.37743585328	10.5	77.0	1.65165	0.1	690.95	2.05	8.12	104.5044	306.87	0.5	60	1.26	Paolo_Manghi;Marisa_Metzger
KarlssonFH_2013	S640	S640	stool	no	NA	statins	IGT	IGT	71	senior	female	25.0	SWE	no	IlluminaHiSeq	23719380	25319242	2557243442	101	101	ERR260220	no	65.89796335248	186.0015456	41.41610569008	24.81976008864	14.4	74.8	2.25225	1.0	567.92	1.02	13.2	118.9188	55.88	0.6	69	0.71	Paolo_Manghi;Marisa_Metzger
KarlssonFH_2013	S643	S643	stool	no	NA	no	control	healthy	70	senior	female	27.4	SWE	no	IlluminaHiSeq	23719380	15307646	1546072246	101	101	ERR260221	no	55.69946902412	202.6295424	30.80042517024	42.76175533344	34.8	79.2	1.5315299999999998	0.1	867.17	0.0	10.1	106.3062	220.89	0.2	59	2.77	Paolo_Manghi;Marisa_Metzger
KarlssonFH_2013	S646	S646	stool	no	NA	no	IGT	IGT	71	senior	female	31.9	SWE	no	IlluminaHiSeq	23719380	14215080	1435723080	101	101	ERR260222	no	160.03791099888	170.5336416	12.85842992544	39.32287291152	7.49	77.0	3.75375	1.5	585.88	0.0	23.4	102.7026	188.26	0.3	64	2.4	Paolo_Manghi;Marisa_Metzger
KarlssonFH_2013	S655	S655	stool	no	NA	statins	control	healthy	71	senior	female	27.1	SWE	no	IlluminaHiSeq	23719380	12535874	1266123274	101	101	ERR260223	no	69.03596160736	208.4300064	26.763476240160003	47.99483727984	11.7	83.6	1.65165	0.3	464.81	1.65	15.1	102.7026	120.59	0.0	72	3.52	Paolo_Manghi;Marisa_Metzger
KarlssonFH_2013	S77	S77	stool	no	NA	no	control	healthy	69	senior	female	33.2	SWE	no	IlluminaHiSeq	23719380	27378948	2765273748	101	101	ERR260224	no	43.1474760046	241.2993024	26.015893104960004	63.544566492	24.8	94.6	2.43243	0.1	1006.04	0.6	28.5	99.099	72.0	0.5	63	1.69	Paolo_Manghi;Marisa_Metzger
KarlssonFH_2013	S80	S80	stool	no	NA	statins	control	healthy	70	senior	female	27.5	SWE	no	IlluminaHiSeq	23719380	18620022	1880622222	101	101	ERR260225	no	112.96793717568	209.2034016	24.07217695344	47.0977375176	11.3	77.0	2.43243	1.1	1163.37	0.14	28.2	106.3062	100.14	0.4	69	0.83	Paolo_Manghi;Marisa_Metzger
KarlssonFH_2013	S88	S88	stool	no	NA	no	control	healthy	69	senior	female	21.1	SWE	no	IlluminaHiSeq	23719380	27299226	2757221826	101	101	ERR260226	no	61.19096597016	214.617168	32.8936579488	44.854988112	19.0	83.6	1.74174	NA	NA	NA	7.14	102.7026	NA	0.2	63	2.98	Paolo_Manghi;Marisa_Metzger
KarlssonFH_2013	S92	S92	stool	no	NA	no	control	healthy	69	senior	female	22.6	SWE	no	IlluminaHiSeq	23719380	21940486	2215989086	101	101	ERR260227	no	80.80345506316	235.885536	28.408159137600002	55.76970188591999	17.8	83.6	2.16216	NA	NA	NA	14.7	90.09	NA	0.9	70	1.02	Paolo_Manghi;Marisa_Metzger
