study_name	sample_id	subject_id	body_site	antibiotics_current_use	study_condition	disease	age	age_category	gender	BMI	country	location	non_westernized	sequencing_platform	DNA_extraction_kit	PMID	number_reads	number_bases	minimum_read_length	median_read_length	subcohort	history_of_therapy	performance_status	treatment	toxicity_above_zero	RECIST	ORR	PFS12	curator	NCBI_accession
LeeKA_2022	BCN-01_1	BCN-01_1	stool	no	melanoma	melanoma	46.0	adult	male	28.713211199999996	ESP	Barcelona	no	IlluminaNovaSeq	thermo_fisher	35228751	26754707	3959853947	35	151	Barcelona	no	0.0	no	yes	PR	yes	yes	Andrew_Malthez_Thomas;Paolo_Manghi	ERR6281997
LeeKA_2022	BCN-02_1	BCN-02_1	stool	no	melanoma	melanoma	63.0	adult	female	27.35457064	ESP	Barcelona	no	IlluminaNovaSeq	thermo_fisher	35228751	43991492	6394554270	35	151	Barcelona	no	NA	no	yes	PD	no	no	Andrew_Malthez_Thomas;Paolo_Manghi	ERR6229432
LeeKA_2022	BCN-03_1	BCN-03_1	stool	no	melanoma	melanoma	74.0	senior	female	22.0603538	ESP	Barcelona	no	IlluminaNovaSeq	thermo_fisher	35228751	49961014	6829019029	35	151	Barcelona	no	0.0	no	yes	CR	yes	yes	Andrew_Malthez_Thomas;Paolo_Manghi	ERR6282298
LeeKA_2022	BCN-04_1	BCN-04_1	stool	no	melanoma	melanoma	37.0	adult	male	30.35032952	ESP	Barcelona	no	IlluminaNovaSeq	thermo_fisher	35228751	20338321	2959136727	35	151	Barcelona	no	0.0	no	yes	PD	no	no	Andrew_Malthez_Thomas;Paolo_Manghi	ERR6281944
LeeKA_2022	BCN-05_1	BCN-05_1	stool	no	melanoma	melanoma	73.0	senior	male	36.07947745	ESP	Barcelona	no	IlluminaNovaSeq	thermo_fisher	35228751	9085406	1324223116	35	151	Barcelona	no	0.0	PPI	no	CR	yes	yes	Andrew_Malthez_Thomas;Paolo_Manghi	ERR6281939
LeeKA_2022	BCN-06_1	BCN-06_1	stool	no	melanoma	melanoma;treatment_colitis	63.0	adult	male	31.37798917	ESP	Barcelona	no	IlluminaNovaSeq	thermo_fisher	35228751	44701909	6613073893	35	151	Barcelona	no	0.0	no	yes	SD	yes	yes	Andrew_Malthez_Thomas;Paolo_Manghi	ERR6282070
LeeKA_2022	BCN-07_1	BCN-07_1	stool	no	melanoma	melanoma	66.0	senior	male	26.171875	ESP	Barcelona	no	IlluminaNovaSeq	thermo_fisher	35228751	58375218	8595793248	35	151	Barcelona	no	NA	no	no	PD	no	no	Andrew_Malthez_Thomas;Paolo_Manghi	ERR6282137
LeeKA_2022	BCN-08_1	BCN-08_1	stool	no	melanoma	melanoma	66.0	senior	male	NA	ESP	Barcelona	no	IlluminaNovaSeq	thermo_fisher	35228751	76174913	11136300562	35	151	Barcelona	no	NA	no	no	PD	no	no	Andrew_Malthez_Thomas;Paolo_Manghi	ERR6282383
LeeKA_2022	BCN-09_1	BCN-09_1	stool	no	melanoma	melanoma	64.0	adult	female	22.8515625	ESP	Barcelona	no	IlluminaNovaSeq	thermo_fisher	35228751	9245174	1356773991	35	151	Barcelona	yes	0.0	no	no	PD	no	no	Andrew_Malthez_Thomas;Paolo_Manghi	ERR6281677
LeeKA_2022	BCN-10_1	BCN-10_1	stool	no	melanoma	melanoma;treatment_colitis	56.0	adult	female	20.9566075	ESP	Barcelona	no	IlluminaNovaSeq	thermo_fisher	35228751	23543364	3470117342	35	151	Barcelona	no	NA	steroids	no	PD	no	no	Andrew_Malthez_Thomas;Paolo_Manghi	ERR6281658
LeeKA_2022	BCN-11_1	BCN-11_1	stool	no	melanoma	melanoma	71.0	senior	female	28.46036374	ESP	Barcelona	no	IlluminaNovaSeq	thermo_fisher	35228751	25737980	3664932657	35	151	Barcelona	no	0.0	no	no	SD	yes	no	Andrew_Malthez_Thomas;Paolo_Manghi	ERR6281586
LeeKA_2022	BCN-12_1	BCN-12_1	stool	no	melanoma	melanoma;treatment_colitis	88.0	senior	female	24.16171225	ESP	Barcelona	no	IlluminaNovaSeq	thermo_fisher	35228751	40613487	6007756229	35	151	Barcelona	no	1.0	no	yes	NA	yes	NA	Andrew_Malthez_Thomas;Paolo_Manghi	ERR6281941
LeeKA_2022	PRIMM0541	PRIMM0541	stool	no	melanoma	melanoma;treatment_colitis	49.0	adult	female	26.76977989	GBR	Leeds	no	IlluminaNovaSeq	thermo_fisher	35228751	50965555	7614611350	35	151	Leeds	no	0.0	PPI;steroids	yes	SD	yes	yes	Andrew_Malthez_Thomas;Paolo_Manghi	ERR6279618
LeeKA_2022	PRIMM0543	PRIMM0543	stool	no	melanoma	melanoma	51.0	adult	male	23.56663223	GBR	Leeds	no	IlluminaNovaSeq	thermo_fisher	35228751	27982191	4183303898	35	151	Leeds	no	0.0	steroids	yes	PR	yes	yes	Andrew_Malthez_Thomas;Paolo_Manghi	ERR6275675
LeeKA_2022	PRIMM0544	PRIMM0544	stool	no	melanoma	melanoma	88.0	senior	male	25.0	GBR	Leeds	no	IlluminaNovaSeq	thermo_fisher	35228751	15905667	2379922322	35	151	Leeds	no	0.0	PPI	no	PD	no	no	Andrew_Malthez_Thomas;Paolo_Manghi	ERR6275672
LeeKA_2022	PRIMM0546	PRIMM0546	stool	no	melanoma	melanoma	75.0	senior	male	32.0	GBR	Leeds	no	IlluminaNovaSeq	thermo_fisher	35228751	34203044	5112172239	35	151	Leeds	no	0.0	no	no	PD	no	no	Andrew_Malthez_Thomas;Paolo_Manghi	ERR6275677
LeeKA_2022	PRIMM0551	PRIMM0551	stool	no	melanoma	melanoma	71.0	senior	male	32.03857841	GBR	Leeds	no	IlluminaNovaSeq	thermo_fisher	35228751	22828790	3409841192	35	151	Leeds	no	0.0	PPI;steroids	yes	SD	yes	yes	Andrew_Malthez_Thomas;Paolo_Manghi	ERR6275670
LeeKA_2022	PRIMM0557	PRIMM0557	stool	no	melanoma	melanoma	57.0	adult	female	26.026174899999997	GBR	Leeds	no	IlluminaNovaSeq	thermo_fisher	35228751	21038829	3136221645	35	151	Leeds	no	1.0	no	yes	CR	yes	yes	Andrew_Malthez_Thomas;Paolo_Manghi	ERR6275669
LeeKA_2022	PRIMM0559	PRIMM0559	stool	no	melanoma	melanoma	67.0	senior	female	29.24210864	GBR	Leeds	no	IlluminaNovaSeq	thermo_fisher	35228751	31447985	4684249946	35	151	Leeds	no	0.0	steroids	yes	PD	no	no	Andrew_Malthez_Thomas;Paolo_Manghi	ERR6275673
LeeKA_2022	PRIMM0561	PRIMM0561	stool	no	melanoma	melanoma	49.0	adult	female	38.0078167	GBR	Leeds	no	IlluminaNovaSeq	thermo_fisher	35228751	18247990	2721119362	35	151	Leeds	no	0.0	steroids	yes	PR	yes	yes	Andrew_Malthez_Thomas;Paolo_Manghi	ERR6275667
LeeKA_2022	PRIMM0563	PRIMM0563	stool	no	melanoma	melanoma	35.0	adult	female	21.60410478	GBR	Leeds	no	IlluminaNovaSeq	thermo_fisher	35228751	14901934	2230216592	35	151	Leeds	no	0.0	no	no	PD	no	no	Andrew_Malthez_Thomas;Paolo_Manghi	ERR6275664
LeeKA_2022	PRIMM0565	PRIMM0565	stool	no	melanoma	melanoma	58.0	adult	male	24.53512397	GBR	Leeds	no	IlluminaNovaSeq	thermo_fisher	35228751	22449509	3351477778	35	151	Leeds	no	0.0	no	no	PR	yes	yes	Andrew_Malthez_Thomas;Paolo_Manghi	ERR6275665
LeeKA_2022	PRIMM0569	PRIMM0569	stool	no	melanoma	melanoma;treatment_colitis	66.0	senior	male	28.40111108	GBR	Leeds	no	IlluminaNovaSeq	thermo_fisher	35228751	18555738	2778778478	35	151	Leeds	no	0.0	steroids	yes	PD	no	no	Andrew_Malthez_Thomas;Paolo_Manghi	ERR6275659
LeeKA_2022	PRIMM0567	PRIMM0567	stool	no	melanoma	melanoma	51.0	adult	male	34.06360931	GBR	Leeds	no	IlluminaNovaSeq	thermo_fisher	35228751	29115331	4354314341	35	151	Leeds	no	0.0	no	no	PD	no	no	Andrew_Malthez_Thomas;Paolo_Manghi	ERR6275666
LeeKA_2022	PRIMM0571	PRIMM0571	stool	no	melanoma	melanoma	40.0	adult	male	23.05456246	GBR	Leeds	no	IlluminaNovaSeq	thermo_fisher	35228751	32253931	4826668451	35	151	Leeds	no	0.0	steroids	yes	PR	yes	yes	Andrew_Malthez_Thomas;Paolo_Manghi	ERR6275663
LeeKA_2022	PRIMM0575	PRIMM0575	stool	yes	melanoma	melanoma	57.0	adult	male	33.89721074	GBR	Leeds	no	IlluminaNovaSeq	thermo_fisher	35228751	47387570	7081422339	35	151	Leeds	no	1.0	PPI	no	PD	no	no	Andrew_Malthez_Thomas;Paolo_Manghi	ERR6275668
LeeKA_2022	PRIMM0573	PRIMM0573	stool	no	melanoma	melanoma	57.0	adult	female	20.90419501	GBR	Leeds	no	IlluminaNovaSeq	thermo_fisher	35228751	74061375	10990563559	35	151	Leeds	no	0.0	no	no	CR	yes	yes	Andrew_Malthez_Thomas;Paolo_Manghi	ERR6275674
LeeKA_2022	PRIMM0576	PRIMM0576	stool	no	melanoma	melanoma	63.0	adult	male	26.5	GBR	Leeds	no	IlluminaNovaSeq	thermo_fisher	35228751	28404115	4243666282	35	151	Leeds	no	0.0	PPI	no	SD	yes	yes	Andrew_Malthez_Thomas;Paolo_Manghi	ERR6275652
LeeKA_2022	PRIMM0578	PRIMM0578	stool	yes	melanoma	melanoma	80.0	senior	male	28.08641975	GBR	Leeds	no	IlluminaNovaSeq	thermo_fisher	35228751	10410299	1554977637	35	151	Leeds	no	0.0	no	no	SD	yes	yes	Andrew_Malthez_Thomas;Paolo_Manghi	ERR6271720
LeeKA_2022	PRIMM0549	PRIMM0549	stool	no	melanoma	melanoma;treatment_colitis	66.0	senior	female	38.57875854	GBR	Leeds	no	IlluminaNovaSeq	thermo_fisher	35228751	16937900	2540001245	35	151	Leeds	no	0.0	no	yes	PD	no	no	Andrew_Malthez_Thomas;Paolo_Manghi	ERR6275671
LeeKA_2022	PRIMM0276	PRIMM0276	stool	no	melanoma	melanoma;treatment_colitis	44.0	adult	male	33.21799308	GBR	Manchester	no	IlluminaNovaSeq	thermo_fisher	35228751	20091440	2934386887	35	151	Leeds	yes	0.0	steroids	yes	CR	yes	yes	Andrew_Malthez_Thomas;Paolo_Manghi	ERR6279623
LeeKA_2022	PRIMM0278	PRIMM0278	stool	no	melanoma	melanoma	58.0	adult	male	25.05736022	GBR	Manchester	no	IlluminaNovaSeq	thermo_fisher	35228751	9854028	1460219177	35	151	Leeds	no	0.0	no	no	PR	yes	yes	Andrew_Malthez_Thomas;Paolo_Manghi	ERR6279621
LeeKA_2022	PRIMM0281	PRIMM0281	stool	no	melanoma	melanoma	72.0	senior	female	29.6875	GBR	Manchester	no	IlluminaNovaSeq	thermo_fisher	35228751	10461335	1549894653	35	151	Leeds	no	0.0	no	no	PD	no	no	Andrew_Malthez_Thomas;Paolo_Manghi	ERR6279620
LeeKA_2022	PRIMM0256	PRIMM0256	stool	no	melanoma	melanoma	64.0	adult	female	21.56454491	GBR	Manchester	no	IlluminaNovaSeq	thermo_fisher	35228751	34933341	5011812331	35	151	Leeds	yes	0.0	no	no	PD	no	no	Andrew_Malthez_Thomas;Paolo_Manghi	ERR6279647
LeeKA_2022	PRIMM0197	PRIMM0197	stool	no	melanoma	melanoma	81.0	senior	male	NA	GBR	Manchester	no	IlluminaNovaSeq	thermo_fisher	35228751	31424845	4690526647	35	151	Leeds	no	0.0	no	no	PD	no	no	Andrew_Malthez_Thomas;Paolo_Manghi	ERR6279654
LeeKA_2022	PRIMM0199	PRIMM0199	stool	yes	melanoma	melanoma	76.0	senior	male	28.37821519	GBR	Manchester	no	IlluminaNovaSeq	thermo_fisher	35228751	8163898	1153033296	35	151	Leeds	yes	1.0	no	no	PR	yes	yes	Andrew_Malthez_Thomas;Paolo_Manghi	ERR6279652
LeeKA_2022	PRIMM0261	PRIMM0261	stool	no	melanoma	melanoma	57.0	adult	male	33.80205516	GBR	Manchester	no	IlluminaNovaSeq	thermo_fisher	35228751	99037737	13538262069	35	151	Leeds	no	0.0	steroids	yes	PR	yes	yes	Andrew_Malthez_Thomas;Paolo_Manghi	ERR6279657
LeeKA_2022	PRIMM0201	PRIMM0201	stool	no	melanoma	melanoma	66.0	senior	female	29.13631634	GBR	Manchester	no	IlluminaNovaSeq	thermo_fisher	35228751	109412166	15694453771	35	151	Leeds	yes	0.0	no	no	SD	yes	yes	Andrew_Malthez_Thomas;Paolo_Manghi	ERR6279669
LeeKA_2022	PRIMM0264	PRIMM0264	stool	no	melanoma	melanoma	66.0	senior	female	26.44628099	GBR	Manchester	no	IlluminaNovaSeq	thermo_fisher	35228751	24281924	3537996689	35	151	Leeds	no	1.0	no	no	PD	no	no	Andrew_Malthez_Thomas;Paolo_Manghi	ERR6279625
LeeKA_2022	PRIMM0266	PRIMM0266	stool	no	melanoma	melanoma	85.0	senior	male	24.22145329	GBR	Manchester	no	IlluminaNovaSeq	thermo_fisher	35228751	35133841	4701464846	35	150	Leeds	no	1.0	PPI	no	PD	no	no	Andrew_Malthez_Thomas;Paolo_Manghi	ERR6279628
LeeKA_2022	PRIMM0204	PRIMM0204	stool	no	melanoma	melanoma	81.0	senior	female	24.62222222	GBR	Manchester	no	IlluminaNovaSeq	thermo_fisher	35228751	59412989	8671384562	35	151	Leeds	no	1.0	no	yes	PR	yes	yes	Andrew_Malthez_Thomas;Paolo_Manghi	ERR6279661
LeeKA_2022	PRIMM0215	PRIMM0215	stool	no	melanoma	melanoma	87.0	senior	male	22.47658689	GBR	Manchester	no	IlluminaNovaSeq	thermo_fisher	35228751	10250265	1503125426	35	151	Leeds	no	1.0	no	no	CR	yes	yes	Andrew_Malthez_Thomas;Paolo_Manghi	ERR6279650
LeeKA_2022	PRIMM0240	PRIMM0240	stool	yes	melanoma	melanoma;treatment_colitis	70.0	senior	female	21.23057202	GBR	Manchester	no	IlluminaNovaSeq	thermo_fisher	35228751	15514407	2292717759	35	151	Leeds	no	1.0	steroids	yes	PD	no	no	Andrew_Malthez_Thomas;Paolo_Manghi	ERR6279629
LeeKA_2022	PRIMM0210	PRIMM0210	stool	no	melanoma	melanoma	79.0	senior	male	35.81314879	GBR	Manchester	no	IlluminaNovaSeq	thermo_fisher	35228751	10850883	1586514550	35	151	Leeds	no	0.0	PPI;steroids	yes	CR	yes	yes	Andrew_Malthez_Thomas;Paolo_Manghi	ERR6279651
LeeKA_2022	PRIMM0241	PRIMM0241	stool	yes	melanoma	melanoma	59.0	adult	male	27.0	GBR	Manchester	no	IlluminaNovaSeq	thermo_fisher	35228751	70266650	10091282791	35	151	Leeds	no	0.0	steroids	yes	SD	yes	yes	Andrew_Malthez_Thomas;Paolo_Manghi	ERR6279655
LeeKA_2022	PRIMM0218	PRIMM0218	stool	no	melanoma	melanoma;treatment_colitis	79.0	senior	male	26.14927686	GBR	Manchester	no	IlluminaNovaSeq	thermo_fisher	35228751	10173589	1520827138	35	151	Leeds	no	0.0	PPI;steroids	yes	PD	no	no	Andrew_Malthez_Thomas;Paolo_Manghi	ERR6279649
LeeKA_2022	PRIMM0219	PRIMM0219	stool	no	melanoma	melanoma	67.0	senior	female	29.07495538	GBR	Manchester	no	IlluminaNovaSeq	thermo_fisher	35228751	6339396	929892874	35	151	Leeds	no	0.0	no	no	PD	no	no	Andrew_Malthez_Thomas;Paolo_Manghi	ERR6279646
LeeKA_2022	PRIMM0220	PRIMM0220	stool	no	melanoma	melanoma	60.0	adult	male	18.99198825	GBR	Manchester	no	IlluminaNovaSeq	thermo_fisher	35228751	18226612	2729787391	35	151	Leeds	no	1.0	no	no	PR	yes	yes	Andrew_Malthez_Thomas;Paolo_Manghi	ERR6279648
LeeKA_2022	PRIMM0232	PRIMM0232	stool	no	melanoma	melanoma	80.0	senior	male	28.62879239	GBR	Manchester	no	IlluminaNovaSeq	thermo_fisher	35228751	10411900	1526562049	35	151	Leeds	no	1.0	steroids	yes	PR	yes	yes	Andrew_Malthez_Thomas;Paolo_Manghi	ERR6279645
LeeKA_2022	PRIMM0271	PRIMM0271	stool	no	melanoma	melanoma	81.0	senior	male	29.387755100000003	GBR	Manchester	no	IlluminaNovaSeq	thermo_fisher	35228751	29219759	4186682706	35	151	Leeds	no	1.0	no	no	PD	no	no	Andrew_Malthez_Thomas;Paolo_Manghi	ERR6279626
LeeKA_2022	PRIMM0234	PRIMM0234	stool	no	melanoma	melanoma;treatment_colitis	45.0	adult	male	29.96161169	GBR	Manchester	no	IlluminaNovaSeq	thermo_fisher	35228751	22633942	3326175996	35	151	Leeds	no	0.0	steroids	yes	CR	yes	yes	Andrew_Malthez_Thomas;Paolo_Manghi	ERR6279644
LeeKA_2022	PRIMM0178	PRIMM0178	stool	no	melanoma	melanoma;treatment_colitis	63.0	adult	male	24.65590962	GBR	Manchester	no	IlluminaNovaSeq	thermo_fisher	35228751	20854617	3091137217	35	151	Leeds	yes	0.0	steroids	yes	PD	no	no	Andrew_Malthez_Thomas;Paolo_Manghi	ERR6279659
LeeKA_2022	PRIMM0242	PRIMM0242	stool	no	melanoma	melanoma	38.0	adult	female	24.30461788	GBR	Manchester	no	IlluminaNovaSeq	thermo_fisher	35228751	12691666	1886385929	35	151	Leeds	no	3.0	PPI;steroids	yes	PD	no	no	Andrew_Malthez_Thomas;Paolo_Manghi	ERR6279627
LeeKA_2022	PRIMM0171	PRIMM0171	stool	no	melanoma	melanoma	54.0	adult	male	28.72737719	GBR	Manchester	no	IlluminaNovaSeq	thermo_fisher	35228751	68184892	9932112528	35	151	Leeds	yes	0.0	no	no	PD	no	no	Andrew_Malthez_Thomas;Paolo_Manghi	ERR6279670
LeeKA_2022	PRIMM0181	PRIMM0181	stool	yes	melanoma	melanoma	36.0	adult	female	22.03856749	GBR	Manchester	no	IlluminaNovaSeq	thermo_fisher	35228751	26769419	3950637940	35	151	Leeds	yes	0.0	no	no	PD	no	no	Andrew_Malthez_Thomas;Paolo_Manghi	ERR6279656
LeeKA_2022	PRIMM0474	PRIMM0474	stool	no	melanoma	melanoma	69.0	senior	male	28.90507573	NLD	NA	no	IlluminaNovaSeq	thermo_fisher	35228751	12585586	1803446068	35	151	PRIMM-NL	yes	NA	no	no	PR	yes	yes	Andrew_Malthez_Thomas;Paolo_Manghi	ERR6231616
LeeKA_2022	PRIMM0475	PRIMM0475	stool	no	melanoma	melanoma	44.0	adult	female	32.07591299	NLD	NA	no	IlluminaNovaSeq	thermo_fisher	35228751	6882648	961212896	35	151	PRIMM-NL	yes	NA	no	yes	CR	yes	yes	Andrew_Malthez_Thomas;Paolo_Manghi	ERR6230278
LeeKA_2022	PRIMM0477	PRIMM0477	stool	no	melanoma	melanoma	54.0	adult	male	29.04657027	NLD	NA	no	IlluminaNovaSeq	thermo_fisher	35228751	16924612	2505725702	75	151	PRIMM-NL	no	0.0	steroids	yes	SD	yes	yes	Andrew_Malthez_Thomas;Paolo_Manghi	ERR6230340
LeeKA_2022	PRIMM0498	PRIMM0498	stool	no	melanoma	melanoma;treatment_colitis	66.0	senior	male	NA	NLD	NA	no	IlluminaNovaSeq	thermo_fisher	35228751	10484447	1576395794	35	151	PRIMM-NL	no	0.0	no	yes	PD	no	no	Andrew_Malthez_Thomas;Paolo_Manghi	ERR6231475
LeeKA_2022	PRIMM0483	PRIMM0483	stool	yes	melanoma	melanoma	79.0	senior	male	29.06122449	NLD	NA	no	IlluminaNovaSeq	thermo_fisher	35228751	8523697	1243244598	35	151	PRIMM-NL	no	0.0	no	yes	PD	no	no	Andrew_Malthez_Thomas;Paolo_Manghi	ERR6230326
LeeKA_2022	PRIMM0511	PRIMM0511	stool	no	melanoma	melanoma	74.0	senior	male	NA	NLD	NA	no	IlluminaNovaSeq	thermo_fisher	35228751	46499628	6921506861	35	151	PRIMM-NL	no	0.0	no	0	PD	no	no	Andrew_Malthez_Thomas;Paolo_Manghi	ERR6233695
LeeKA_2022	PRIMM0513	PRIMM0513	stool	no	melanoma	melanoma	64.0	adult	female	27.39817568	NLD	NA	no	IlluminaNovaSeq	thermo_fisher	35228751	4571220	684613459	35	151	PRIMM-NL	yes	1.0	steroids	yes	PR	yes	yes	Andrew_Malthez_Thomas;Paolo_Manghi	ERR6230245
LeeKA_2022	PRIMM0516	PRIMM0516	stool	no	melanoma	melanoma	69.0	senior	male	27.45982194	NLD	NA	no	IlluminaNovaSeq	thermo_fisher	35228751	17469320	2616693366	35	151	PRIMM-NL	yes	0.0	no	no	PD	no	no	Andrew_Malthez_Thomas;Paolo_Manghi	ERR6275682
LeeKA_2022	PRIMM0521	PRIMM0521	stool	no	melanoma	melanoma	68.0	senior	male	27.17063157	NLD	NA	no	IlluminaNovaSeq	thermo_fisher	35228751	24130509	3598426955	35	151	PRIMM-NL	no	0.0	PPI	no	PD	no	no	Andrew_Malthez_Thomas;Paolo_Manghi	ERR6275683
LeeKA_2022	PRIMM0525	PRIMM0525	stool	no	melanoma	melanoma	80.0	senior	female	26.42356982	NLD	NA	no	IlluminaNovaSeq	thermo_fisher	35228751	5752463	858186600	35	151	PRIMM-NL	no	0.0	no	yes	PR	yes	yes	Andrew_Malthez_Thomas;Paolo_Manghi	ERR6275678
LeeKA_2022	PRIMM0526	PRIMM0526	stool	no	melanoma	melanoma	48.0	adult	male	26.88172043	NLD	NA	no	IlluminaNovaSeq	thermo_fisher	35228751	15440289	2313222391	35	151	PRIMM-NL	yes	0.0	steroids	yes	PD	no	no	Andrew_Malthez_Thomas;Paolo_Manghi	ERR6275679
LeeKA_2022	PRIMM0287	PRIMM0287	stool	no	melanoma	melanoma	70.0	senior	male	25.66115203	NLD	NA	no	IlluminaNovaSeq	thermo_fisher	35228751	5596281	840609974	35	151	PRIMM-NL	no	0.0	PPI	yes	PR	yes	yes	Andrew_Malthez_Thomas;Paolo_Manghi	ERR6279615
LeeKA_2022	PRIMM0328	PRIMM0328	stool	NA	melanoma	melanoma	65.0	adult	female	29.41176471	NLD	NA	no	IlluminaNovaSeq	thermo_fisher	35228751	4411604	662973472	35	151	PRIMM-NL	no	1.0	steroids	yes	CR	yes	yes	Andrew_Malthez_Thomas;Paolo_Manghi	ERR6275681
LeeKA_2022	PRIMM0301	PRIMM0301	stool	no	melanoma	melanoma	69.0	senior	male	NA	NLD	NA	no	IlluminaNovaSeq	thermo_fisher	35228751	22516100	3376295823	75	151	PRIMM-NL	no	0.0	no	no	CR	yes	yes	Andrew_Malthez_Thomas;Paolo_Manghi	ERR6279616
LeeKA_2022	PRIMM0300	PRIMM0300	stool	no	melanoma	melanoma	48.0	adult	male	NA	NLD	NA	no	IlluminaNovaSeq	thermo_fisher	35228751	18486541	2776289763	35	151	PRIMM-NL	no	0.0	no	no	CR	yes	yes	Andrew_Malthez_Thomas;Paolo_Manghi	ERR6279619
LeeKA_2022	PRIMM0308	PRIMM0308	stool	no	melanoma	melanoma	63.0	adult	male	NA	NLD	NA	no	IlluminaNovaSeq	thermo_fisher	35228751	32808084	4862423560	35	151	PRIMM-NL	no	0.0	PPI	yes	SD	yes	yes	Andrew_Malthez_Thomas;Paolo_Manghi	ERR6279622
LeeKA_2022	PRIMM0310	PRIMM0310	stool	yes	melanoma	melanoma	85.0	senior	male	NA	NLD	NA	no	IlluminaNovaSeq	thermo_fisher	35228751	6964152	1046162783	35	151	PRIMM-NL	no	0.0	steroids	yes	SD	yes	no	Andrew_Malthez_Thomas;Paolo_Manghi	ERR6275684
LeeKA_2022	PRIMM0325	PRIMM0325	stool	no	melanoma	melanoma	75.0	senior	female	31.25	NLD	NA	no	IlluminaNovaSeq	thermo_fisher	35228751	17781453	2306449215	35	150	PRIMM-NL	yes	0.0	PPI	yes	SD	yes	yes	Andrew_Malthez_Thomas;Paolo_Manghi	ERR6279614
LeeKA_2022	PRIMM0331	PRIMM0331	stool	yes	melanoma	melanoma	62.0	adult	female	19.91836735	NLD	NA	no	IlluminaNovaSeq	thermo_fisher	35228751	43716689	6148472873	35	151	PRIMM-NL	yes	2.0	PPI	yes	PR	yes	yes	Andrew_Malthez_Thomas;Paolo_Manghi	ERR6279624
LeeKA_2022	PRIMM0354	PRIMM0354	stool	no	melanoma	melanoma	74.0	senior	male	37.34721593	NLD	NA	no	IlluminaNovaSeq	thermo_fisher	35228751	80645081	11963554946	35	151	PRIMM-NL	no	2.0	PPI	no	PD	no	no	Andrew_Malthez_Thomas;Paolo_Manghi	ERR6275661
LeeKA_2022	PRIMM0352	PRIMM0352	stool	no	melanoma	melanoma	71.0	senior	male	19.52311537	NLD	NA	no	IlluminaNovaSeq	thermo_fisher	35228751	22031467	3067453324	35	151	PRIMM-NL	no	0.0	PPI;steroids	yes	SD	yes	no	Andrew_Malthez_Thomas;Paolo_Manghi	ERR6254871
LeeKA_2022	PRIMM0353	PRIMM0353	stool	no	melanoma	melanoma	71.0	senior	female	30.86419753	NLD	NA	no	IlluminaNovaSeq	thermo_fisher	35228751	21024593	3154467436	35	151	PRIMM-NL	no	0.0	PPI	no	PD	no	no	Andrew_Malthez_Thomas;Paolo_Manghi	ERR6254870
LeeKA_2022	PRIMM0357	PRIMM0357	stool	yes	melanoma	melanoma	58.0	adult	female	NA	NLD	NA	no	IlluminaNovaSeq	thermo_fisher	35228751	10207357	1529894269	35	151	PRIMM-NL	yes	1.0	PPI	yes	CR	yes	yes	Andrew_Malthez_Thomas;Paolo_Manghi	ERR6243879
LeeKA_2022	PRIMM0361	PRIMM0361	stool	no	melanoma	melanoma	57.0	adult	male	21.84700852	NLD	NA	no	IlluminaNovaSeq	thermo_fisher	35228751	16670449	2501615512	35	151	PRIMM-NL	yes	1.0	no	yes	SD	yes	no	Andrew_Malthez_Thomas;Paolo_Manghi	ERR6248618
LeeKA_2022	PRIMM0378	PRIMM0378	stool	no	melanoma	melanoma	67.0	senior	female	24.67702134	NLD	NA	no	IlluminaNovaSeq	thermo_fisher	35228751	6338064	907469702	35	151	PRIMM-NL	no	0.0	no	no	PR	yes	yes	Andrew_Malthez_Thomas;Paolo_Manghi	ERR6239138
LeeKA_2022	PRIMM0380	PRIMM0380	stool	yes	melanoma	melanoma	27.0	adult	female	33.94930751	NLD	NA	no	IlluminaNovaSeq	thermo_fisher	35228751	20240791	2497907885	35	150	PRIMM-NL	yes	0.0	PPI;steroids	yes	PD	no	no	Andrew_Malthez_Thomas;Paolo_Manghi	ERR6243877
LeeKA_2022	PRIMM0383	PRIMM0383	stool	no	melanoma	melanoma;treatment_colitis	57.0	adult	female	31.83391003	NLD	NA	no	IlluminaNovaSeq	thermo_fisher	35228751	40768841	4094932243	35	99	PRIMM-NL	no	0.0	steroids	yes	PR	yes	no	Andrew_Malthez_Thomas;Paolo_Manghi	ERR6243878
LeeKA_2022	PRIMM0381	PRIMM0381	stool	no	melanoma	melanoma	60.0	adult	male	22.40878677	NLD	NA	no	IlluminaNovaSeq	thermo_fisher	35228751	26902377	3469858848	35	150	PRIMM-NL	yes	0.0	steroids	yes	PR	yes	yes	Andrew_Malthez_Thomas;Paolo_Manghi	ERR6243880
LeeKA_2022	PRIMM0386	PRIMM0386	stool	no	melanoma	melanoma;treatment_colitis	58.0	adult	male	21.6066482	NLD	NA	no	IlluminaNovaSeq	thermo_fisher	35228751	8946058	1335812322	35	151	PRIMM-NL	no	0.0	steroids	yes	PD	no	no	Andrew_Malthez_Thomas;Paolo_Manghi	ERR6235717
LeeKA_2022	PRIMM0394	PRIMM0394	stool	yes	melanoma	melanoma	70.0	senior	male	24.17897757	NLD	NA	no	IlluminaNovaSeq	thermo_fisher	35228751	15508367	2309402767	35	151	PRIMM-NL	no	0.0	steroids	yes	PR	yes	yes	Andrew_Malthez_Thomas;Paolo_Manghi	ERR6236131
LeeKA_2022	PRIMM0387	PRIMM0387	stool	yes	melanoma	melanoma	25.0	adult	male	32.14024836	NLD	NA	no	IlluminaNovaSeq	thermo_fisher	35228751	8014561	1158833713	35	151	PRIMM-NL	no	0.0	steroids	yes	PD	no	no	Andrew_Malthez_Thomas;Paolo_Manghi	ERR6235716
LeeKA_2022	PRIMM0391	PRIMM0391	stool	no	melanoma	melanoma	53.0	adult	female	21.453287200000002	NLD	NA	no	IlluminaNovaSeq	thermo_fisher	35228751	22061091	3298945494	35	151	PRIMM-NL	no	0.0	steroids	yes	PR	yes	yes	Andrew_Malthez_Thomas;Paolo_Manghi	ERR6239139
LeeKA_2022	PRIMM0398	PRIMM0398	stool	no	melanoma	melanoma	78.0	senior	male	24.96800974	NLD	NA	no	IlluminaNovaSeq	thermo_fisher	35228751	19921890	2975447409	35	151	PRIMM-NL	no	0.0	steroids	yes	PD	no	no	Andrew_Malthez_Thomas;Paolo_Manghi	ERR6235718
LeeKA_2022	PRIMM0399	PRIMM0399	stool	no	melanoma	melanoma	57.0	adult	female	24.96494648	NLD	NA	no	IlluminaNovaSeq	thermo_fisher	35228751	12262282	1624428398	35	150	PRIMM-NL	yes	0.0	no	yes	SD	yes	yes	Andrew_Malthez_Thomas;Paolo_Manghi	ERR6233693
LeeKA_2022	PRIMM0404	PRIMM0404	stool	no	melanoma	melanoma;treatment_colitis	54.0	adult	male	25.45111384	NLD	NA	no	IlluminaNovaSeq	thermo_fisher	35228751	8458414	1210634469	35	151	PRIMM-NL	no	0.0	steroids	yes	PR	yes	no	Andrew_Malthez_Thomas;Paolo_Manghi	ERR6232687
LeeKA_2022	PRIMM0403	PRIMM0403	stool	no	melanoma	melanoma	52.0	adult	male	24.30248706	NLD	NA	no	IlluminaNovaSeq	thermo_fisher	35228751	10983573	1578410218	35	151	PRIMM-NL	no	1.0	steroids	yes	SD	yes	no	Andrew_Malthez_Thomas;Paolo_Manghi	ERR6233692
LeeKA_2022	PRIMM0411	PRIMM0411	stool	no	melanoma	melanoma;treatment_colitis	55.0	adult	female	25.99090318	NLD	NA	no	IlluminaNovaSeq	thermo_fisher	35228751	15994686	2209620449	35	151	PRIMM-NL	yes	0.0	steroids	yes	PR	yes	yes	Andrew_Malthez_Thomas;Paolo_Manghi	ERR6232688
LeeKA_2022	PRIMM0417	PRIMM0417	stool	yes	melanoma	melanoma	70.0	senior	male	25.46938776	NLD	NA	no	IlluminaNovaSeq	thermo_fisher	35228751	21458070	3188477302	35	151	PRIMM-NL	no	3.0	PPI	no	PD	no	no	Andrew_Malthez_Thomas;Paolo_Manghi	ERR6233694
LeeKA_2022	PRIMM0424	PRIMM0424	stool	no	melanoma	melanoma;treatment_colitis	58.0	adult	male	24.76756592	NLD	NA	no	IlluminaNovaSeq	thermo_fisher	35228751	9754878	1429352618	35	151	PRIMM-NL	yes	1.0	PPI;steroids	yes	PD	no	no	Andrew_Malthez_Thomas;Paolo_Manghi	ERR6232526
LeeKA_2022	PRIMM0421	PRIMM0421	stool	no	melanoma	melanoma	NA	adult	female	38.19632234	NLD	NA	no	IlluminaNovaSeq	thermo_fisher	35228751	9093903	1346592169	35	151	PRIMM-NL	no	1.0	PPI	0	PR	yes	yes	Andrew_Malthez_Thomas;Paolo_Manghi	ERR6232529
LeeKA_2022	PRIMM0422	PRIMM0422	stool	no	melanoma	melanoma	56.0	adult	female	18.77834467	NLD	NA	no	IlluminaNovaSeq	thermo_fisher	35228751	14845037	2100573536	35	151	PRIMM-NL	yes	2.0	PPI	yes	PD	no	no	Andrew_Malthez_Thomas;Paolo_Manghi	ERR6232686
LeeKA_2022	PRIMM0423	PRIMM0423	stool	no	melanoma	melanoma	55.0	adult	female	37.57762747	NLD	NA	no	IlluminaNovaSeq	thermo_fisher	35228751	9784378	1399463447	35	151	PRIMM-NL	no	1.0	no	no	PR	yes	yes	Andrew_Malthez_Thomas;Paolo_Manghi	ERR6232528
LeeKA_2022	PRIMM0426	PRIMM0426	stool	no	melanoma	melanoma	58.0	adult	male	27.13141179	NLD	NA	no	IlluminaNovaSeq	thermo_fisher	35228751	9001828	1329541029	35	151	PRIMM-NL	yes	1.0	no	yes	PD	no	no	Andrew_Malthez_Thomas;Paolo_Manghi	ERR6232525
LeeKA_2022	PRIMM0427	PRIMM0427	stool	no	melanoma	melanoma	80.0	senior	male	25.43646664	NLD	NA	no	IlluminaNovaSeq	thermo_fisher	35228751	6942749	996447494	35	151	PRIMM-NL	yes	2.0	no	yes	SD	yes	yes	Andrew_Malthez_Thomas;Paolo_Manghi	ERR6232523
LeeKA_2022	PRIMM0435	PRIMM0435	stool	no	melanoma	melanoma	76.0	senior	male	26.52851035	NLD	NA	no	IlluminaNovaSeq	thermo_fisher	35228751	8669833	1182485556	35	151	PRIMM-NL	yes	1.0	PPI	no	PD	no	no	Andrew_Malthez_Thomas;Paolo_Manghi	ERR6232522
LeeKA_2022	PRIMM0434	PRIMM0434	stool	no	melanoma	melanoma	66.0	senior	female	27.76979795	NLD	NA	no	IlluminaNovaSeq	thermo_fisher	35228751	6039184	800327059	35	150	PRIMM-NL	no	0.0	PPI	no	CR	yes	yes	Andrew_Malthez_Thomas;Paolo_Manghi	ERR6232521
LeeKA_2022	PRIMM0447	PRIMM0447	stool	no	melanoma	melanoma;treatment_colitis	39.0	adult	female	26.61934339	NLD	NA	no	IlluminaNovaSeq	thermo_fisher	35228751	12263691	1806707518	35	151	PRIMM-NL	yes	1.0	steroids	yes	PD	no	no	Andrew_Malthez_Thomas;Paolo_Manghi	ERR6232518
LeeKA_2022	PRIMM0445	PRIMM0445	stool	yes	melanoma	melanoma	39.0	adult	female	24.65590962	NLD	NA	no	IlluminaNovaSeq	thermo_fisher	35228751	41402499	6204954489	75	151	PRIMM-NL	no	1.0	PPI	no	SD	yes	no	Andrew_Malthez_Thomas;Paolo_Manghi	ERR6232527
LeeKA_2022	PRIMM0455	PRIMM0455	stool	yes	melanoma	melanoma	57.0	adult	female	29.40759637	NLD	NA	no	IlluminaNovaSeq	thermo_fisher	35228751	11058970	1523794089	35	151	PRIMM-NL	no	0.0	PPI	no	PD	no	no	Andrew_Malthez_Thomas;Paolo_Manghi	ERR6232425
LeeKA_2022	PRIMM0461	PRIMM0461	stool	no	melanoma	melanoma;treatment_colitis	54.0	adult	male	28.06891815	NLD	NA	no	IlluminaNovaSeq	thermo_fisher	35228751	28584365	4283253651	75	151	PRIMM-NL	yes	0.0	steroids	yes	PD	no	no	Andrew_Malthez_Thomas;Paolo_Manghi	ERR6232382
LeeKA_2022	PRIMM0467	PRIMM0467	stool	no	melanoma	melanoma	61.0	adult	male	29.352354499999997	NLD	NA	no	IlluminaNovaSeq	thermo_fisher	35228751	12806006	1862430468	75	151	PRIMM-NL	yes	0.0	steroids	yes	PD	no	no	Andrew_Malthez_Thomas;Paolo_Manghi	ERR6231548
LeeKA_2022	PRIMM0460	PRIMM0460	stool	no	melanoma	melanoma	55.0	adult	female	33.15043439	NLD	NA	no	IlluminaNovaSeq	thermo_fisher	35228751	28391812	4257517976	75	151	PRIMM-NL	no	0.0	PPI	no	SD	yes	yes	Andrew_Malthez_Thomas;Paolo_Manghi	ERR6232458
LeeKA_2022	PRIMM0473	PRIMM0473	stool	no	melanoma	melanoma	51.0	adult	female	NA	NLD	NA	no	IlluminaNovaSeq	thermo_fisher	35228751	33277343	4813727723	35	151	PRIMM-NL	yes	0.0	no	yes	PR	yes	no	Andrew_Malthez_Thomas;Paolo_Manghi	ERR6232524
LeeKA_2022	PRIMM0532	PRIMM0532	stool	no	melanoma	melanoma	49.0	adult	male	40.74074074	NLD	NA	no	IlluminaNovaSeq	thermo_fisher	35228751	63451095	9487540247	75	151	PRIMM-NL	no	0.0	PPI	yes	PD	no	no	Andrew_Malthez_Thomas;Paolo_Manghi	ERR6275680
LeeKA_2022	PRIMM0536	PRIMM0536	stool	yes	melanoma	melanoma	NA	adult	female	31.97501487	NLD	NA	no	IlluminaNovaSeq	thermo_fisher	35228751	15422720	2280517604	35	151	PRIMM-NL	no	0.0	no	yes	PR	yes	yes	Andrew_Malthez_Thomas;Paolo_Manghi	ERR6275676
LeeKA_2022	PRIMM0001	PRIMM0001	stool	no	melanoma	melanoma	53.0	adult	female	25.92419951	GBR	NA	no	IlluminaNovaSeq	thermo_fisher	35228751	41165559	5721712640	35	151	PRIMM-UK	yes	1.0	no	no	PD	no	no	Andrew_Malthez_Thomas;Paolo_Manghi	ERR6281751
LeeKA_2022	PRIMM0002	PRIMM0002	stool	yes	melanoma	melanoma;treatment_colitis	81.0	senior	male	27.77777778	GBR	NA	no	IlluminaNovaSeq	thermo_fisher	35228751	13061452	1959262688	35	151	PRIMM-UK	no	0.0	steroids	yes	PD	no	no	Andrew_Malthez_Thomas;Paolo_Manghi	ERR6281505
LeeKA_2022	PRIMM0004	PRIMM0004	stool	no	melanoma	melanoma	63.0	adult	male	31.83495338	GBR	NA	no	IlluminaNovaSeq	thermo_fisher	35228751	64944072	8811130508	35	151	PRIMM-UK	yes	1.0	steroids	yes	PD	no	no	Andrew_Malthez_Thomas;Paolo_Manghi	ERR6281942
LeeKA_2022	PRIMM0005	PRIMM0005	stool	no	melanoma	melanoma;treatment_colitis	50.0	adult	female	20.72432543	GBR	NA	no	IlluminaNovaSeq	thermo_fisher	35228751	16924571	2537722355	35	151	PRIMM-UK	no	0.0	steroids	yes	PR	yes	yes	Andrew_Malthez_Thomas;Paolo_Manghi	ERR6281433
LeeKA_2022	PRIMM0008	PRIMM0008	stool	no	melanoma	melanoma	83.0	senior	male	27.86594941	GBR	NA	no	IlluminaNovaSeq	thermo_fisher	35228751	15774666	2367390653	35	151	PRIMM-UK	no	2.0	steroids	yes	PR	yes	yes	Andrew_Malthez_Thomas;Paolo_Manghi	ERR6281431
LeeKA_2022	PRIMM0013	PRIMM0013	stool	no	melanoma	melanoma	69.0	senior	female	25.74394464	GBR	NA	no	IlluminaNovaSeq	thermo_fisher	35228751	38162841	5597475279	35	151	PRIMM-UK	no	1.0	steroids	yes	PR	yes	yes	Andrew_Malthez_Thomas;Paolo_Manghi	ERR6281448
LeeKA_2022	PRIMM0017	PRIMM0017	stool	no	melanoma	melanoma;treatment_colitis	64.0	adult	male	47.65812397	GBR	NA	no	IlluminaNovaSeq	thermo_fisher	35228751	42842585	6262532203	35	151	PRIMM-UK	no	1.0	steroids	yes	PD	no	no	Andrew_Malthez_Thomas;Paolo_Manghi	ERR6281500
LeeKA_2022	PRIMM0030	PRIMM0030	stool	yes	melanoma	melanoma	58.0	adult	male	26.27471384	GBR	NA	no	IlluminaNovaSeq	thermo_fisher	35228751	20885746	3134437695	35	151	PRIMM-UK	no	0.0	no	no	PD	no	no	Andrew_Malthez_Thomas;Paolo_Manghi	ERR6281342
LeeKA_2022	PRIMM0035	PRIMM0035	stool	no	melanoma	melanoma;treatment_colitis	86.0	senior	male	34.0410284	GBR	NA	no	IlluminaNovaSeq	thermo_fisher	35228751	31153360	4566716714	35	151	PRIMM-UK	no	1.0	steroids	yes	PD	no	no	Andrew_Malthez_Thomas;Paolo_Manghi	ERR6281340
LeeKA_2022	PRIMM0044	PRIMM0044	stool	yes	melanoma	melanoma;treatment_colitis	19.0	adult	male	21.79106405	GBR	NA	no	IlluminaNovaSeq	thermo_fisher	35228751	65873251	8974481923	35	151	PRIMM-UK	no	0.0	steroids	yes	PD	no	no	Andrew_Malthez_Thomas;Paolo_Manghi	ERR6281432
LeeKA_2022	PRIMM0069	PRIMM0069	stool	no	melanoma	melanoma	50.0	adult	male	32.60475788	GBR	NA	no	IlluminaNovaSeq	thermo_fisher	35228751	34302730	5142897948	35	151	PRIMM-UK	yes	1.0	PPI	no	PD	no	no	Andrew_Malthez_Thomas;Paolo_Manghi	NA
LeeKA_2022	PRIMM0050	PRIMM0050	stool	no	melanoma	melanoma	38.0	adult	female	39.40621751	GBR	NA	no	IlluminaNovaSeq	thermo_fisher	35228751	8994778	1307118370	35	151	PRIMM-UK	no	1.0	steroids	yes	PR	yes	yes	Andrew_Malthez_Thomas;Paolo_Manghi	ERR6280948
LeeKA_2022	PRIMM0059	PRIMM0059	stool	no	melanoma	melanoma	83.0	senior	male	28.15530042	GBR	NA	no	IlluminaNovaSeq	thermo_fisher	35228751	81210638	11568662076	35	151	PRIMM-UK	no	1.0	PPI	no	PD	no	no	Andrew_Malthez_Thomas;Paolo_Manghi	ERR6281434
LeeKA_2022	PRIMM0060	PRIMM0060	stool	yes	melanoma	melanoma	85.0	senior	male	28.76420455	GBR	NA	no	IlluminaNovaSeq	thermo_fisher	35228751	47270637	6846680554	35	151	PRIMM-UK	no	2.0	PPI	no	PR	yes	yes	Andrew_Malthez_Thomas;Paolo_Manghi	ERR6281341
LeeKA_2022	PRIMM0062	PRIMM0062	stool	no	melanoma	melanoma	46.0	adult	female	23.8697204	GBR	NA	no	IlluminaNovaSeq	thermo_fisher	35228751	64092689	9056898635	35	151	PRIMM-UK	no	3.0	no	yes	SD	yes	yes	Andrew_Malthez_Thomas;Paolo_Manghi	ERR6281343
LeeKA_2022	PRIMM0064	PRIMM0064	stool	no	melanoma	melanoma;treatment_colitis	50.0	adult	female	37.02479339	GBR	NA	no	IlluminaNovaSeq	thermo_fisher	35228751	25754080	3794530881	35	151	PRIMM-UK	no	1.0	steroids	yes	PR	yes	yes	Andrew_Malthez_Thomas;Paolo_Manghi	ERR6280910
LeeKA_2022	PRIMM0068	PRIMM0068	stool	NA	melanoma	melanoma;treatment_colitis	62.0	adult	male	32.34477974	GBR	NA	no	IlluminaNovaSeq	thermo_fisher	35228751	13462711	2021953356	35	151	PRIMM-UK	yes	1.0	PPI;steroids	yes	PD	no	no	Andrew_Malthez_Thomas;Paolo_Manghi	ERR6279683
LeeKA_2022	PRIMM0078	PRIMM0078	stool	no	melanoma	melanoma;treatment_colitis	44.0	adult	female	29.959727500000003	GBR	NA	no	IlluminaNovaSeq	thermo_fisher	35228751	55754959	8233692655	35	151	PRIMM-UK	no	1.0	no	yes	PD	no	no	Andrew_Malthez_Thomas;Paolo_Manghi	ERR6281000
LeeKA_2022	PRIMM0077	PRIMM0077	stool	no	melanoma	melanoma	82.0	senior	male	24.29943171	GBR	NA	no	IlluminaNovaSeq	thermo_fisher	35228751	16336736	2444417890	35	151	PRIMM-UK	yes	1.0	no	no	PD	no	no	Andrew_Malthez_Thomas;Paolo_Manghi	ERR6279682
LeeKA_2022	PRIMM0080	PRIMM0080	stool	no	melanoma	melanoma;treatment_colitis	56.0	adult	male	31.28092183	GBR	NA	no	IlluminaNovaSeq	thermo_fisher	35228751	42072385	6235791285	35	151	PRIMM-UK	no	0.0	steroids	yes	SD	yes	no	Andrew_Malthez_Thomas;Paolo_Manghi	ERR6280907
LeeKA_2022	PRIMM0079	PRIMM0079	stool	no	melanoma	melanoma	82.0	senior	male	23.63969196	GBR	NA	no	IlluminaNovaSeq	thermo_fisher	35228751	23605641	2660826714	35	146	PRIMM-UK	no	2.0	no	no	PR	yes	yes	Andrew_Malthez_Thomas;Paolo_Manghi	ERR6279680
LeeKA_2022	PRIMM0087	PRIMM0087	stool	no	melanoma	melanoma	54.0	adult	female	18.83437364	GBR	NA	no	IlluminaNovaSeq	thermo_fisher	35228751	23345376	3244173828	35	151	PRIMM-UK	no	0.0	steroids	yes	SD	yes	no	Andrew_Malthez_Thomas;Paolo_Manghi	ERR6279679
LeeKA_2022	PRIMM0091	PRIMM0091	stool	no	melanoma	melanoma	80.0	senior	female	36.19875019	GBR	NA	no	IlluminaNovaSeq	thermo_fisher	35228751	34353099	4911096273	35	151	PRIMM-UK	no	1.0	no	yes	PD	no	no	Andrew_Malthez_Thomas;Paolo_Manghi	ERR6279678
LeeKA_2022	PRIMM0094	PRIMM0094	stool	no	melanoma	melanoma	94.0	senior	female	20.82093992	GBR	NA	no	IlluminaNovaSeq	thermo_fisher	35228751	15671390	2173310316	35	151	PRIMM-UK	no	2.0	no	yes	NA	no	no	Andrew_Malthez_Thomas;Paolo_Manghi	ERR6279673
LeeKA_2022	PRIMM0116	PRIMM0116	stool	no	melanoma	melanoma	87.0	senior	male	32.66520851	GBR	NA	no	IlluminaNovaSeq	thermo_fisher	35228751	41416449	5925985655	35	151	PRIMM-UK	no	1.0	PPI	yes	CR	yes	no	Andrew_Malthez_Thomas;Paolo_Manghi	ERR6279676
LeeKA_2022	PRIMM0109	PRIMM0109	stool	no	melanoma	melanoma	79.0	senior	female	33.95061728	GBR	NA	no	IlluminaNovaSeq	thermo_fisher	35228751	39464214	5378209351	35	151	PRIMM-UK	no	1.0	PPI	yes	PR	yes	yes	Andrew_Malthez_Thomas;Paolo_Manghi	ERR6279677
LeeKA_2022	PRIMM0117	PRIMM0117	stool	no	melanoma	melanoma	84.0	senior	male	29.05328798	GBR	NA	no	IlluminaNovaSeq	thermo_fisher	35228751	68260626	8982653671	35	150	PRIMM-UK	no	1.0	no	yes	CR	yes	yes	Andrew_Malthez_Thomas;Paolo_Manghi	ERR6279681
LeeKA_2022	PRIMM0123	PRIMM0123	stool	yes	melanoma	melanoma	40.0	adult	male	29.11894136	GBR	NA	no	IlluminaNovaSeq	thermo_fisher	35228751	8133990	1215859023	35	151	PRIMM-UK	no	1.0	PPI	no	PD	no	no	Andrew_Malthez_Thomas;Paolo_Manghi	ERR6279668
LeeKA_2022	PRIMM0137	PRIMM0137	stool	no	melanoma	melanoma	74.0	senior	male	28.9007795	GBR	NA	no	IlluminaNovaSeq	thermo_fisher	35228751	50086868	6334047560	35	150	PRIMM-UK	yes	0.0	steroids	yes	PD	no	no	Andrew_Malthez_Thomas;Paolo_Manghi	ERR6279672
LeeKA_2022	PRIMM0155	PRIMM0155	stool	no	melanoma	melanoma;treatment_colitis	76.0	senior	male	28.31024931	GBR	NA	no	IlluminaNovaSeq	thermo_fisher	35228751	31429755	4489301261	35	151	PRIMM-UK	no	1.0	steroids	yes	PR	yes	yes	Andrew_Malthez_Thomas;Paolo_Manghi	ERR6279664
LeeKA_2022	PRIMM0159	PRIMM0159	stool	no	melanoma	melanoma	46.0	adult	male	24.22857143	GBR	NA	no	IlluminaNovaSeq	thermo_fisher	35228751	40302999	6052150081	35	151	PRIMM-UK	no	0.0	steroids	yes	PR	yes	yes	Andrew_Malthez_Thomas;Paolo_Manghi	ERR6279666
LeeKA_2022	PRIMM0154	PRIMM0154	stool	yes	melanoma	melanoma	74.0	senior	male	24.70554438	GBR	NA	no	IlluminaNovaSeq	thermo_fisher	35228751	22418306	3365479244	35	151	PRIMM-UK	no	1.0	PPI;steroids	yes	PR	yes	yes	Andrew_Malthez_Thomas;Paolo_Manghi	ERR6279663
LeeKA_2022	PRIMM0162	PRIMM0162	stool	yes	melanoma	melanoma	45.0	adult	male	28.44137397	GBR	NA	no	IlluminaNovaSeq	thermo_fisher	35228751	18910063	2753949709	35	151	PRIMM-UK	no	1.0	steroids	yes	PR	yes	yes	Andrew_Malthez_Thomas;Paolo_Manghi	ERR6279662
LeeKA_2022	PRIMM0166	PRIMM0166	stool	no	melanoma	melanoma	35.0	adult	male	23.97053496	GBR	NA	no	IlluminaNovaSeq	thermo_fisher	35228751	5700978	856281101	35	151	PRIMM-UK	yes	1.0	steroids	yes	SD	yes	yes	Andrew_Malthez_Thomas;Paolo_Manghi	ERR6279658
LeeKA_2022	PRIMM0168	PRIMM0168	stool	no	melanoma	melanoma	62.0	adult	female	27.76342975	GBR	NA	no	IlluminaNovaSeq	thermo_fisher	35228751	14209488	2026785255	35	151	PRIMM-UK	yes	1.0	PPI;steroids	yes	PD	no	no	Andrew_Malthez_Thomas;Paolo_Manghi	ERR6279660
LeeKA_2022	PRIMM0193	PRIMM0193	stool	no	melanoma	melanoma	62.0	adult	male	28.18457265	GBR	NA	no	IlluminaNovaSeq	thermo_fisher	35228751	21419655	3199946867	35	151	PRIMM-UK	no	1.0	PPI	no	NA	no	no	Andrew_Malthez_Thomas;Paolo_Manghi	ERR6279653
LeeKA_2022	PRIMM0590	PRIMM0590	stool	no	melanoma	melanoma	71.0	senior	male	33.85577144	GBR	NA	no	IlluminaNovaSeq	thermo_fisher	35228751	21531964	3162410084	35	151	PRIMM-UK	no	1.0	steroids	yes	PR	yes	yes	Andrew_Malthez_Thomas;Paolo_Manghi	ERR6271719
LeeKA_2022	PRIMM0601	PRIMM0601	stool	no	melanoma	melanoma	84.0	senior	male	29.11542185	GBR	NA	no	IlluminaNovaSeq	thermo_fisher	35228751	41555631	6086850536	35	151	PRIMM-UK	yes	2.0	no	no	PD	no	no	Andrew_Malthez_Thomas;Paolo_Manghi	ERR6271721
LeeKA_2022	PRIMM0597	PRIMM0597	stool	NA	melanoma	melanoma	77.0	senior	male	27.76465028	GBR	NA	no	IlluminaNovaSeq	thermo_fisher	35228751	13934349	2055554646	35	151	PRIMM-UK	no	1.0	steroids	yes	SD	yes	no	Andrew_Malthez_Thomas;Paolo_Manghi	ERR6257997
LeeKA_2022	PRIMM0602	PRIMM0602	stool	yes	melanoma	melanoma	55.0	adult	male	24.89117868	GBR	NA	no	IlluminaNovaSeq	thermo_fisher	35228751	43513921	6357969822	35	151	PRIMM-UK	no	1.0	steroids	yes	PD	no	no	Andrew_Malthez_Thomas;Paolo_Manghi	ERR6273965
LeeKA_2022	PRIMM0003	PRIMM0003	stool	no	melanoma	melanoma	74.0	senior	male	29.52111838	GBR	NA	no	IlluminaNovaSeq	thermo_fisher	35228751	14311889	2148073887	35	151	PRIMM-UK	no	0.0	PPI;steroids	yes	PR	yes	yes	Andrew_Malthez_Thomas;Paolo_Manghi	ERR6281499
LeeKA_2022	PRIMM0007	PRIMM0007	stool	yes	melanoma	melanoma	57.0	adult	female	22.95432524	GBR	NA	no	IlluminaNovaSeq	thermo_fisher	35228751	33208354	4516661420	35	151	PRIMM-UK	no	0.0	no	yes	PD	no	no	Andrew_Malthez_Thomas;Paolo_Manghi	ERR6281504
LeeKA_2022	PRIMM0029	PRIMM0029	stool	no	melanoma	melanoma;treatment_colitis	79.0	senior	male	36.16967555	GBR	NA	no	IlluminaNovaSeq	thermo_fisher	35228751	62613443	9013457304	35	151	PRIMM-UK	no	1.0	PPI;steroids	yes	CR	yes	yes	Andrew_Malthez_Thomas;Paolo_Manghi	ERR6281518
LeeKA_2022	PRIMM0032	PRIMM0032	stool	no	melanoma	melanoma;treatment_colitis	75.0	senior	female	31.40522352	GBR	NA	no	IlluminaNovaSeq	thermo_fisher	35228751	28876271	4340297657	35	151	PRIMM-UK	no	1.0	PPI;steroids	yes	CR	yes	yes	Andrew_Malthez_Thomas;Paolo_Manghi	ERR6281344
LeeKA_2022	PRIMM0088	PRIMM0088	stool	no	melanoma	melanoma;treatment_colitis	72.0	senior	male	27.55789225	GBR	NA	no	IlluminaNovaSeq	thermo_fisher	35228751	17970611	2650484666	35	151	PRIMM-UK	no	0.0	steroids	no	PD	no	no	Andrew_Malthez_Thomas;Paolo_Manghi	ERR6279675
LeeKA_2022	PRIMM0111	PRIMM0111	stool	no	melanoma	melanoma	36.0	adult	female	23.19620659	GBR	NA	no	IlluminaNovaSeq	thermo_fisher	35228751	79517905	11463499174	35	151	PRIMM-UK	no	0.0	no	yes	CR	yes	yes	Andrew_Malthez_Thomas;Paolo_Manghi	ERR6280899
LeeKA_2022	PRIMM0129	PRIMM0129	stool	no	melanoma	melanoma	77.0	senior	female	25.84648258	GBR	NA	no	IlluminaNovaSeq	thermo_fisher	35228751	18271925	2714215046	35	151	PRIMM-UK	no	0.0	no	yes	SD	yes	yes	Andrew_Malthez_Thomas;Paolo_Manghi	ERR6279671
LeeKA_2022	PRIMM0140	PRIMM0140	stool	no	melanoma	melanoma	54.0	adult	male	33.79017735	GBR	NA	no	IlluminaNovaSeq	thermo_fisher	35228751	32512246	4795865088	35	151	PRIMM-UK	no	1.0	no	yes	CR	yes	yes	Andrew_Malthez_Thomas;Paolo_Manghi	ERR6279667
LeeKA_2022	PRIMM0610	PRIMM0610	stool	no	melanoma	melanoma	64.0	adult	male	34.68627699	GBR	NA	no	IlluminaNovaSeq	thermo_fisher	35228751	36066887	5206195838	35	151	PRIMM-UK	yes	1.0	no	yes	CR	yes	yes	Andrew_Malthez_Thomas;Paolo_Manghi	ERR6264280
LeeKA_2022	PRIMM0594	PRIMM0594	stool	no	melanoma	melanoma	52.0	adult	male	30.81648831	GBR	NA	no	IlluminaNovaSeq	thermo_fisher	35228751	24424459	3597408788	35	151	PRIMM-UK	no	1.0	no	no	CR	yes	yes	Andrew_Malthez_Thomas;Paolo_Manghi	ERR6267712
LeeKA_2022	PRIMM0113	PRIMM0113	stool	no	melanoma	melanoma;treatment_colitis	74.0	senior	female	29.2358582	GBR	NA	no	IlluminaNovaSeq	thermo_fisher	35228751	25869965	3721379116	35	151	PRIMM-UK	no	0.0	steroids	yes	PR	yes	yes	Andrew_Malthez_Thomas;Paolo_Manghi	ERR6279674
LeeKA_2022	PRIMM0589	PRIMM0589	stool	no	melanoma	melanoma;treatment_colitis	50.0	adult	female	19.1953028	GBR	NA	no	IlluminaNovaSeq	thermo_fisher	35228751	8674536	1284495173	35	151	PRIMM-UK	no	0.0	steroids	yes	SD	yes	NA	Andrew_Malthez_Thomas;Paolo_Manghi	ERR6267711
LeeKA_2022	PRIMM0611	PRIMM0611	stool	no	melanoma	melanoma;treatment_colitis	63.0	adult	female	27.16140697	GBR	NA	no	IlluminaNovaSeq	thermo_fisher	35228751	15488546	2295768899	35	151	PRIMM-UK	no	0.0	steroids	yes	SD	yes	no	Andrew_Malthez_Thomas;Paolo_Manghi	ERR6254869
LeeKA_2022	PRIMM0143	PRIMM0143	stool	no	melanoma	melanoma	65.0	adult	male	34.08660523	GBR	NA	no	IlluminaNovaSeq	thermo_fisher	35228751	33052725	4789595196	35	151	PRIMM-UK	no	0.0	no	no	PR	yes	yes	Andrew_Malthez_Thomas;Paolo_Manghi	ERR6279665
LeeKA_2022	PRIMM0365	PRIMM0365	stool	no	melanoma	melanoma	78.0	senior	male	22.8206756	GBR	NA	no	IlluminaNovaSeq	thermo_fisher	35228751	52305663	7556778783	35	151	PRIMM-UK	yes	1.0	PPI	yes	SD	yes	no	Andrew_Malthez_Thomas;Paolo_Manghi	ERR6264281
