study_name	sample_id	subject_id	body_site	antibiotics_current_use	study_condition	disease	age	age_category	country	location	non_westernized	sequencing_platform	DNA_extraction_kit	PMID	number_reads	number_bases	minimum_read_length	median_read_length	NCBI_accession	smoker	curator
LiJ_2017	nHF511704	nHF511704	stool	no	control	healthy	NA	adult	CHN	Tangshan	no	IlluminaHiSeq	Tiangen	28143587	39417362	4927170250	125	125	ERR1398129	no	Valentina_Giunchiglia
LiJ_2017	nHM512705	nHM512705	stool	no	control	healthy	NA	adult	CHN	Tangshan	no	IlluminaHiSeq	Tiangen	28143587	39288154	4911019250	125	125	ERR1398173	no	Valentina_Giunchiglia
LiJ_2017	nHM611708	nHM611708	stool	no	control	healthy	NA	adult	CHN	Tangshan	no	IlluminaHiSeq	Tiangen	28143587	39222364	4902795500	125	125	ERR1398206	no	Valentina_Giunchiglia
LiJ_2017	nHF611710	nHF611710	stool	no	control	healthy	NA	adult	CHN	Tangshan	no	IlluminaHiSeq	Tiangen	28143587	39907950	4988493750	125	125	ERR1398242	no	Valentina_Giunchiglia
LiJ_2017	nHM511712	nHM511712	stool	no	control	healthy	NA	adult	CHN	Tangshan	no	IlluminaHiSeq	Tiangen	28143587	39753034	4969129250	125	125	ERR1398075	no	Valentina_Giunchiglia
LiJ_2017	nHM410714	nHM410714	stool	no	control	healthy	NA	adult	CHN	Tangshan	no	IlluminaHiSeq	Tiangen	28143587	55279176	6909897000	125	125	ERR1398153	no	Valentina_Giunchiglia
LiJ_2017	nHM511615	nHM511615	stool	no	control	healthy	NA	adult	CHN	Tangshan	no	IlluminaHiSeq	Tiangen	28143587	43102762	5387845250	125	125	ERR1398078	no	Valentina_Giunchiglia
LiJ_2017	nHM412716	nHM412716	stool	no	control	healthy	NA	adult	CHN	Tangshan	no	IlluminaHiSeq	Tiangen	28143587	41766000	5220750000	125	125	ERR1398214	no	Valentina_Giunchiglia
LiJ_2017	nHM511717	nHM511717	stool	no	control	healthy	NA	adult	CHN	Tangshan	no	IlluminaHiSeq	Tiangen	28143587	45729000	5716125000	125	125	ERR1398192	no	Valentina_Giunchiglia
LiJ_2017	nHF411719	nHF411719	stool	no	control	healthy	NA	adult	CHN	Tangshan	no	IlluminaHiSeq	Tiangen	28143587	44864550	5608068750	125	125	ERR1398138	no	Valentina_Giunchiglia
LiJ_2017	nHM511720	nHM511720	stool	no	control	healthy	NA	adult	CHN	Tangshan	no	IlluminaHiSeq	Tiangen	28143587	44502256	5562782000	125	125	ERR1398083	no	Valentina_Giunchiglia
LiJ_2017	nHF612722	nHF612722	stool	no	control	healthy	NA	adult	CHN	Tangshan	no	IlluminaHiSeq	Tiangen	28143587	41504530	5188066250	125	125	ERR1398161	no	Valentina_Giunchiglia
LiJ_2017	nHF611623	nHF611623	stool	no	control	healthy	NA	adult	CHN	Tangshan	no	IlluminaHiSeq	Tiangen	28143587	44845612	5605701500	125	125	ERR1398223	no	Valentina_Giunchiglia
LiJ_2017	nHMX11726	nHMX11726	stool	no	control	healthy	NA	adult	CHN	Tangshan	no	IlluminaHiSeq	Tiangen	28143587	49970124	6246265500	125	125	ERR1398253	no	Valentina_Giunchiglia
LiJ_2017	nHM410727	nHM410727	stool	no	control	healthy	NA	adult	CHN	Tangshan	no	IlluminaHiSeq	Tiangen	28143587	52874252	6609281500	125	125	ERR1398218	no	Valentina_Giunchiglia
LiJ_2017	nHM511730	nHM511730	stool	no	control	healthy	NA	adult	CHN	Tangshan	no	IlluminaHiSeq	Tiangen	28143587	41499926	5187490750	125	125	ERR1398178	no	Valentina_Giunchiglia
LiJ_2017	nHM510831	nHM510831	stool	no	control	healthy	NA	adult	CHN	Tangshan	no	IlluminaHiSeq	Tiangen	28143587	45848354	5731044250	125	125	ERR1398113	no	Valentina_Giunchiglia
LiJ_2017	nHM510732	nHM510732	stool	no	control	healthy	NA	adult	CHN	Tangshan	no	IlluminaHiSeq	Tiangen	28143587	41756272	5219534000	125	125	ERR1398180	no	Valentina_Giunchiglia
LiJ_2017	nHM511735	nHM511735	stool	no	control	healthy	NA	adult	CHN	Tangshan	no	IlluminaHiSeq	Tiangen	28143587	41952188	5244023500	125	125	ERR1398148	no	Valentina_Giunchiglia
LiJ_2017	nHM510737	nHM510737	stool	no	control	healthy	NA	adult	CHN	Tangshan	no	IlluminaHiSeq	Tiangen	28143587	41399286	5174910750	125	125	ERR1398144	no	Valentina_Giunchiglia
LiJ_2017	nHM511738	nHM511738	stool	no	control	healthy	NA	adult	CHN	Tangshan	no	IlluminaHiSeq	Tiangen	28143587	45894756	5736844500	125	125	ERR1398217	no	Valentina_Giunchiglia
LiJ_2017	nHF411741	nHF411741	stool	no	control	healthy	NA	adult	CHN	Tangshan	no	IlluminaHiSeq	Tiangen	28143587	43179664	5397458000	125	125	ERR1398169	no	Valentina_Giunchiglia
LiJ_2017	nHF409542	nHF409542	stool	no	control	healthy	NA	adult	CHN	Tangshan	no	IlluminaHiSeq	Tiangen	28143587	44252744	5531593000	125	125	ERR1398244	no	Valentina_Giunchiglia
LiJ_2017	nHM612743	nHM612743	stool	no	control	healthy	NA	adult	CHN	Tangshan	no	IlluminaHiSeq	Tiangen	28143587	45897108	5737138500	125	125	ERR1398118	no	Valentina_Giunchiglia
LiJ_2017	nHM411801	nHM411801	stool	no	control	healthy	NA	adult	CHN	Tangshan	no	IlluminaHiSeq	Tiangen	28143587	39899568	4987446000	125	125	ERR1398164	no	Valentina_Giunchiglia
LiJ_2017	nHM512802	nHM512802	stool	no	control	healthy	NA	adult	CHN	Tangshan	no	IlluminaHiSeq	Tiangen	28143587	40296722	5037090250	125	125	ERR1398243	no	Valentina_Giunchiglia
LiJ_2017	nHM412703	nHM412703	stool	no	control	healthy	NA	adult	CHN	Tangshan	no	IlluminaHiSeq	Tiangen	28143587	54761610	6845201250	125	125	ERR1398198	no	Valentina_Giunchiglia
LiJ_2017	nHM512806	nHM512806	stool	no	control	healthy	NA	adult	CHN	Tangshan	no	IlluminaHiSeq	Tiangen	28143587	44620270	5577533750	125	125	ERR1398127	no	Valentina_Giunchiglia
LiJ_2017	nHM612607	nHM612607	stool	no	control	healthy	NA	adult	CHN	Tangshan	no	IlluminaHiSeq	Tiangen	28143587	42749602	5343700250	125	125	ERR1398089	no	Valentina_Giunchiglia
LiJ_2017	nHM612709	nHM612709	stool	no	control	healthy	NA	adult	CHN	Tangshan	no	IlluminaHiSeq	Tiangen	28143587	41668724	5208590500	125	125	ERR1398100	no	Valentina_Giunchiglia
LiJ_2017	nHM512811	nHM512811	stool	no	control	healthy	NA	adult	CHN	Tangshan	no	IlluminaHiSeq	Tiangen	28143587	41615596	5201949500	125	125	ERR1398263	no	Valentina_Giunchiglia
LiJ_2017	nHM511813	nHM511813	stool	no	control	healthy	NA	adult	CHN	Tangshan	no	IlluminaHiSeq	Tiangen	28143587	44199010	5524876250	125	125	ERR1398126	no	Valentina_Giunchiglia
LiJ_2017	nHF512818	nHF512818	stool	no	control	healthy	NA	adult	CHN	Tangshan	no	IlluminaHiSeq	Tiangen	28143587	41408706	5176088250	125	125	ERR1398248	no	Valentina_Giunchiglia
LiJ_2017	nHM511821	nHM511821	stool	no	control	healthy	NA	adult	CHN	Tangshan	no	IlluminaHiSeq	Tiangen	28143587	40982996	5122874500	125	125	ERR1398237	no	Valentina_Giunchiglia
LiJ_2017	nHM612724	nHM612724	stool	no	control	healthy	NA	adult	CHN	Tangshan	no	IlluminaHiSeq	Tiangen	28143587	40343880	5042985000	125	125	ERR1398224	no	Valentina_Giunchiglia
LiJ_2017	nHM512828	nHM512828	stool	no	control	healthy	NA	adult	CHN	Tangshan	no	IlluminaHiSeq	Tiangen	28143587	40430198	5053774750	125	125	ERR1398114	no	Valentina_Giunchiglia
LiJ_2017	nHF512829	nHF512829	stool	no	control	healthy	NA	adult	CHN	Tangshan	no	IlluminaHiSeq	Tiangen	28143587	48447854	6055981750	125	125	ERR1398152	no	Valentina_Giunchiglia
LiJ_2017	nHM410833	nHM410833	stool	no	control	healthy	NA	adult	CHN	Tangshan	no	IlluminaHiSeq	Tiangen	28143587	40590932	5073866500	125	125	ERR1398101	no	Valentina_Giunchiglia
LiJ_2017	nHM512834	nHM512834	stool	no	control	healthy	NA	adult	CHN	Tangshan	no	IlluminaHiSeq	Tiangen	28143587	43090152	5386269000	125	125	ERR1398109	no	Valentina_Giunchiglia
LiJ_2017	nHM412839	nHM412839	stool	no	control	healthy	NA	adult	CHN	Tangshan	no	IlluminaHiSeq	Tiangen	28143587	49566292	6195786500	125	125	ERR1398213	no	Valentina_Giunchiglia
LiJ_2017	nHM412844	nHM412844	stool	no	control	healthy	NA	adult	CHN	Tangshan	no	IlluminaHiSeq	Tiangen	28143587	43262918	5407864750	125	125	ERR1398205	no	Valentina_Giunchiglia
LiJ_2017	H1M514901	H1M514901	stool	no	pre-hypertension	hypertension	NA	adult	CHN	Tangshan	no	IlluminaHiSeq	Tiangen	28143587	41682978	5210372250	125	125	ERR1398111	no	Valentina_Giunchiglia
LiJ_2017	H1M413802	H1M413802	stool	no	pre-hypertension	hypertension	NA	adult	CHN	Tangshan	no	IlluminaHiSeq	Tiangen	28143587	40975320	5121915000	125	125	ERR1398190	no	Valentina_Giunchiglia
LiJ_2017	H1M513803	H1M513803	stool	no	pre-hypertension	hypertension	NA	adult	CHN	Tangshan	no	IlluminaHiSeq	Tiangen	28143587	39424460	4928057500	125	125	ERR1398071	no	Valentina_Giunchiglia
LiJ_2017	H1M513804	H1M513804	stool	no	pre-hypertension	hypertension	NA	adult	CHN	Tangshan	no	IlluminaHiSeq	Tiangen	28143587	39451788	4931473500	125	125	ERR1398209	no	Valentina_Giunchiglia
LiJ_2017	H1M414905	H1M414905	stool	no	pre-hypertension	hypertension	NA	adult	CHN	Tangshan	no	IlluminaHiSeq	Tiangen	28143587	42016620	5252077500	125	125	ERR1398165	no	Valentina_Giunchiglia
LiJ_2017	H1M513606	H1M513606	stool	no	pre-hypertension	hypertension	NA	adult	CHN	Tangshan	no	IlluminaHiSeq	Tiangen	28143587	39670808	4958851000	125	125	ERR1398195	no	Valentina_Giunchiglia
LiJ_2017	H1M513807	H1M513807	stool	no	pre-hypertension	hypertension	NA	adult	CHN	Tangshan	no	IlluminaHiSeq	Tiangen	28143587	41321752	5165219000	125	125	ERR1398246	no	Valentina_Giunchiglia
LiJ_2017	H1M512808	H1M512808	stool	no	pre-hypertension	hypertension	NA	adult	CHN	Tangshan	no	IlluminaHiSeq	Tiangen	28143587	43163848	5395481000	125	125	ERR1398193	no	Valentina_Giunchiglia
LiJ_2017	H1M412809	H1M412809	stool	no	pre-hypertension	hypertension	NA	adult	CHN	Tangshan	no	IlluminaHiSeq	Tiangen	28143587	54156456	6769557000	125	125	ERR1398188	no	Valentina_Giunchiglia
LiJ_2017	H1M513810	H1M513810	stool	no	pre-hypertension	hypertension	NA	adult	CHN	Tangshan	no	IlluminaHiSeq	Tiangen	28143587	49803698	6225462250	125	125	ERR1398249	no	Valentina_Giunchiglia
LiJ_2017	H1M313811	H1M313811	stool	no	pre-hypertension	hypertension	NA	adult	CHN	Tangshan	no	IlluminaHiSeq	Tiangen	28143587	54586104	6823263000	125	125	ERR1398091	no	Valentina_Giunchiglia
LiJ_2017	H1M513912	H1M513912	stool	no	pre-hypertension	hypertension	NA	adult	CHN	Tangshan	no	IlluminaHiSeq	Tiangen	28143587	44880152	5610019000	125	125	ERR1398081	no	Valentina_Giunchiglia
LiJ_2017	H1M513813	H1M513813	stool	no	pre-hypertension	hypertension	NA	adult	CHN	Tangshan	no	IlluminaHiSeq	Tiangen	28143587	41506218	5188277250	125	125	ERR1398096	no	Valentina_Giunchiglia
LiJ_2017	H1M5XX814	H1M5XX814	stool	no	pre-hypertension	hypertension	NA	adult	CHN	Tangshan	no	IlluminaHiSeq	Tiangen	28143587	52836874	6604609250	125	125	ERR1398167	no	Valentina_Giunchiglia
LiJ_2017	H1M413815	H1M413815	stool	no	pre-hypertension	hypertension	NA	adult	CHN	Tangshan	no	IlluminaHiSeq	Tiangen	28143587	44236344	5529543000	125	125	ERR1398072	no	Valentina_Giunchiglia
LiJ_2017	H1M513816	H1M513816	stool	no	pre-hypertension	hypertension	NA	adult	CHN	Tangshan	no	IlluminaHiSeq	Tiangen	28143587	39957786	4994723250	125	125	ERR1398241	no	Valentina_Giunchiglia
LiJ_2017	H1F513817	H1F513817	stool	no	pre-hypertension	hypertension	NA	adult	CHN	Tangshan	no	IlluminaHiSeq	Tiangen	28143587	40982724	5122840500	125	125	ERR1398201	no	Valentina_Giunchiglia
LiJ_2017	H1F513818	H1F513818	stool	no	pre-hypertension	hypertension	NA	adult	CHN	Tangshan	no	IlluminaHiSeq	Tiangen	28143587	54104976	6763122000	125	125	ERR1398155	no	Valentina_Giunchiglia
LiJ_2017	H1M513819	H1M513819	stool	no	pre-hypertension	hypertension	NA	adult	CHN	Tangshan	no	IlluminaHiSeq	Tiangen	28143587	55474842	6934355250	125	125	ERR1398108	no	Valentina_Giunchiglia
LiJ_2017	H1M513820	H1M513820	stool	no	pre-hypertension	hypertension	NA	adult	CHN	Tangshan	no	IlluminaHiSeq	Tiangen	28143587	41826656	5228332000	125	125	ERR1398084	no	Valentina_Giunchiglia
LiJ_2017	H1M512821	H1M512821	stool	no	pre-hypertension	hypertension	NA	adult	CHN	Tangshan	no	IlluminaHiSeq	Tiangen	28143587	50874102	6359262750	125	125	ERR1398086	no	Valentina_Giunchiglia
LiJ_2017	H1M413822	H1M413822	stool	no	pre-hypertension	hypertension	NA	adult	CHN	Tangshan	no	IlluminaHiSeq	Tiangen	28143587	49900908	6237613500	125	125	ERR1398106	no	Valentina_Giunchiglia
LiJ_2017	H1M513823	H1M513823	stool	no	pre-hypertension	hypertension	NA	adult	CHN	Tangshan	no	IlluminaHiSeq	Tiangen	28143587	50327974	6290996750	125	125	ERR1398150	no	Valentina_Giunchiglia
LiJ_2017	H1M613824	H1M613824	stool	no	pre-hypertension	hypertension	NA	adult	CHN	Tangshan	no	IlluminaHiSeq	Tiangen	28143587	40255152	5031894000	125	125	ERR1398141	no	Valentina_Giunchiglia
LiJ_2017	H1M613825	H1M613825	stool	no	pre-hypertension	hypertension	NA	adult	CHN	Tangshan	no	IlluminaHiSeq	Tiangen	28143587	40787316	5098414500	125	125	ERR1398231	no	Valentina_Giunchiglia
LiJ_2017	H1M513826	H1M513826	stool	no	pre-hypertension	hypertension	NA	adult	CHN	Tangshan	no	IlluminaHiSeq	Tiangen	28143587	42171758	5271469750	125	125	ERR1398158	no	Valentina_Giunchiglia
LiJ_2017	H1M413827	H1M413827	stool	no	pre-hypertension	hypertension	NA	adult	CHN	Tangshan	no	IlluminaHiSeq	Tiangen	28143587	40644970	5080621250	125	125	ERR1398234	no	Valentina_Giunchiglia
LiJ_2017	H1M513828	H1M513828	stool	no	pre-hypertension	hypertension	NA	adult	CHN	Tangshan	no	IlluminaHiSeq	Tiangen	28143587	44120570	5515071250	125	125	ERR1398092	no	Valentina_Giunchiglia
LiJ_2017	H1M513729	H1M513729	stool	no	pre-hypertension	hypertension	NA	adult	CHN	Tangshan	no	IlluminaHiSeq	Tiangen	28143587	43425904	5428238000	125	125	ERR1398171	no	Valentina_Giunchiglia
LiJ_2017	H1M513730	H1M513730	stool	no	pre-hypertension	hypertension	NA	adult	CHN	Tangshan	no	IlluminaHiSeq	Tiangen	28143587	45384228	5673028500	125	125	ERR1398074	no	Valentina_Giunchiglia
LiJ_2017	H1M512831	H1M512831	stool	no	pre-hypertension	hypertension	NA	adult	CHN	Tangshan	no	IlluminaHiSeq	Tiangen	28143587	40880900	5110112500	125	125	ERR1398160	no	Valentina_Giunchiglia
LiJ_2017	H1M412832	H1M412832	stool	no	pre-hypertension	hypertension	NA	adult	CHN	Tangshan	no	IlluminaHiSeq	Tiangen	28143587	42521314	5315164250	125	125	ERR1398098	no	Valentina_Giunchiglia
LiJ_2017	H1M511833	H1M511833	stool	no	pre-hypertension	hypertension	NA	adult	CHN	Tangshan	no	IlluminaHiSeq	Tiangen	28143587	39703964	4962995500	125	125	ERR1398215	no	Valentina_Giunchiglia
LiJ_2017	H1M512834	H1M512834	stool	no	pre-hypertension	hypertension	NA	adult	CHN	Tangshan	no	IlluminaHiSeq	Tiangen	28143587	42152418	5269052250	125	125	ERR1398133	no	Valentina_Giunchiglia
LiJ_2017	H1M412835	H1M412835	stool	no	pre-hypertension	hypertension	NA	adult	CHN	Tangshan	no	IlluminaHiSeq	Tiangen	28143587	52333292	6541661500	125	125	ERR1398087	no	Valentina_Giunchiglia
LiJ_2017	H1M512836	H1M512836	stool	no	pre-hypertension	hypertension	NA	adult	CHN	Tangshan	no	IlluminaHiSeq	Tiangen	28143587	42505292	5313161500	125	125	ERR1398156	no	Valentina_Giunchiglia
LiJ_2017	H1M412837	H1M412837	stool	no	pre-hypertension	hypertension	NA	adult	CHN	Tangshan	no	IlluminaHiSeq	Tiangen	28143587	42803662	5350457750	125	125	ERR1398240	no	Valentina_Giunchiglia
LiJ_2017	H1M513738	H1M513738	stool	no	pre-hypertension	hypertension	NA	adult	CHN	Tangshan	no	IlluminaHiSeq	Tiangen	28143587	42797602	5349700250	125	125	ERR1398259	no	Valentina_Giunchiglia
LiJ_2017	H1F613739	H1F613739	stool	no	pre-hypertension	hypertension	NA	adult	CHN	Tangshan	no	IlluminaHiSeq	Tiangen	28143587	41397054	5174631750	125	125	ERR1398222	no	Valentina_Giunchiglia
LiJ_2017	H1M512840	H1M512840	stool	no	pre-hypertension	hypertension	NA	adult	CHN	Tangshan	no	IlluminaHiSeq	Tiangen	28143587	41738296	5217287000	125	125	ERR1398175	no	Valentina_Giunchiglia
LiJ_2017	H1M511841	H1M511841	stool	no	pre-hypertension	hypertension	NA	adult	CHN	Tangshan	no	IlluminaHiSeq	Tiangen	28143587	40850202	5106275250	125	125	ERR1398080	no	Valentina_Giunchiglia
LiJ_2017	H1M511842	H1M511842	stool	no	pre-hypertension	hypertension	NA	adult	CHN	Tangshan	no	IlluminaHiSeq	Tiangen	28143587	63456192	7932024000	125	125	ERR1398210	no	Valentina_Giunchiglia
LiJ_2017	H1M412743	H1M412743	stool	no	pre-hypertension	hypertension	NA	adult	CHN	Tangshan	no	IlluminaHiSeq	Tiangen	28143587	53717534	6714691750	125	125	ERR1398140	no	Valentina_Giunchiglia
LiJ_2017	H1M412844	H1M412844	stool	no	pre-hypertension	hypertension	NA	adult	CHN	Tangshan	no	IlluminaHiSeq	Tiangen	28143587	41112196	5139024500	125	125	ERR1398070	no	Valentina_Giunchiglia
LiJ_2017	H1M613745	H1M613745	stool	no	pre-hypertension	hypertension	NA	adult	CHN	Tangshan	no	IlluminaHiSeq	Tiangen	28143587	54848362	6856045250	125	125	ERR1398183	no	Valentina_Giunchiglia
LiJ_2017	H1F413846	H1F413846	stool	no	pre-hypertension	hypertension	NA	adult	CHN	Tangshan	no	IlluminaHiSeq	Tiangen	28143587	41098250	5137281250	125	125	ERR1398121	no	Valentina_Giunchiglia
LiJ_2017	H1M513747	H1M513747	stool	no	pre-hypertension	hypertension	NA	adult	CHN	Tangshan	no	IlluminaHiSeq	Tiangen	28143587	41292720	5161590000	125	125	ERR1398194	no	Valentina_Giunchiglia
LiJ_2017	H1M213648	H1M213648	stool	no	pre-hypertension	hypertension	NA	adult	CHN	Tangshan	no	IlluminaHiSeq	Tiangen	28143587	41824166	5228020750	125	125	ERR1398255	no	Valentina_Giunchiglia
LiJ_2017	H1M513852	H1M513852	stool	no	pre-hypertension	hypertension	NA	adult	CHN	Tangshan	no	IlluminaHiSeq	Tiangen	28143587	45055310	5631913750	125	125	ERR1398219	no	Valentina_Giunchiglia
LiJ_2017	H1M512853	H1M512853	stool	no	pre-hypertension	hypertension	NA	adult	CHN	Tangshan	no	IlluminaHiSeq	Tiangen	28143587	39751114	4968889250	125	125	ERR1398094	no	Valentina_Giunchiglia
LiJ_2017	H1M512854	H1M512854	stool	no	pre-hypertension	hypertension	NA	adult	CHN	Tangshan	no	IlluminaHiSeq	Tiangen	28143587	53720798	6715099750	125	125	ERR1398139	no	Valentina_Giunchiglia
LiJ_2017	H1M512855	H1M512855	stool	no	pre-hypertension	hypertension	NA	adult	CHN	Tangshan	no	IlluminaHiSeq	Tiangen	28143587	41646672	5205834000	125	125	ERR1398187	no	Valentina_Giunchiglia
LiJ_2017	H2M414940	H2M414940	stool	no	pre-hypertension	hypertension	NA	adult	CHN	Tangshan	no	IlluminaHiSeq	Tiangen	28143587	45318702	5664837750	125	125	ERR1398196	no	Valentina_Giunchiglia
LiJ_2017	nHM511825	nHM511825	stool	no	pre-hypertension	hypertension	NA	adult	CHN	Tangshan	no	IlluminaHiSeq	Tiangen	28143587	44275448	5534431000	125	125	ERR1398257	no	Valentina_Giunchiglia
LiJ_2017	nHM612836	nHM612836	stool	no	pre-hypertension	hypertension	NA	adult	CHN	Tangshan	no	IlluminaHiSeq	Tiangen	28143587	52800326	6600040750	125	125	ERR1398147	no	Valentina_Giunchiglia
LiJ_2017	nHM412840	nHM412840	stool	no	pre-hypertension	hypertension	NA	adult	CHN	Tangshan	no	IlluminaHiSeq	Tiangen	28143587	39408628	4926078500	125	125	ERR1398102	no	Valentina_Giunchiglia
LiJ_2017	H2M514901	H2M514901	stool	no	hypertension	hypertension	NA	adult	CHN	Tangshan	no	IlluminaHiSeq	Tiangen	28143587	45543376	5692922000	125	125	ERR1398132	no	Valentina_Giunchiglia
LiJ_2017	H2M414102	H2M414102	stool	no	hypertension	hypertension	NA	adult	CHN	Tangshan	no	IlluminaHiSeq	Tiangen	28143587	40958532	5119816500	125	125	ERR1398131	no	Valentina_Giunchiglia
LiJ_2017	H2M514903	H2M514903	stool	no	hypertension	hypertension	NA	adult	CHN	Tangshan	no	IlluminaHiSeq	Tiangen	28143587	42706782	5338347750	125	125	ERR1398174	no	Valentina_Giunchiglia
LiJ_2017	H2M614904	H2M614904	stool	no	hypertension	hypertension	NA	adult	CHN	Tangshan	no	IlluminaHiSeq	Tiangen	28143587	56035140	7004392500	125	125	ERR1398212	no	Valentina_Giunchiglia
LiJ_2017	H2M514905	H2M514905	stool	no	hypertension	hypertension	NA	adult	CHN	Tangshan	no	IlluminaHiSeq	Tiangen	28143587	39546762	4943345250	125	125	ERR1398232	no	Valentina_Giunchiglia
LiJ_2017	H2M514906	H2M514906	stool	no	hypertension	hypertension	NA	adult	CHN	Tangshan	no	IlluminaHiSeq	Tiangen	28143587	51791308	6473913500	125	125	ERR1398251	no	Valentina_Giunchiglia
LiJ_2017	H2M514108	H2M514108	stool	no	hypertension	hypertension	NA	adult	CHN	Tangshan	no	IlluminaHiSeq	Tiangen	28143587	43821718	5477714750	125	125	ERR1398095	no	Valentina_Giunchiglia
LiJ_2017	H2M514909	H2M514909	stool	no	hypertension	hypertension	NA	adult	CHN	Tangshan	no	IlluminaHiSeq	Tiangen	28143587	51768806	6471100750	125	125	ERR1398189	no	Valentina_Giunchiglia
LiJ_2017	H2F514910	H2F514910	stool	no	hypertension	hypertension	NA	adult	CHN	Tangshan	no	IlluminaHiSeq	Tiangen	28143587	42886634	5360829250	125	125	ERR1398211	no	Valentina_Giunchiglia
LiJ_2017	H2M514911	H2M514911	stool	no	hypertension	hypertension	NA	adult	CHN	Tangshan	no	IlluminaHiSeq	Tiangen	28143587	43295644	5411955500	125	125	ERR1398076	no	Valentina_Giunchiglia
LiJ_2017	H2M615912	H2M615912	stool	no	hypertension	hypertension	NA	adult	CHN	Tangshan	no	IlluminaHiSeq	Tiangen	28143587	51946934	6493366750	125	125	ERR1398235	no	Valentina_Giunchiglia
LiJ_2017	H2M413913	H2M413913	stool	no	hypertension	hypertension	NA	adult	CHN	Tangshan	no	IlluminaHiSeq	Tiangen	28143587	40862918	5107864750	125	125	ERR1398110	no	Valentina_Giunchiglia
LiJ_2017	H2M415914	H2M415914	stool	no	hypertension	hypertension	NA	adult	CHN	Tangshan	no	IlluminaHiSeq	Tiangen	28143587	51858758	6482344750	125	125	ERR1398135	no	Valentina_Giunchiglia
LiJ_2017	H2M413915	H2M413915	stool	no	hypertension	hypertension	NA	adult	CHN	Tangshan	no	IlluminaHiSeq	Tiangen	28143587	51104728	6388091000	125	125	ERR1398159	no	Valentina_Giunchiglia
LiJ_2017	H2MX14816	H2MX14816	stool	no	hypertension	hypertension	NA	adult	CHN	Tangshan	no	IlluminaHiSeq	Tiangen	28143587	40450508	5056313500	125	125	ERR1398207	no	Valentina_Giunchiglia
LiJ_2017	H2M514917	H2M514917	stool	no	hypertension	hypertension	NA	adult	CHN	Tangshan	no	IlluminaHiSeq	Tiangen	28143587	44301208	5537651000	125	125	ERR1398125	no	Valentina_Giunchiglia
LiJ_2017	H2M514818	H2M514818	stool	no	hypertension	hypertension	NA	adult	CHN	Tangshan	no	IlluminaHiSeq	Tiangen	28143587	52776390	6597048750	125	125	ERR1398230	no	Valentina_Giunchiglia
LiJ_2017	H2M511919	H2M511919	stool	no	hypertension	hypertension	NA	adult	CHN	Tangshan	no	IlluminaHiSeq	Tiangen	28143587	46065180	5758147500	125	125	ERR1398250	no	Valentina_Giunchiglia
LiJ_2017	H2M411920	H2M411920	stool	no	hypertension	hypertension	NA	adult	CHN	Tangshan	no	IlluminaHiSeq	Tiangen	28143587	54364600	6795575000	125	125	ERR1398122	no	Valentina_Giunchiglia
LiJ_2017	H2M515921	H2M515921	stool	no	hypertension	hypertension	NA	adult	CHN	Tangshan	no	IlluminaHiSeq	Tiangen	28143587	39431054	4928881750	125	125	ERR1398179	no	Valentina_Giunchiglia
LiJ_2017	H2M515822	H2M515822	stool	no	hypertension	hypertension	NA	adult	CHN	Tangshan	no	IlluminaHiSeq	Tiangen	28143587	44911226	5613903250	125	125	ERR1398177	no	Valentina_Giunchiglia
LiJ_2017	H2F514923	H2F514923	stool	no	hypertension	hypertension	NA	adult	CHN	Tangshan	no	IlluminaHiSeq	Tiangen	28143587	40696558	5087069750	125	125	ERR1398208	no	Valentina_Giunchiglia
LiJ_2017	H2M413924	H2M413924	stool	no	hypertension	hypertension	NA	adult	CHN	Tangshan	no	IlluminaHiSeq	Tiangen	28143587	41193490	5149186250	125	125	ERR1398137	no	Valentina_Giunchiglia
LiJ_2017	H2M514925	H2M514925	stool	no	hypertension	hypertension	NA	adult	CHN	Tangshan	no	IlluminaHiSeq	Tiangen	28143587	56199022	7024877750	125	125	ERR1398157	no	Valentina_Giunchiglia
LiJ_2017	H2M414926	H2M414926	stool	no	hypertension	hypertension	NA	adult	CHN	Tangshan	no	IlluminaHiSeq	Tiangen	28143587	40137636	5017204500	125	125	ERR1398204	no	Valentina_Giunchiglia
LiJ_2017	H2M414927	H2M414927	stool	no	hypertension	hypertension	NA	adult	CHN	Tangshan	no	IlluminaHiSeq	Tiangen	28143587	39276334	4909541750	125	125	ERR1398200	no	Valentina_Giunchiglia
LiJ_2017	H2MX14928	H2MX14928	stool	no	hypertension	hypertension	NA	adult	CHN	Tangshan	no	IlluminaHiSeq	Tiangen	28143587	40595262	5074407750	125	125	ERR1398166	no	Valentina_Giunchiglia
LiJ_2017	H2M614929	H2M614929	stool	no	hypertension	hypertension	NA	adult	CHN	Tangshan	no	IlluminaHiSeq	Tiangen	28143587	53707780	6713472500	125	125	ERR1398252	no	Valentina_Giunchiglia
LiJ_2017	H2M514930	H2M514930	stool	no	hypertension	hypertension	NA	adult	CHN	Tangshan	no	IlluminaHiSeq	Tiangen	28143587	41383450	5172931250	125	125	ERR1398146	no	Valentina_Giunchiglia
LiJ_2017	H2M414931	H2M414931	stool	no	hypertension	hypertension	NA	adult	CHN	Tangshan	no	IlluminaHiSeq	Tiangen	28143587	60571718	7571464750	125	125	ERR1398162	no	Valentina_Giunchiglia
LiJ_2017	H2M614832	H2M614832	stool	no	hypertension	hypertension	NA	adult	CHN	Tangshan	no	IlluminaHiSeq	Tiangen	28143587	39224824	4903103000	125	125	ERR1398245	no	Valentina_Giunchiglia
LiJ_2017	H2M513933	H2M513933	stool	no	hypertension	hypertension	NA	adult	CHN	Tangshan	no	IlluminaHiSeq	Tiangen	28143587	43632612	5454076500	125	125	ERR1398220	no	Valentina_Giunchiglia
LiJ_2017	H2M513934	H2M513934	stool	no	hypertension	hypertension	NA	adult	CHN	Tangshan	no	IlluminaHiSeq	Tiangen	28143587	43329824	5416228000	125	125	ERR1398184	no	Valentina_Giunchiglia
LiJ_2017	H2F413935	H2F413935	stool	no	hypertension	hypertension	NA	adult	CHN	Tangshan	no	IlluminaHiSeq	Tiangen	28143587	45543862	5692982750	125	125	ERR1398124	no	Valentina_Giunchiglia
LiJ_2017	H2M513936	H2M513936	stool	no	hypertension	hypertension	NA	adult	CHN	Tangshan	no	IlluminaHiSeq	Tiangen	28143587	39211416	4901427000	125	125	ERR1398151	no	Valentina_Giunchiglia
LiJ_2017	H2M513937	H2M513937	stool	no	hypertension	hypertension	NA	adult	CHN	Tangshan	no	IlluminaHiSeq	Tiangen	28143587	41027946	5128493250	125	125	ERR1398199	no	Valentina_Giunchiglia
LiJ_2017	H2M513938	H2M513938	stool	no	hypertension	hypertension	NA	adult	CHN	Tangshan	no	IlluminaHiSeq	Tiangen	28143587	39542814	4942851750	125	125	ERR1398228	no	Valentina_Giunchiglia
LiJ_2017	H2M513939	H2M513939	stool	no	hypertension	hypertension	NA	adult	CHN	Tangshan	no	IlluminaHiSeq	Tiangen	28143587	42562914	5320364250	125	125	ERR1398120	no	Valentina_Giunchiglia
LiJ_2017	H2M514841	H2M514841	stool	no	hypertension	hypertension	NA	adult	CHN	Tangshan	no	IlluminaHiSeq	Tiangen	28143587	42164898	5270612250	125	125	ERR1398254	no	Valentina_Giunchiglia
LiJ_2017	H2M614742	H2M614742	stool	no	hypertension	hypertension	NA	adult	CHN	Tangshan	no	IlluminaHiSeq	Tiangen	28143587	42096510	5262063750	125	125	ERR1398143	no	Valentina_Giunchiglia
LiJ_2017	H2M514943	H2M514943	stool	no	hypertension	hypertension	NA	adult	CHN	Tangshan	no	IlluminaHiSeq	Tiangen	28143587	41933316	5241664500	125	125	ERR1398225	no	Valentina_Giunchiglia
LiJ_2017	H3M415852	H3M415852	stool	no	hypertension	hypertension	NA	adult	CHN	Tangshan	no	IlluminaHiSeq	Tiangen	28143587	42425032	5303129000	125	125	ERR1398097	no	Valentina_Giunchiglia
LiJ_2017	H3M515950	H3M515950	stool	no	hypertension	hypertension	NA	adult	CHN	Tangshan	no	IlluminaHiSeq	Tiangen	28143587	42352326	5294040750	125	125	ERR1398262	no	Valentina_Giunchiglia
LiJ_2017	H3M516845	H3M516845	stool	no	hypertension	hypertension	NA	adult	CHN	Tangshan	no	IlluminaHiSeq	Tiangen	28143587	50798866	6349858250	125	125	ERR1398202	no	Valentina_Giunchiglia
LiJ_2017	H3M615846	H3M615846	stool	no	hypertension	hypertension	NA	adult	CHN	Tangshan	no	IlluminaHiSeq	Tiangen	28143587	39948290	4993536250	125	125	ERR1398082	no	Valentina_Giunchiglia
LiJ_2017	H3M615747	H3M615747	stool	no	hypertension	hypertension	NA	adult	CHN	Tangshan	no	IlluminaHiSeq	Tiangen	28143587	41830552	5228819000	125	125	ERR1398216	no	Valentina_Giunchiglia
LiJ_2017	H3M515936	H3M515936	stool	no	hypertension	hypertension	NA	adult	CHN	Tangshan	no	IlluminaHiSeq	Tiangen	28143587	40385378	5048172250	125	125	ERR1398149	no	Valentina_Giunchiglia
LiJ_2017	H3M515137	H3M515137	stool	no	hypertension	hypertension	NA	adult	CHN	Tangshan	no	IlluminaHiSeq	Tiangen	28143587	45007950	5625993750	125	125	ERR1398172	no	Valentina_Giunchiglia
LiJ_2017	H3M515138	H3M515138	stool	no	hypertension	hypertension	NA	adult	CHN	Tangshan	no	IlluminaHiSeq	Tiangen	28143587	41817662	5227207750	125	125	ERR1398088	no	Valentina_Giunchiglia
LiJ_2017	H3M414933	H3M414933	stool	no	hypertension	hypertension	NA	adult	CHN	Tangshan	no	IlluminaHiSeq	Tiangen	28143587	43404828	5425603500	125	125	ERR1398115	no	Valentina_Giunchiglia
LiJ_2017	H3M515128	H3M515128	stool	no	hypertension	hypertension	NA	adult	CHN	Tangshan	no	IlluminaHiSeq	Tiangen	28143587	42727732	5340966500	125	125	ERR1398090	no	Valentina_Giunchiglia
LiJ_2017	H3M515920	H3M515920	stool	no	hypertension	hypertension	NA	adult	CHN	Tangshan	no	IlluminaHiSeq	Tiangen	28143587	43483496	5435437000	125	125	ERR1398181	no	Valentina_Giunchiglia
LiJ_2017	H3M515915	H3M515915	stool	no	hypertension	hypertension	NA	adult	CHN	Tangshan	no	IlluminaHiSeq	Tiangen	28143587	53799742	6724967750	125	125	ERR1398186	no	Valentina_Giunchiglia
LiJ_2017	H3M515910	H3M515910	stool	no	hypertension	hypertension	NA	adult	CHN	Tangshan	no	IlluminaHiSeq	Tiangen	28143587	51042756	6380344500	125	125	ERR1398116	no	Valentina_Giunchiglia
LiJ_2017	H3M415906	H3M415906	stool	no	hypertension	hypertension	NA	adult	CHN	Tangshan	no	IlluminaHiSeq	Tiangen	28143587	44768658	5596082250	125	125	ERR1398191	no	Valentina_Giunchiglia
LiJ_2017	H3M515902	H3M515902	stool	no	hypertension	hypertension	NA	adult	CHN	Tangshan	no	IlluminaHiSeq	Tiangen	28143587	39929646	4991205750	125	125	ERR1398229	no	Valentina_Giunchiglia
LiJ_2017	H1M412949	H1M412949	stool	no	hypertension	hypertension	NA	adult	CHN	Tangshan	no	IlluminaHiSeq	Tiangen	28143587	41906858	5238357250	125	125	ERR1398238	no	Valentina_Giunchiglia
LiJ_2017	H1M612950	H1M612950	stool	no	hypertension	hypertension	NA	adult	CHN	Tangshan	no	IlluminaHiSeq	Tiangen	28143587	52166816	6520852000	125	125	ERR1398185	no	Valentina_Giunchiglia
LiJ_2017	H1F512951	H1F512951	stool	no	hypertension	hypertension	NA	adult	CHN	Tangshan	no	IlluminaHiSeq	Tiangen	28143587	45292864	5661608000	125	125	ERR1398068	no	Valentina_Giunchiglia
LiJ_2017	H3M515101	H3M515101	stool	no	hypertension	hypertension	NA	adult	CHN	Tangshan	no	IlluminaHiSeq	Tiangen	28143587	42743426	5342928250	125	125	ERR1398093	no	Valentina_Giunchiglia
LiJ_2017	H3F416103	H3F416103	stool	no	hypertension	hypertension	NA	adult	CHN	Tangshan	no	IlluminaHiSeq	Tiangen	28143587	52979418	6622427250	125	125	ERR1398112	no	Valentina_Giunchiglia
LiJ_2017	H3M516804	H3M516804	stool	no	hypertension	hypertension	NA	adult	CHN	Tangshan	no	IlluminaHiSeq	Tiangen	28143587	45608442	5701055250	125	125	ERR1398107	no	Valentina_Giunchiglia
LiJ_2017	H3M516105	H3M516105	stool	no	hypertension	hypertension	NA	adult	CHN	Tangshan	no	IlluminaHiSeq	Tiangen	28143587	42588654	5323581750	125	125	ERR1398163	no	Valentina_Giunchiglia
LiJ_2017	H3M515107	H3M515107	stool	no	hypertension	hypertension	NA	adult	CHN	Tangshan	no	IlluminaHiSeq	Tiangen	28143587	45121146	5640143250	125	125	ERR1398134	no	Valentina_Giunchiglia
LiJ_2017	H3M518108	H3M518108	stool	no	hypertension	hypertension	NA	adult	CHN	Tangshan	no	IlluminaHiSeq	Tiangen	28143587	40384004	5048000500	125	125	ERR1398197	no	Valentina_Giunchiglia
LiJ_2017	H3M516909	H3M516909	stool	no	hypertension	hypertension	NA	adult	CHN	Tangshan	no	IlluminaHiSeq	Tiangen	28143587	40161726	5020215750	125	125	ERR1398103	no	Valentina_Giunchiglia
LiJ_2017	H3F516111	H3F516111	stool	no	hypertension	hypertension	NA	adult	CHN	Tangshan	no	IlluminaHiSeq	Tiangen	28143587	42147556	5268444500	125	125	ERR1398236	no	Valentina_Giunchiglia
LiJ_2017	H3M518112	H3M518112	stool	no	hypertension	hypertension	NA	adult	CHN	Tangshan	no	IlluminaHiSeq	Tiangen	28143587	39642512	4955314000	125	125	ERR1398099	no	Valentina_Giunchiglia
LiJ_2017	H3M516113	H3M516113	stool	no	hypertension	hypertension	NA	adult	CHN	Tangshan	no	IlluminaHiSeq	Tiangen	28143587	54830444	6853805500	125	125	ERR1398176	no	Valentina_Giunchiglia
LiJ_2017	H3M516114	H3M516114	stool	no	hypertension	hypertension	NA	adult	CHN	Tangshan	no	IlluminaHiSeq	Tiangen	28143587	44159556	5519944500	125	125	ERR1398233	no	Valentina_Giunchiglia
LiJ_2017	H3M518116	H3M518116	stool	no	hypertension	hypertension	NA	adult	CHN	Tangshan	no	IlluminaHiSeq	Tiangen	28143587	50716798	6339599750	125	125	ERR1398256	no	Valentina_Giunchiglia
LiJ_2017	H3M415117	H3M415117	stool	no	hypertension	hypertension	NA	adult	CHN	Tangshan	no	IlluminaHiSeq	Tiangen	28143587	48070524	6008815500	125	125	ERR1398258	no	Valentina_Giunchiglia
LiJ_2017	H3M516118	H3M516118	stool	no	hypertension	hypertension	NA	adult	CHN	Tangshan	no	IlluminaHiSeq	Tiangen	28143587	50344280	6293035000	125	125	ERR1398077	no	Valentina_Giunchiglia
LiJ_2017	H3MX16919	H3MX16919	stool	no	hypertension	hypertension	NA	adult	CHN	Tangshan	no	IlluminaHiSeq	Tiangen	28143587	42386208	5298276000	125	125	ERR1398226	no	Valentina_Giunchiglia
LiJ_2017	H3M517921	H3M517921	stool	no	hypertension	hypertension	NA	adult	CHN	Tangshan	no	IlluminaHiSeq	Tiangen	28143587	42105544	5263193000	125	125	ERR1398247	no	Valentina_Giunchiglia
LiJ_2017	H3M517922	H3M517922	stool	no	hypertension	hypertension	NA	adult	CHN	Tangshan	no	IlluminaHiSeq	Tiangen	28143587	44083330	5510416250	125	125	ERR1398203	no	Valentina_Giunchiglia
LiJ_2017	H3M515123	H3M515123	stool	no	hypertension	hypertension	NA	adult	CHN	Tangshan	no	IlluminaHiSeq	Tiangen	28143587	53062992	6632874000	125	125	ERR1398168	no	Valentina_Giunchiglia
LiJ_2017	H3M416124	H3M416124	stool	no	hypertension	hypertension	NA	adult	CHN	Tangshan	no	IlluminaHiSeq	Tiangen	28143587	40946436	5118304500	125	125	ERR1398069	no	Valentina_Giunchiglia
LiJ_2017	H3M517925	H3M517925	stool	no	hypertension	hypertension	NA	adult	CHN	Tangshan	no	IlluminaHiSeq	Tiangen	28143587	45234948	5654368500	125	125	ERR1398130	no	Valentina_Giunchiglia
LiJ_2017	H3M420126	H3M420126	stool	no	hypertension	hypertension	NA	adult	CHN	Tangshan	no	IlluminaHiSeq	Tiangen	28143587	56876592	7109574000	125	125	ERR1398154	no	Valentina_Giunchiglia
LiJ_2017	H3M416127	H3M416127	stool	no	hypertension	hypertension	NA	adult	CHN	Tangshan	no	IlluminaHiSeq	Tiangen	28143587	49812892	6226611500	125	125	ERR1398105	no	Valentina_Giunchiglia
LiJ_2017	H3M516129	H3M516129	stool	no	hypertension	hypertension	NA	adult	CHN	Tangshan	no	IlluminaHiSeq	Tiangen	28143587	40390116	5048764500	125	125	ERR1398182	no	Valentina_Giunchiglia
LiJ_2017	H3M515130	H3M515130	stool	no	hypertension	hypertension	NA	adult	CHN	Tangshan	no	IlluminaHiSeq	Tiangen	28143587	40441396	5055174500	125	125	ERR1398117	no	Valentina_Giunchiglia
LiJ_2017	H3M415131	H3M415131	stool	no	hypertension	hypertension	NA	adult	CHN	Tangshan	no	IlluminaHiSeq	Tiangen	28143587	40232748	5029093500	125	125	ERR1398239	no	Valentina_Giunchiglia
LiJ_2017	H3M615132	H3M615132	stool	no	hypertension	hypertension	NA	adult	CHN	Tangshan	no	IlluminaHiSeq	Tiangen	28143587	43817936	5477242000	125	125	ERR1398261	no	Valentina_Giunchiglia
LiJ_2017	H3M517134	H3M517134	stool	no	hypertension	hypertension	NA	adult	CHN	Tangshan	no	IlluminaHiSeq	Tiangen	28143587	40129412	5016176500	125	125	ERR1398170	no	Valentina_Giunchiglia
LiJ_2017	H3M515935	H3M515935	stool	no	hypertension	hypertension	NA	adult	CHN	Tangshan	no	IlluminaHiSeq	Tiangen	28143587	58464910	7308113750	125	125	ERR1398085	no	Valentina_Giunchiglia
LiJ_2017	H3M419939	H3M419939	stool	no	hypertension	hypertension	NA	adult	CHN	Tangshan	no	IlluminaHiSeq	Tiangen	28143587	56282194	7035274250	125	125	ERR1398136	no	Valentina_Giunchiglia
LiJ_2017	H3M415140	H3M415140	stool	no	hypertension	hypertension	NA	adult	CHN	Tangshan	no	IlluminaHiSeq	Tiangen	28143587	41527148	5190893500	125	125	ERR1398128	no	Valentina_Giunchiglia
LiJ_2017	H3M513141	H3M513141	stool	no	hypertension	hypertension	NA	adult	CHN	Tangshan	no	IlluminaHiSeq	Tiangen	28143587	52519570	6564946250	125	125	ERR1398073	no	Valentina_Giunchiglia
LiJ_2017	H3M514142	H3M514142	stool	no	hypertension	hypertension	NA	adult	CHN	Tangshan	no	IlluminaHiSeq	Tiangen	28143587	53402752	6675344000	125	125	ERR1398145	no	Valentina_Giunchiglia
LiJ_2017	H3M514143	H3M514143	stool	no	hypertension	hypertension	NA	adult	CHN	Tangshan	no	IlluminaHiSeq	Tiangen	28143587	43467092	5433386500	125	125	ERR1398104	no	Valentina_Giunchiglia
LiJ_2017	H3M514144	H3M514144	stool	no	hypertension	hypertension	NA	adult	CHN	Tangshan	no	IlluminaHiSeq	Tiangen	28143587	40091732	5011466500	125	125	ERR1398119	no	Valentina_Giunchiglia
LiJ_2017	H3M616848	H3M616848	stool	no	hypertension	hypertension	NA	adult	CHN	Tangshan	no	IlluminaHiSeq	Tiangen	28143587	39984520	4998065000	125	125	ERR1398227	no	Valentina_Giunchiglia
LiJ_2017	H3M617849	H3M617849	stool	no	hypertension	hypertension	NA	adult	CHN	Tangshan	no	IlluminaHiSeq	Tiangen	28143587	51792264	6474033000	125	125	ERR1398142	no	Valentina_Giunchiglia
LiJ_2017	H3M516751	H3M516751	stool	no	hypertension	hypertension	NA	adult	CHN	Tangshan	no	IlluminaHiSeq	Tiangen	28143587	41480466	5185058250	125	125	ERR1398260	no	Valentina_Giunchiglia
LiJ_2017	H3M616753	H3M616753	stool	no	hypertension	hypertension	NA	adult	CHN	Tangshan	no	IlluminaHiSeq	Tiangen	28143587	40060558	5007569750	125	125	ERR1398079	no	Valentina_Giunchiglia
LiJ_2017	H3M516154	H3M516154	stool	no	hypertension	hypertension	NA	adult	CHN	Tangshan	no	IlluminaHiSeq	Tiangen	28143587	43497268	5437158500	125	125	ERR1398123	no	Valentina_Giunchiglia
LiJ_2017	H2M514107	H2M514107	stool	no	hypertension	hypertension	NA	adult	CHN	Tangshan	no	IlluminaHiSeq	Tiangen	28143587	41033684	5129210500	125	125	ERR1398221	no	Valentina_Giunchiglia
