study_name	sample_id	subject_id	body_site	antibiotics_current_use	study_condition	disease	age	age_category	gender	country	non_westernized	days_from_first_collection	sequencing_platform	PMID	number_reads	number_bases	minimum_read_length	median_read_length	NCBI_accession	curator
LiSS_2016	FAT_DON_19-22-0-0	FAT_DON_19	stool	no	control	healthy	NA	adult	male	NLD	no	NA	IlluminaHiSeq	27126044	65786970	4962247895	45	79	ERR1297850;ERR1297788;ERR1297649;ERR1297647;ERR1297588;ERR1297554;ERR1297520;ERR1297423	Paolo_Manghi,Marisa_Metzger
LiSS_2016	FAT_020-22-0-0	FAT_020	stool	no	metabolic_syndrome	metabolic_syndrome	NA	adult	male	NLD	no	0	IlluminaHiSeq	27126044	61874666	5055917030	2	88	ERR1297832;ERR1297737;ERR1297694;ERR1297693;ERR1297636;ERR1297585;ERR1297515;ERR1297437	Paolo_Manghi,Marisa_Metzger
LiSS_2016	FAT_020-22-14-0	FAT_020	stool	no	FMT	metabolic_syndrome	NA	adult	male	NLD	no	14	IlluminaHiSeq	27126044	85873397	6951548393	2	88	ERR1297798;ERR1297699;ERR1297671;ERR1297661;ERR1297569;ERR1297513;ERR1297510;ERR1297425	Paolo_Manghi,Marisa_Metzger
LiSS_2016	FAT_020-22-2-0	FAT_020	stool	no	FMT	metabolic_syndrome	NA	adult	male	NLD	no	2	IlluminaHiSeq	27126044	47553566	3555723225	45	77	ERR1297746;ERR1297728;ERR1297721;ERR1297655;ERR1297584;ERR1297572;ERR1297551;ERR1297463	Paolo_Manghi,Marisa_Metzger
LiSS_2016	FAT_020-22-42-0	FAT_020	stool	no	FMT	metabolic_syndrome	NA	adult	male	NLD	no	42	IlluminaHiSeq	27126044	24840820	1810214592	45	74	ERR1297762;ERR1297712;ERR1297706;ERR1297692;ERR1297578;ERR1297512;ERR1297485;ERR1297473	Paolo_Manghi,Marisa_Metzger
LiSS_2016	FAT_020-22-84-0	FAT_020	stool	no	FMT	metabolic_syndrome	NA	adult	male	NLD	no	84	IlluminaHiSeq	27126044	102118057	8698121859	45	93	ERR1297845;ERR1297770;ERR1297726;ERR1297657;ERR1297604;ERR1297590;ERR1297462;ERR1297453	Paolo_Manghi,Marisa_Metzger
LiSS_2016	FAT_DON_8-22-0-0	FAT_DON_8	stool	no	control	healthy	NA	adult	male	NLD	no	NA	IlluminaHiSeq	27126044	67414212	5480653987	2	88	ERR1297846;ERR1297727;ERR1297685;ERR1297678;ERR1297637;ERR1297628;ERR1297620;ERR1297428	Paolo_Manghi,Marisa_Metzger
LiSS_2016	FAT_008-22-0-0	FAT_008	stool	no	metabolic_syndrome	metabolic_syndrome	NA	adult	male	NLD	no	0	IlluminaHiSeq	27126044	51095058	3853521715	45	78	ERR1297682;ERR1297681;ERR1297662;ERR1297645;ERR1297612;ERR1297570;ERR1297517;ERR1297446	Paolo_Manghi,Marisa_Metzger
LiSS_2016	FAT_008-22-14-0	FAT_008	stool	no	FMT	metabolic_syndrome	NA	adult	male	NLD	no	14	IlluminaHiSeq	27126044	75702660	5781590034	45	79	ERR1297818;ERR1297789;ERR1297768;ERR1297705;ERR1297602;ERR1297562;ERR1297436;ERR1297429	Paolo_Manghi,Marisa_Metzger
LiSS_2016	FAT_008-22-2-0	FAT_008	stool	no	FMT	metabolic_syndrome	NA	adult	male	NLD	no	2	IlluminaHiSeq	27126044	66845795	5523398846	2	88	ERR1297769;ERR1297724;ERR1297718;ERR1297690;ERR1297631;ERR1297607;ERR1297458;ERR1297434	Paolo_Manghi,Marisa_Metzger
LiSS_2016	FAT_008-22-42-0	FAT_008	stool	no	FMT	metabolic_syndrome	NA	adult	male	NLD	no	42	IlluminaHiSeq	27126044	55459352	4534730152	1	89	ERR1297831;ERR1297827;ERR1297802;ERR1297669;ERR1297624;ERR1297516;ERR1297503;ERR1297435	Paolo_Manghi,Marisa_Metzger
LiSS_2016	FAT_008-22-84-0	FAT_008	stool	no	FMT	metabolic_syndrome	NA	adult	male	NLD	no	84	IlluminaHiSeq	27126044	45005222	3330487652	45	76	ERR1297814;ERR1297731;ERR1297673;ERR1297653;ERR1297626;ERR1297546;ERR1297483;ERR1297449	Paolo_Manghi,Marisa_Metzger
LiSS_2016	FAT_DON_11-22-0-4	FAT_DON_11_4	stool	no	control	healthy	NA	adult	male	NLD	no	NA	IlluminaHiSeq	27126044	50696082	4310457532	45	93	ERR1297822;ERR1297777;ERR1297659;ERR1297573;ERR1297508;ERR1297506	Paolo_Manghi,Marisa_Metzger
LiSS_2016	FAT_DON_11-22-0-5	FAT_DON_11_5	stool	no	control	healthy	NA	adult	male	NLD	no	NA	IlluminaHiSeq	27126044	68387466	5565008196	3	87	ERR1297843;ERR1297800;ERR1297686;ERR1297674;ERR1297630;ERR1297611;ERR1297589;ERR1297427	Paolo_Manghi,Marisa_Metzger
LiSS_2016	FAT_DON_11-22-0-6	FAT_DON_11_6	stool	no	control	healthy	NA	adult	male	NLD	no	NA	IlluminaHiSeq	27126044	55926626	4850351593	45	94	ERR1297801;ERR1297774;ERR1297755;ERR1297676;ERR1297627;ERR1297527;ERR1297500;ERR1297426	Paolo_Manghi,Marisa_Metzger
LiSS_2016	FAT_015-22-0-0	FAT_015	stool	no	metabolic_syndrome	metabolic_syndrome	NA	adult	male	NLD	no	0	IlluminaHiSeq	27126044	69224674	5749076986	1	89	ERR1297809;ERR1297756;ERR1297725;ERR1297691;ERR1297613;ERR1297574;ERR1297493;ERR1297470	Paolo_Manghi,Marisa_Metzger
LiSS_2016	FAT_015-22-14-0	FAT_015	stool	no	FMT	metabolic_syndrome	NA	adult	male	NLD	no	14	IlluminaHiSeq	27126044	57354219	4374907621	45	80	ERR1297828;ERR1297782;ERR1297714;ERR1297683;ERR1297605;ERR1297600;ERR1297553;ERR1297482	Paolo_Manghi,Marisa_Metzger
LiSS_2016	FAT_015-22-2-0	FAT_015	stool	no	FMT	metabolic_syndrome	NA	adult	male	NLD	no	2	IlluminaHiSeq	27126044	78627869	6497075914	1	89	ERR1297765;ERR1297709;ERR1297707;ERR1297658;ERR1297609;ERR1297537;ERR1297505;ERR1297431	Paolo_Manghi,Marisa_Metzger
LiSS_2016	FAT_015-22-42-0	FAT_015	stool	no	FMT	metabolic_syndrome	NA	adult	male	NLD	no	42	IlluminaHiSeq	27126044	87414860	7055025112	1	89	ERR1297771;ERR1297754;ERR1297729;ERR1297667;ERR1297567;ERR1297471;ERR1297464;ERR1297445	Paolo_Manghi,Marisa_Metzger
LiSS_2016	FAT_015-22-84-0	FAT_015	stool	no	FMT	metabolic_syndrome	NA	adult	male	NLD	no	84	IlluminaHiSeq	27126044	50802631	4063153646	2	88	ERR1297834;ERR1297708;ERR1297677;ERR1297577;ERR1297530;ERR1297514	Paolo_Manghi,Marisa_Metzger
LiSS_2016	FAT_014-22-0-0	FAT_014	stool	no	metabolic_syndrome	metabolic_syndrome	NA	adult	male	NLD	no	0	IlluminaHiSeq	27126044	44494100	3453158027	45	83	ERR1297851;ERR1297811;ERR1297675;ERR1297656;ERR1297587;ERR1297576;ERR1297525;ERR1297451	Paolo_Manghi,Marisa_Metzger
LiSS_2016	FAT_014-22-14-0	FAT_014	stool	no	FMT	metabolic_syndrome	NA	adult	male	NLD	no	14	IlluminaHiSeq	27126044	60519323	4619955691	45	80	ERR1297849;ERR1297735;ERR1297684;ERR1297651;ERR1297598;ERR1297596;ERR1297472;ERR1297439	Paolo_Manghi,Marisa_Metzger
LiSS_2016	FAT_014-22-2-0	FAT_014	stool	no	FMT	metabolic_syndrome	NA	adult	male	NLD	no	2	IlluminaHiSeq	27126044	39493533	3420475386	45	93	ERR1297841;ERR1297783;ERR1297748;ERR1297730;ERR1297564;ERR1297509;ERR1297504;ERR1297479	Paolo_Manghi,Marisa_Metzger
LiSS_2016	FAT_014-22-42-0	FAT_014	stool	no	FMT	metabolic_syndrome	NA	adult	male	NLD	no	42	IlluminaHiSeq	27126044	82404310	7263598424	45	96	ERR1297820;ERR1297792;ERR1297751;ERR1297716;ERR1297597;ERR1297547;ERR1297498;ERR1297443	Paolo_Manghi,Marisa_Metzger
LiSS_2016	FAT_014-22-84-0	FAT_014	stool	no	FMT	metabolic_syndrome	NA	adult	male	NLD	no	84	IlluminaHiSeq	27126044	58355636	4453806895	45	80	ERR1297819;ERR1297758;ERR1297719;ERR1297701;ERR1297623;ERR1297583;ERR1297555;ERR1297468	Paolo_Manghi,Marisa_Metzger
LiSS_2016	FAT_006-22-0-0	FAT_006	stool	no	metabolic_syndrome	metabolic_syndrome	NA	adult	male	NLD	no	0	IlluminaHiSeq	27126044	81764786	6024279220	45	74	ERR1297836;ERR1297797;ERR1297781;ERR1297773;ERR1297542;ERR1297502;ERR1297480;ERR1297459	Paolo_Manghi,Marisa_Metzger
LiSS_2016	FAT_006-22-14-0	FAT_006	stool	no	FMT	metabolic_syndrome	NA	adult	male	NLD	no	14	IlluminaHiSeq	27126044	41981251	3086519983	45	76	ERR1297791;ERR1297750;ERR1297739;ERR1297644;ERR1297568;ERR1297535;ERR1297524;ERR1297466	Paolo_Manghi,Marisa_Metzger
LiSS_2016	FAT_006-22-2-0	FAT_006	stool	no	FMT	metabolic_syndrome	NA	adult	male	NLD	no	2	IlluminaHiSeq	27126044	40591864	3049237258	45	77	ERR1297830;ERR1297780;ERR1297760;ERR1297757;ERR1297599;ERR1297550;ERR1297489;ERR1297477	Paolo_Manghi,Marisa_Metzger
LiSS_2016	FAT_006-22-42-0	FAT_006	stool	no	FMT	metabolic_syndrome	NA	adult	male	NLD	no	42	IlluminaHiSeq	27126044	64432409	5536211619	45	93	ERR1297796;ERR1297786;ERR1297710;ERR1297680;ERR1297575;ERR1297544;ERR1297521;ERR1297476	Paolo_Manghi,Marisa_Metzger
LiSS_2016	FAT_006-22-84-0	FAT_006	stool	no	FMT	metabolic_syndrome	NA	adult	male	NLD	no	84	IlluminaHiSeq	27126044	24379482	2006019761	45	91	ERR1297779;ERR1297775;ERR1297764;ERR1297761;ERR1297633;ERR1297603;ERR1297595;ERR1297519	Paolo_Manghi,Marisa_Metzger
LiSS_2016	FAT_023-22-0-0	FAT_023	stool	no	metabolic_syndrome	metabolic_syndrome	NA	adult	male	NLD	no	0	IlluminaHiSeq	27126044	26015383	1852339396	45	71	ERR1297842;ERR1297825;ERR1297793;ERR1297664;ERR1297625;ERR1297615;ERR1297540;ERR1297487	Paolo_Manghi,Marisa_Metzger
LiSS_2016	FAT_023-22-14-0	FAT_023	stool	no	FMT	metabolic_syndrome	NA	adult	male	NLD	no	14	IlluminaHiSeq	27126044	81203069	6887851685	45	92	ERR1297794;ERR1297740;ERR1297703;ERR1297654;ERR1297634;ERR1297619;ERR1297499;ERR1297452	Paolo_Manghi,Marisa_Metzger
LiSS_2016	FAT_023-22-2-0	FAT_023	stool	no	FMT	metabolic_syndrome	NA	adult	male	NLD	no	2	IlluminaHiSeq	27126044	44509669	3509672103	45	82	ERR1297840;ERR1297776;ERR1297713;ERR1297648;ERR1297616;ERR1297556;ERR1297528;ERR1297522	Paolo_Manghi,Marisa_Metzger
LiSS_2016	FAT_023-22-42-0	FAT_023	stool	no	FMT	metabolic_syndrome	NA	adult	male	NLD	no	42	IlluminaHiSeq	27126044	101086785	8685772097	45	94	ERR1297810;ERR1297767;ERR1297700;ERR1297687;ERR1297593;ERR1297563;ERR1297534;ERR1297444	Paolo_Manghi,Marisa_Metzger
LiSS_2016	FAT_023-22-84-0	FAT_023	stool	no	FMT	metabolic_syndrome	NA	adult	male	NLD	no	84	IlluminaHiSeq	27126044	67505834	5805806881	45	93	ERR1297790;ERR1297752;ERR1297698;ERR1297665;ERR1297635;ERR1297543;ERR1297450;ERR1297440	Paolo_Manghi,Marisa_Metzger
LiSS_2016	FAT_017-22-0-0	FAT_017	stool	no	metabolic_syndrome	metabolic_syndrome	NA	adult	male	NLD	no	0	IlluminaHiSeq	27126044	57869166	4682155262	1	89	ERR1297807;ERR1297711;ERR1297695;ERR1297646;ERR1297618;ERR1297545;ERR1297454;ERR1297441	Paolo_Manghi,Marisa_Metzger
LiSS_2016	FAT_017-22-14-0	FAT_017	stool	no	FMT	metabolic_syndrome	NA	adult	male	NLD	no	14	IlluminaHiSeq	27126044	40905678	3423835798	45	90	ERR1297837;ERR1297795;ERR1297749;ERR1297668;ERR1297594;ERR1297560;ERR1297559;ERR1297488	Paolo_Manghi,Marisa_Metzger
LiSS_2016	FAT_017-22-2-0	FAT_017	stool	no	FMT	metabolic_syndrome	NA	adult	male	NLD	no	2	IlluminaHiSeq	27126044	44550080	3692624992	45	91	ERR1297815;ERR1297808;ERR1297778;ERR1297641;ERR1297478;ERR1297474;ERR1297467;ERR1297438	Paolo_Manghi,Marisa_Metzger
LiSS_2016	FAT_017-22-42-0	FAT_017	stool	no	FMT	metabolic_syndrome	NA	adult	male	NLD	no	42	IlluminaHiSeq	27126044	51809606	4214612755	1	89	ERR1297817;ERR1297720;ERR1297717;ERR1297660;ERR1297617;ERR1297548;ERR1297507;ERR1297494	Paolo_Manghi,Marisa_Metzger
LiSS_2016	FAT_017-22-84-0	FAT_017	stool	no	FMT	metabolic_syndrome	NA	adult	male	NLD	no	84	IlluminaHiSeq	27126044	42594769	3218926843	45	79	ERR1297816;ERR1297763;ERR1297704;ERR1297679;ERR1297622;ERR1297532;ERR1297531;ERR1297455	Paolo_Manghi,Marisa_Metzger
LiSS_2016	FAT_010-22-0-0	FAT_010	stool	no	metabolic_syndrome	metabolic_syndrome	NA	adult	male	NLD	no	0	IlluminaHiSeq	27126044	55737252	4255649765	45	79	ERR1297753;ERR1297733;ERR1297723;ERR1297715;ERR1297629;ERR1297601;ERR1297592;ERR1297526	Paolo_Manghi,Marisa_Metzger
LiSS_2016	FAT_010-22-14-0	FAT_010	stool	no	FMT	metabolic_syndrome	NA	adult	male	NLD	no	14	IlluminaHiSeq	27126044	66940272	5523477266	45	91	ERR1297747;ERR1297732;ERR1297640;ERR1297638;ERR1297610;ERR1297582;ERR1297580;ERR1297496	Paolo_Manghi,Marisa_Metzger
LiSS_2016	FAT_010-22-2-0	FAT_010	stool	no	FMT	metabolic_syndrome	NA	adult	male	NLD	no	2	IlluminaHiSeq	27126044	100909189	8348512919	45	91	ERR1297829;ERR1297812;ERR1297697;ERR1297696;ERR1297538;ERR1297460;ERR1297447;ERR1297424	Paolo_Manghi,Marisa_Metzger
LiSS_2016	FAT_010-22-42-0	FAT_010	stool	no	FMT	metabolic_syndrome	NA	adult	male	NLD	no	42	IlluminaHiSeq	27126044	73318153	5978344204	45	91	ERR1297838;ERR1297766;ERR1297745;ERR1297663;ERR1297557;ERR1297533;ERR1297456;ERR1297442	Paolo_Manghi,Marisa_Metzger
LiSS_2016	FAT_010-22-84-0	FAT_010	stool	no	FMT	metabolic_syndrome	NA	adult	male	NLD	no	84	IlluminaHiSeq	27126044	52886829	4364513737	45	90	ERR1297839;ERR1297759;ERR1297702;ERR1297652;ERR1297571;ERR1297552;ERR1297495;ERR1297432	Paolo_Manghi,Marisa_Metzger
LiSS_2016	FAT_024-22-0-0	FAT_024	stool	no	metabolic_syndrome	metabolic_syndrome	NA	adult	male	NLD	no	0	IlluminaHiSeq	27126044	48246874	4083291992	45	90	ERR1297813;ERR1297741;ERR1297736;ERR1297639;ERR1297586;ERR1297529;ERR1297475;ERR1297461	Paolo_Manghi,Marisa_Metzger
LiSS_2016	FAT_024-22-14-0	FAT_024	stool	no	FMT	metabolic_syndrome	NA	adult	male	NLD	no	14	IlluminaHiSeq	27126044	69944345	5975318828	45	93	ERR1297852;ERR1297844;ERR1297823;ERR1297803;ERR1297632;ERR1297614;ERR1297518;ERR1297490	Paolo_Manghi,Marisa_Metzger
LiSS_2016	FAT_024-22-2-0	FAT_024	stool	no	FMT	metabolic_syndrome	NA	adult	male	NLD	no	2	IlluminaHiSeq	27126044	18258663	1582113327	45	95	ERR1297848;ERR1297833;ERR1297784;ERR1297581;ERR1297511;ERR1297433	Paolo_Manghi,Marisa_Metzger
LiSS_2016	FAT_024-22-42-0	FAT_024	stool	no	FMT	metabolic_syndrome	NA	adult	male	NLD	no	42	IlluminaHiSeq	27126044	82104732	6941762111	45	92	ERR1297835;ERR1297824;ERR1297785;ERR1297642;ERR1297565;ERR1297549;ERR1297448;ERR1297430	Paolo_Manghi,Marisa_Metzger
LiSS_2016	FAT_024-22-84-0	FAT_024	stool	no	FMT	metabolic_syndrome	NA	adult	male	NLD	no	84	IlluminaHiSeq	27126044	54901777	4817990934	45	96	ERR1297847;ERR1297738;ERR1297643;ERR1297539;ERR1297536;ERR1297492	Paolo_Manghi,Marisa_Metzger
LiSS_2016	FAT_012-22-0-0	FAT_012	stool	no	metabolic_syndrome	metabolic_syndrome	NA	adult	male	NLD	no	0	IlluminaHiSeq	27126044	88257175	7262837240	2	88	ERR1297787;ERR1297772;ERR1297734;ERR1297672;ERR1297591;ERR1297523;ERR1297501;ERR1297497	Paolo_Manghi,Marisa_Metzger
LiSS_2016	FAT_012-22-14-0	FAT_012	stool	no	FMT	metabolic_syndrome	NA	adult	male	NLD	no	14	IlluminaHiSeq	27126044	92244420	7825382527	45	92	ERR1297806;ERR1297805;ERR1297744;ERR1297670;ERR1297606;ERR1297579;ERR1297561;ERR1297481	Paolo_Manghi,Marisa_Metzger
LiSS_2016	FAT_012-22-2-0	FAT_012	stool	no	FMT	metabolic_syndrome	NA	adult	male	NLD	no	2	IlluminaHiSeq	27126044	71918091	5349961941	1	87	ERR1297826;ERR1297821;ERR1297804;ERR1297650;ERR1297558;ERR1297541;ERR1297484;ERR1297465	Paolo_Manghi,Marisa_Metzger
LiSS_2016	FAT_012-22-42-0	FAT_012	stool	no	FMT	metabolic_syndrome	NA	adult	male	NLD	no	42	IlluminaHiSeq	27126044	56976050	4804309432	45	93	ERR1297743;ERR1297742;ERR1297689;ERR1297621;ERR1297491;ERR1297457	Paolo_Manghi,Marisa_Metzger
LiSS_2016	FAT_012-22-84-0	FAT_012	stool	no	FMT	metabolic_syndrome	NA	adult	male	NLD	no	84	IlluminaHiSeq	27126044	59885075	4629967884	45	82	ERR1297799;ERR1297722;ERR1297688;ERR1297666;ERR1297608;ERR1297566;ERR1297486;ERR1297469	Paolo_Manghi,Marisa_Metzger
