study_name	sample_id	subject_id	body_site	study_condition	disease	age	age_category	country	non_westernized	sequencing_platform	DNA_extraction_kit	PMID	number_reads	number_bases	minimum_read_length	median_read_length	NCBI_accession	anti_PD_1	curator
MatsonV_2018	SAM_15	SAM_P15	stool	melanoma	melanoma;metastases	NA	adult	USA	no	IlluminaNextSeq	Qiagen	29302014	156677784	23434172015	27	151	SRR6000869	non_responder	Giacomo_DAmato
MatsonV_2018	SAM_29	SAM_P29	stool	melanoma	melanoma;metastases	NA	adult	USA	no	IlluminaNextSeq	Qiagen	29302014	61491192	9254324230	27	151	SRR6000870	responder	Giacomo_DAmato
MatsonV_2018	SAM_07	SAM_P07	stool	melanoma	melanoma;metastases	NA	adult	USA	no	IlluminaNextSeq	Qiagen	29302014	53486214	8051063985	27	151	SRR6000871	responder	Giacomo_DAmato
MatsonV_2018	SAM_08	SAM_P08	stool	melanoma	melanoma;metastases	NA	adult	USA	no	IlluminaNextSeq	Qiagen	29302014	70181934	10557209729	27	151	SRR6000878	non_responder	Giacomo_DAmato
MatsonV_2018	SAM_04	SAM_P04	stool	melanoma	melanoma;metastases	NA	adult	USA	no	IlluminaNextSeq	Qiagen	29302014	41486188	6245017183	27	151	SRR6000873	non_responder	Giacomo_DAmato
MatsonV_2018	SAM_05	SAM_P05	stool	melanoma	melanoma;metastases	NA	adult	USA	no	IlluminaNextSeq	Qiagen	29302014	63184948	9510045296	27	151	SRR6000874	non_responder	Giacomo_DAmato
MatsonV_2018	SAM_06	SAM_P06	stool	melanoma	melanoma;metastases	NA	adult	USA	no	IlluminaNextSeq	Qiagen	29302014	141057934	21220498566	27	151	SRR6000877	non_responder	Giacomo_DAmato
MatsonV_2018	SAM_02	SAM_P02	stool	melanoma	melanoma;metastases	NA	adult	USA	no	IlluminaNextSeq	Qiagen	29302014	41661466	6270457293	27	151	SRR6000893	responder	Giacomo_DAmato
MatsonV_2018	SAM_14	SAM_P14	stool	melanoma	melanoma;metastases	NA	adult	USA	no	IlluminaNextSeq	Qiagen	29302014	38841706	5846414930	27	151	SRR6000890	non_responder	Giacomo_DAmato
MatsonV_2018	SAM_31	SAM_P31	stool	melanoma	melanoma;metastases	NA	adult	USA	no	IlluminaNextSeq	Qiagen	29302014	46760158	7038691874	27	151	SRR6000891	non_responder	Giacomo_DAmato
MatsonV_2018	SAM_35	SAM_P35	stool	melanoma	melanoma;metastases	NA	adult	USA	no	IlluminaNextSeq	Qiagen	29302014	102963172	15491805343	27	151	SRR6000892	non_responder	Giacomo_DAmato
MatsonV_2018	SAM_01	SAM_P01	stool	melanoma	melanoma;metastases	NA	adult	USA	no	IlluminaNextSeq	Qiagen	29302014	73456444	11057361847	27	151	SRR6000894	non_responder	Giacomo_DAmato
MatsonV_2018	SAM_40	SAM_P40	stool	melanoma	melanoma;metastases	NA	adult	USA	no	IlluminaNextSeq	Qiagen	29302014	97489992	14672373325	28	151	SRR6000895	non_responder	Giacomo_DAmato
MatsonV_2018	SAM_18	SAM_P18	stool	melanoma	melanoma;metastases	NA	adult	USA	no	IlluminaNextSeq	Qiagen	29302014	103127120	15518882117	27	151	SRR6000896	non_responder	Giacomo_DAmato
MatsonV_2018	SAM_27	SAM_P27	stool	melanoma	melanoma;metastases	NA	adult	USA	no	IlluminaNextSeq	Qiagen	29302014	56420468	8491250548	27	151	SRR6000900	responder	Giacomo_DAmato
MatsonV_2018	SAM_03	SAM_P03	stool	melanoma	melanoma;metastases	NA	adult	USA	no	IlluminaNextSeq	Qiagen	29302014	103147884	15520345314	27	151	SRR6000899	non_responder	Giacomo_DAmato
MatsonV_2018	SAM_23	SAM_P23	stool	melanoma	melanoma;metastases	NA	adult	USA	no	IlluminaNextSeq	Qiagen	29302014	108413052	16287504405	27	151	SRR6000901	responder	Giacomo_DAmato
MatsonV_2018	SAM_22	SAM_P22	stool	melanoma	melanoma;metastases	NA	adult	USA	no	IlluminaNextSeq	Qiagen	29302014	59080914	8892810237	27	151	SRR6000902	non_responder	Giacomo_DAmato
MatsonV_2018	SAM_20	SAM_P20	stool	melanoma	melanoma;metastases	NA	adult	USA	no	IlluminaNextSeq	Qiagen	29302014	47681804	7173857143	27	151	SRR6000903	responder	Giacomo_DAmato
MatsonV_2018	SAM_38	SAM_P38	stool	melanoma	melanoma;metastases	NA	adult	USA	no	IlluminaNextSeq	Qiagen	29302014	64815726	9755757015	27	151	SRR6000921	non_responder	Giacomo_DAmato
MatsonV_2018	SAM_21	SAM_P21	stool	melanoma	melanoma;metastases	NA	adult	USA	no	IlluminaNextSeq	Qiagen	29302014	146347552	22008608876	27	151	SRR6000905	non_responder	Giacomo_DAmato
MatsonV_2018	SAM_24	SAM_P24	stool	melanoma	melanoma;metastases	NA	adult	USA	no	IlluminaNextSeq	Qiagen	29302014	78439016	11804850010	27	151	SRR6000906	responder	Giacomo_DAmato
MatsonV_2018	SAM_30	SAM_P30	stool	melanoma	melanoma;metastases	NA	adult	USA	no	IlluminaNextSeq	Qiagen	29302014	68169660	10259095184	27	151	SRR6000907	non_responder	Giacomo_DAmato
MatsonV_2018	SAM_33	SAM_P33	stool	melanoma	melanoma;metastases	NA	adult	USA	no	IlluminaNextSeq	Qiagen	29302014	54520570	8206528512	27	151	SRR6000908	responder	Giacomo_DAmato
MatsonV_2018	SAM_32	SAM_P32	stool	melanoma	melanoma;metastases	NA	adult	USA	no	IlluminaNextSeq	Qiagen	29302014	87258642	13122918786	27	151	SRR6000909	non_responder	Giacomo_DAmato
MatsonV_2018	SAM_26	SAM_P26	stool	melanoma	melanoma;metastases	NA	adult	USA	no	IlluminaNextSeq	Qiagen	29302014	71707798	10792788253	27	151	SRR6000910	non_responder	Giacomo_DAmato
MatsonV_2018	SAM_34	SAM_P34	stool	melanoma	melanoma;metastases	NA	adult	USA	no	IlluminaNextSeq	Qiagen	29302014	64244010	9640706749	27	151	SRR6000911	responder	Giacomo_DAmato
MatsonV_2018	SAM_37	SAM_P37	stool	melanoma	melanoma;metastases	NA	adult	USA	no	IlluminaNextSeq	Qiagen	29302014	79432654	11831144024	27	151	SRR6000912	responder	Giacomo_DAmato
MatsonV_2018	SAM_36	SAM_P36	stool	melanoma	melanoma;metastases	NA	adult	USA	no	IlluminaNextSeq	Qiagen	29302014	130326496	19608627392	27	151	SRR6000920	responder	Giacomo_DAmato
MatsonV_2018	SAM_28	SAM_P28	stool	melanoma	melanoma;metastases	NA	adult	USA	no	IlluminaNextSeq	Qiagen	29302014	102797666	15446515537	27	151	SRR6000931	responder	Giacomo_DAmato
MatsonV_2018	SAM_39	SAM_P39	stool	melanoma	melanoma;metastases	NA	adult	USA	no	IlluminaNextSeq	Qiagen	29302014	41169368	6196645358	27	151	SRR6000932	responder	Giacomo_DAmato
MatsonV_2018	SAM_13	SAM_P13	stool	melanoma	melanoma;metastases	NA	adult	USA	no	IlluminaNextSeq	Qiagen	29302014	89563216	13413558306	27	151	SRR6000943	NA	Giacomo_DAmato
MatsonV_2018	SAM_25	SAM_P25	stool	melanoma	melanoma;metastases	NA	adult	USA	no	IlluminaNextSeq	Qiagen	29302014	42235316	6357118127	27	151	SRR6000942	non_responder	Giacomo_DAmato
MatsonV_2018	SAM_12	SAM_P12	stool	melanoma	melanoma;metastases	NA	adult	USA	no	IlluminaNextSeq	Qiagen	29302014	48391540	7282716721	27	151	SRR6000945	non_responder	Giacomo_DAmato
MatsonV_2018	SAM_11	SAM_P11	stool	melanoma	melanoma;metastases	NA	adult	USA	no	IlluminaNextSeq	Qiagen	29302014	77750816	11700675918	27	151	SRR6000940	non_responder	Giacomo_DAmato
MatsonV_2018	SAM_10	SAM_P10	stool	melanoma	melanoma;metastases	NA	adult	USA	no	IlluminaNextSeq	Qiagen	29302014	147874366	22252458983	27	151	SRR6000944	non_responder	Giacomo_DAmato
MatsonV_2018	SAM_16	SAM_P16	stool	melanoma	melanoma;metastases	NA	adult	USA	no	IlluminaNextSeq	Qiagen	29302014	46155686	6946521728	27	151	SRR6000946	responder	Giacomo_DAmato
MatsonV_2018	SAM_19	SAM_P19	stool	melanoma	melanoma;metastases	NA	adult	USA	no	IlluminaNextSeq	Qiagen	29302014	93652612	14095757358	27	151	SRR6000947	non_responder	Giacomo_DAmato
MatsonV_2018	SAM_17	SAM_P17	stool	melanoma	melanoma;metastases	NA	adult	USA	no	IlluminaNextSeq	Qiagen	29302014	132943620	19917956579	27	151	SRR6000949	non_responder	Giacomo_DAmato
