study_name	sample_id	subject_id	body_site	antibiotics_current_use	study_condition	disease	age	age_category	gender	country	non_westernized	sequencing_platform	DNA_extraction_kit	PMID	number_reads	number_bases	minimum_read_length	median_read_length	NCBI_accession	curator
OhJ_2014	MET0001	HV04	skin	NA	control	healthy	NA	adult	female	USA	no	IlluminaHiSeq	Qiagen	25279917	3475040	350979040	101	101	SRR1620013	Paolo_Manghi
OhJ_2014	MET0002	HV04	skin	NA	control	healthy	NA	adult	female	USA	no	IlluminaHiSeq	Qiagen	25279917	26806328	2707439128	101	101	SRR1620014	Paolo_Manghi
OhJ_2014	MET0004	LOWSTAGGERED_MOCK	skin	NA	control	healthy	NA	adult	NA	USA	no	IlluminaHiSeq	Qiagen	25279917	50151954	5065347354	101	101	SRR1620015	Paolo_Manghi
OhJ_2014	MET0005	HV04	skin	NA	control	healthy	NA	adult	female	USA	no	IlluminaHiSeq	Qiagen	25279917	9688484	978536884	101	101	SRR1620016	Paolo_Manghi
OhJ_2014	MET0006	HV04	skin	NA	control	healthy	NA	adult	female	USA	no	IlluminaHiSeq	Qiagen	25279917	58012024	5859214424	101	101	SRR1620017	Paolo_Manghi
OhJ_2014	MET0007	HV04	skin	NA	control	healthy	NA	adult	female	USA	no	IlluminaHiSeq	Qiagen	25279917	292008	29492808	101	101	SRR1620018	Paolo_Manghi
OhJ_2014	MET0008	LOWSTAGGERED_MOCK	skin	NA	control	healthy	NA	adult	NA	USA	no	IlluminaHiSeq	Qiagen	25279917	73999412	7473940612	101	101	SRR1620019	Paolo_Manghi
OhJ_2014	MET0009	HV01	skin	NA	control	healthy	NA	adult	male	USA	no	IlluminaHiSeq	Qiagen	25279917	21792260	2201018260	101	101	SRR1620020	Paolo_Manghi
OhJ_2014	MET0010	HV01	skin	NA	control	healthy	NA	adult	male	USA	no	IlluminaHiSeq	Qiagen	25279917	238388	24077188	101	101	SRR1620021	Paolo_Manghi
OhJ_2014	MET0011	HV01	skin	NA	control	healthy	NA	adult	male	USA	no	IlluminaHiSeq	Qiagen	25279917	7522054	759727454	101	101	SRR1620022	Paolo_Manghi
OhJ_2014	MET0012	HV01	skin	NA	control	healthy	NA	adult	male	USA	no	IlluminaHiSeq	Qiagen	25279917	7416756	749092356	101	101	SRR1620023	Paolo_Manghi
OhJ_2014	MET0013	HV01	skin	NA	control	healthy	NA	adult	male	USA	no	IlluminaHiSeq	Qiagen	25279917	10070506	1017121106	101	101	SRR1620993	Paolo_Manghi
OhJ_2014	MET0014	HV01	skin	NA	control	healthy	NA	adult	male	USA	no	IlluminaHiSeq	Qiagen	25279917	14459840	1460443840	101	101	SRR1620994	Paolo_Manghi
OhJ_2014	MET0015	HV01	skin	NA	control	healthy	NA	adult	male	USA	no	IlluminaHiSeq	Qiagen	25279917	2609350	263544350	101	101	SRR1620995	Paolo_Manghi
OhJ_2014	MET0016	HV01	skin	NA	control	healthy	NA	adult	male	USA	no	IlluminaHiSeq	Qiagen	25279917	37601788	3797780588	101	101	SRR1620996	Paolo_Manghi
OhJ_2014	MET0017	HV01	skin	NA	control	healthy	NA	adult	male	USA	no	IlluminaHiSeq	Qiagen	25279917	4508348	455343148	101	101	SRR1620997	Paolo_Manghi
OhJ_2014	MET0020	HV01	skin	NA	control	healthy	NA	adult	male	USA	no	IlluminaHiSeq	Qiagen	25279917	4670588	471729388	101	101	SRR1620998	Paolo_Manghi
OhJ_2014	MET0021	HV01	skin	NA	control	healthy	NA	adult	male	USA	no	IlluminaHiSeq	Qiagen	25279917	4803152	485118352	101	101	SRR1620999	Paolo_Manghi
OhJ_2014	MET0022	HV01	skin	NA	control	healthy	NA	adult	male	USA	no	IlluminaHiSeq	Qiagen	25279917	4391582	443549782	101	101	SRR1621000	Paolo_Manghi
OhJ_2014	MET0023	HV01	skin	NA	control	healthy	NA	adult	male	USA	no	IlluminaHiSeq	Qiagen	25279917	4842022	489044222	101	101	SRR1621001	Paolo_Manghi
OhJ_2014	MET0024	HV01	skin	NA	control	healthy	NA	adult	male	USA	no	IlluminaHiSeq	Qiagen	25279917	16414414	1657855814	101	101	SRR1621002	Paolo_Manghi
OhJ_2014	MET0025	HV01	skin	NA	control	healthy	NA	adult	male	USA	no	IlluminaHiSeq	Qiagen	25279917	17782004	1795982404	101	101	SRR1621003	Paolo_Manghi
OhJ_2014	MET0026	HV01	skin	NA	control	healthy	NA	adult	male	USA	no	IlluminaHiSeq	Qiagen	25279917	21423572	2163780772	101	101	SRR1621004	Paolo_Manghi
OhJ_2014	MET0027	HV01	skin	NA	control	healthy	NA	adult	male	USA	no	IlluminaHiSeq	Qiagen	25279917	15841876	1600029476	101	101	SRR1621005	Paolo_Manghi
OhJ_2014	MET0028	HV01	skin	NA	control	healthy	NA	adult	male	USA	no	IlluminaHiSeq	Qiagen	25279917	5532206	558752806	101	101	SRR1621006	Paolo_Manghi
OhJ_2014	MET0029	HV03	skin	NA	control	healthy	NA	adult	female	USA	no	IlluminaHiSeq	Qiagen	25279917	3349322	338281522	101	101	SRR1621007	Paolo_Manghi
OhJ_2014	MET0030	HV03	skin	NA	control	healthy	NA	adult	female	USA	no	IlluminaHiSeq	Qiagen	25279917	671078	67778878	101	101	SRR1621008	Paolo_Manghi
OhJ_2014	MET0031	HV03	skin	NA	control	healthy	NA	adult	female	USA	no	IlluminaHiSeq	Qiagen	25279917	13221888	1335410688	101	101	SRR1621009	Paolo_Manghi
OhJ_2014	MET0032	HV03	skin	NA	control	healthy	NA	adult	female	USA	no	IlluminaHiSeq	Qiagen	25279917	6191020	625293020	101	101	SRR1621010	Paolo_Manghi
OhJ_2014	MET0033	HV03	skin	NA	control	healthy	NA	adult	female	USA	no	IlluminaHiSeq	Qiagen	25279917	3846906	388537506	101	101	SRR1621011	Paolo_Manghi
OhJ_2014	MET0034	HV03	skin	NA	control	healthy	NA	adult	female	USA	no	IlluminaHiSeq	Qiagen	25279917	335544	33889944	101	101	SRR1621012	Paolo_Manghi
OhJ_2014	MET0035	HV03	skin	NA	control	healthy	NA	adult	female	USA	no	IlluminaHiSeq	Qiagen	25279917	176612	17837812	101	101	SRR1622804	Paolo_Manghi
OhJ_2014	MET0038	HV03	skin	NA	control	healthy	NA	adult	female	USA	no	IlluminaHiSeq	Qiagen	25279917	5976784	603655184	101	101	SRR1622805	Paolo_Manghi
OhJ_2014	MET0039	HV03	skin	NA	control	healthy	NA	adult	female	USA	no	IlluminaHiSeq	Qiagen	25279917	3505274	354032674	101	101	SRR1622806	Paolo_Manghi
OhJ_2014	MET0040	HV03	skin	NA	control	healthy	NA	adult	female	USA	no	IlluminaHiSeq	Qiagen	25279917	1464764	147941164	101	101	SRR1622807	Paolo_Manghi
OhJ_2014	MET0041	HV03	skin	NA	control	healthy	NA	adult	female	USA	no	IlluminaHiSeq	Qiagen	25279917	17300948	1747395748	101	101	SRR1622808	Paolo_Manghi
OhJ_2014	MET0042	HV03	skin	NA	control	healthy	NA	adult	female	USA	no	IlluminaHiSeq	Qiagen	25279917	9117984	920916384	101	101	SRR1622809	Paolo_Manghi
OhJ_2014	MET0043	HV03	skin	NA	control	healthy	NA	adult	female	USA	no	IlluminaHiSeq	Qiagen	25279917	12180026	1230182626	101	101	SRR1622810	Paolo_Manghi
OhJ_2014	MET0044	HV03	skin	NA	control	healthy	NA	adult	female	USA	no	IlluminaHiSeq	Qiagen	25279917	25783630	2604146630	101	101	SRR1622811	Paolo_Manghi
OhJ_2014	MET0045	HV03	skin	NA	control	healthy	NA	adult	female	USA	no	IlluminaHiSeq	Qiagen	25279917	5542168	559758968	101	101	SRR1622812	Paolo_Manghi
OhJ_2014	MET0046	HV03	skin	NA	control	healthy	NA	adult	female	USA	no	IlluminaHiSeq	Qiagen	25279917	8252724	833525124	101	101	SRR1622813	Paolo_Manghi
OhJ_2014	MET0047	HV03	skin	NA	control	healthy	NA	adult	female	USA	no	IlluminaHiSeq	Qiagen	25279917	54795226	5534317826	101	101	SRR1622814	Paolo_Manghi
OhJ_2014	MET0048	HV03	skin	NA	control	healthy	NA	adult	female	USA	no	IlluminaHiSeq	Qiagen	25279917	541154	54656554	101	101	SRR1622815	Paolo_Manghi
OhJ_2014	MET0049	HV02	skin	NA	control	healthy	NA	adult	female	USA	no	IlluminaHiSeq	Qiagen	25279917	102684	10371084	101	101	SRR1622816	Paolo_Manghi
OhJ_2014	MET0050	HV02	skin	NA	control	healthy	NA	adult	female	USA	no	IlluminaHiSeq	Qiagen	25279917	2244842	226729042	101	101	SRR1622817	Paolo_Manghi
OhJ_2014	MET0051	HV02	skin	NA	control	healthy	NA	adult	female	USA	no	IlluminaHiSeq	Qiagen	25279917	419874	42407274	101	101	SRR1622818	Paolo_Manghi
OhJ_2014	MET0052	HV02	skin	NA	control	healthy	NA	adult	female	USA	no	IlluminaHiSeq	Qiagen	25279917	13463064	1359769464	101	101	SRR1622819	Paolo_Manghi
OhJ_2014	MET0053	HV02	skin	NA	control	healthy	NA	adult	female	USA	no	IlluminaHiSeq	Qiagen	25279917	302454	30547854	101	101	SRR1622820	Paolo_Manghi
OhJ_2014	MET0054	HV02	skin	NA	control	healthy	NA	adult	female	USA	no	IlluminaHiSeq	Qiagen	25279917	10532352	1063767552	101	101	SRR1622821	Paolo_Manghi
OhJ_2014	MET0055	HV02	skin	NA	control	healthy	NA	adult	female	USA	no	IlluminaHiSeq	Qiagen	25279917	19508174	1970325574	101	101	SRR1622822	Paolo_Manghi
OhJ_2014	MET0056	HV02	skin	NA	control	healthy	NA	adult	female	USA	no	IlluminaHiSeq	Qiagen	25279917	3414190	344833190	101	101	SRR1622823	Paolo_Manghi
OhJ_2014	MET0057	HV02	skin	NA	control	healthy	NA	adult	female	USA	no	IlluminaHiSeq	Qiagen	25279917	8304516	838756116	101	101	SRR1622824	Paolo_Manghi
OhJ_2014	MET0060	HV02	skin	NA	control	healthy	NA	adult	female	USA	no	IlluminaHiSeq	Qiagen	25279917	3016526	304669126	101	101	SRR1622825	Paolo_Manghi
OhJ_2014	MET0061	HV02	skin	NA	control	healthy	NA	adult	female	USA	no	IlluminaHiSeq	Qiagen	25279917	2696916	272388516	101	101	SRR1622826	Paolo_Manghi
OhJ_2014	MET0062	HV02	skin	NA	control	healthy	NA	adult	female	USA	no	IlluminaHiSeq	Qiagen	25279917	14342304	1448572704	101	101	SRR1622827	Paolo_Manghi
OhJ_2014	MET0064	HV02	skin	NA	control	healthy	NA	adult	female	USA	no	IlluminaHiSeq	Qiagen	25279917	6133354	619468754	101	101	SRR1622828	Paolo_Manghi
OhJ_2014	MET0065	HV02	skin	NA	control	healthy	NA	adult	female	USA	no	IlluminaHiSeq	Qiagen	25279917	4706504	475356904	101	101	SRR1622829	Paolo_Manghi
OhJ_2014	MET0066	HV02	skin	NA	control	healthy	NA	adult	female	USA	no	IlluminaHiSeq	Qiagen	25279917	4315736	435889336	101	101	SRR1622833	Paolo_Manghi
OhJ_2014	MET0067	HV02	skin	NA	control	healthy	NA	adult	female	USA	no	IlluminaHiSeq	Qiagen	25279917	25492354	2574727754	101	101	SRR1622834	Paolo_Manghi
OhJ_2014	MET0068	HV02	skin	NA	control	healthy	NA	adult	female	USA	no	IlluminaHiSeq	Qiagen	25279917	1717690	173486690	101	101	SRR1622835	Paolo_Manghi
OhJ_2014	MET0069	HV04	skin	NA	control	healthy	NA	adult	female	USA	no	IlluminaHiSeq	Qiagen	25279917	1855086	187363686	101	101	SRR1622836	Paolo_Manghi
OhJ_2014	MET0070	HV04	skin	NA	control	healthy	NA	adult	female	USA	no	IlluminaHiSeq	Qiagen	25279917	477202	48197402	101	101	SRR1622837	Paolo_Manghi
OhJ_2014	MET0073	HV04	skin	NA	control	healthy	NA	adult	female	USA	no	IlluminaHiSeq	Qiagen	25279917	888504	89738904	101	101	SRR1622838	Paolo_Manghi
OhJ_2014	MET0074	HV04	skin	NA	control	healthy	NA	adult	female	USA	no	IlluminaHiSeq	Qiagen	25279917	9050936	914144536	101	101	SRR1622839	Paolo_Manghi
OhJ_2014	MET0075	HV04	skin	NA	control	healthy	NA	adult	female	USA	no	IlluminaHiSeq	Qiagen	25279917	1909168	192825968	101	101	SRR1622840	Paolo_Manghi
OhJ_2014	MET0076	HV04	skin	NA	control	healthy	NA	adult	female	USA	no	IlluminaHiSeq	Qiagen	25279917	3546456	358192056	101	101	SRR1622841	Paolo_Manghi
OhJ_2014	MET0081	HV04	skin	NA	control	healthy	NA	adult	female	USA	no	IlluminaHiSeq	Qiagen	25279917	493602	49853802	101	101	SRR1622842	Paolo_Manghi
OhJ_2014	MET0082	HV04	skin	NA	control	healthy	NA	adult	female	USA	no	IlluminaHiSeq	Qiagen	25279917	3328462	336174662	101	101	SRR1622843	Paolo_Manghi
OhJ_2014	MET0083	HV04	skin	NA	control	healthy	NA	adult	female	USA	no	IlluminaHiSeq	Qiagen	25279917	6648474	671495874	101	101	SRR1622844	Paolo_Manghi
OhJ_2014	MET0084	HV04	skin	NA	control	healthy	NA	adult	female	USA	no	IlluminaHiSeq	Qiagen	25279917	10518142	1062332342	101	101	SRR1622845	Paolo_Manghi
OhJ_2014	MET0085	HV04	skin	NA	control	healthy	NA	adult	female	USA	no	IlluminaHiSeq	Qiagen	25279917	6156308	621787108	101	101	SRR1622846	Paolo_Manghi
OhJ_2014	MET0086	HV04	skin	NA	control	healthy	NA	adult	female	USA	no	IlluminaHiSeq	Qiagen	25279917	7593376	766930976	101	101	SRR1622847	Paolo_Manghi
OhJ_2014	MET0087	HV04	skin	NA	control	healthy	NA	adult	female	USA	no	IlluminaHiSeq	Qiagen	25279917	778492	78627692	101	101	SRR1622848	Paolo_Manghi
OhJ_2014	MET0088	HV04	skin	NA	control	healthy	NA	adult	female	USA	no	IlluminaHiSeq	Qiagen	25279917	888034	89691434	101	101	SRR1622849	Paolo_Manghi
OhJ_2014	MET0089	HV05	skin	NA	control	healthy	NA	adult	male	USA	no	IlluminaHiSeq	Qiagen	25279917	11898596	1201758196	101	101	SRR1622850	Paolo_Manghi
OhJ_2014	MET0090	HV05	skin	NA	control	healthy	NA	adult	male	USA	no	IlluminaHiSeq	Qiagen	25279917	212518	21464318	101	101	SRR1622851	Paolo_Manghi
OhJ_2014	MET0091	HV05	skin	NA	control	healthy	NA	adult	male	USA	no	IlluminaHiSeq	Qiagen	25279917	12251944	1237446344	101	101	SRR1622852	Paolo_Manghi
OhJ_2014	MET0092	HV05	skin	NA	control	healthy	NA	adult	male	USA	no	IlluminaHiSeq	Qiagen	25279917	4750676	479818276	101	101	SRR1622853	Paolo_Manghi
OhJ_2014	MET0093	HV05	skin	NA	control	healthy	NA	adult	male	USA	no	IlluminaHiSeq	Qiagen	25279917	7478340	755312340	101	101	SRR1622854	Paolo_Manghi
OhJ_2014	MET0094	HV05	skin	NA	control	healthy	NA	adult	male	USA	no	IlluminaHiSeq	Qiagen	25279917	11987824	1210770224	101	101	SRR1622855	Paolo_Manghi
OhJ_2014	MET0095	HV05	skin	NA	control	healthy	NA	adult	male	USA	no	IlluminaHiSeq	Qiagen	25279917	7534476	760982076	101	101	SRR1622856	Paolo_Manghi
OhJ_2014	MET0096	HV05	skin	NA	control	healthy	NA	adult	male	USA	no	IlluminaHiSeq	Qiagen	25279917	3935294	397464694	101	101	SRR1622857	Paolo_Manghi
OhJ_2014	MET0097	HV05	skin	NA	control	healthy	NA	adult	male	USA	no	IlluminaHiSeq	Qiagen	25279917	11025790	1113604790	101	101	SRR1622858	Paolo_Manghi
OhJ_2014	MET0100	HV05	skin	NA	control	healthy	NA	adult	male	USA	no	IlluminaHiSeq	Qiagen	25279917	4079080	411987080	101	101	SRR1622860	Paolo_Manghi
OhJ_2014	MET0102	HV05	skin	NA	control	healthy	NA	adult	male	USA	no	IlluminaHiSeq	Qiagen	25279917	6891442	696035642	101	101	SRR1622861	Paolo_Manghi
OhJ_2014	MET0103	HV05	skin	NA	control	healthy	NA	adult	male	USA	no	IlluminaHiSeq	Qiagen	25279917	20766218	2097388018	101	101	SRR1622862	Paolo_Manghi
OhJ_2014	MET0104	HV05	skin	NA	control	healthy	NA	adult	male	USA	no	IlluminaHiSeq	Qiagen	25279917	14386588	1453045388	101	101	SRR1622863	Paolo_Manghi
OhJ_2014	MET0105	HV05	skin	NA	control	healthy	NA	adult	male	USA	no	IlluminaHiSeq	Qiagen	25279917	9815412	991356612	101	101	SRR1622865;SRR1622864	Paolo_Manghi
OhJ_2014	MET0106	HV05	skin	NA	control	healthy	NA	adult	male	USA	no	IlluminaHiSeq	Qiagen	25279917	4931222	498053422	101	101	SRR1622866	Paolo_Manghi
OhJ_2014	MET0107	HV05	skin	NA	control	healthy	NA	adult	male	USA	no	IlluminaHiSeq	Qiagen	25279917	5995806	605576406	101	101	SRR1622867	Paolo_Manghi
OhJ_2014	MET0108	HV05	skin	NA	control	healthy	NA	adult	male	USA	no	IlluminaHiSeq	Qiagen	25279917	3789604	382750004	101	101	SRR1622868	Paolo_Manghi
OhJ_2014	MET0109	SH01	skin	NA	control	healthy	NA	adult	female	USA	no	IlluminaHiSeq	Qiagen	25279917	2057924	207850324	101	101	SRR1622869;SRR1622870	Paolo_Manghi
OhJ_2014	MET0110	SH01	skin	NA	control	healthy	NA	adult	female	USA	no	IlluminaHiSeq	Qiagen	25279917	8883728	897256528	101	101	SRR1622871;SRR1622872	Paolo_Manghi
OhJ_2014	MET0111	SH01	skin	NA	control	healthy	NA	adult	female	USA	no	IlluminaHiSeq	Qiagen	25279917	7080700	715150700	101	101	SRR1622873;SRR1622874	Paolo_Manghi
OhJ_2014	MET0112	SH01	skin	NA	control	healthy	NA	adult	female	USA	no	IlluminaHiSeq	Qiagen	25279917	3582218	361804018	101	101	SRR1622875;SRR1622876	Paolo_Manghi
OhJ_2014	MET0113	SH01	skin	NA	control	healthy	NA	adult	female	USA	no	IlluminaHiSeq	Qiagen	25279917	1718990	173617990	101	101	SRR1622878;SRR1622877	Paolo_Manghi
OhJ_2014	MET0114	SH01	skin	NA	control	healthy	NA	adult	female	USA	no	IlluminaHiSeq	Qiagen	25279917	1957724	197730124	101	101	SRR1622879;SRR1622880	Paolo_Manghi
OhJ_2014	MET0115	SH01	skin	NA	control	healthy	NA	adult	female	USA	no	IlluminaHiSeq	Qiagen	25279917	306060	30912060	101	101	SRR1622882;SRR1622881	Paolo_Manghi
OhJ_2014	MET0116	SH01	skin	NA	control	healthy	NA	adult	female	USA	no	IlluminaHiSeq	Qiagen	25279917	477700	48247700	101	101	SRR1622883;SRR1622884	Paolo_Manghi
OhJ_2014	MET0117	SH01	skin	NA	control	healthy	NA	adult	female	USA	no	IlluminaHiSeq	Qiagen	25279917	1814402	183254602	101	101	SRR1622885;SRR1622886	Paolo_Manghi
OhJ_2014	MET0118	SH01	skin	NA	control	healthy	NA	adult	female	USA	no	IlluminaHiSeq	Qiagen	25279917	504444	50948844	101	101	SRR1622887;SRR1622888	Paolo_Manghi
OhJ_2014	MET0119	SH01	skin	NA	control	healthy	NA	adult	female	USA	no	IlluminaHiSeq	Qiagen	25279917	13657000	1379357000	101	101	SRR1622889;SRR1622890	Paolo_Manghi
OhJ_2014	MET0120	SH01	skin	NA	control	healthy	NA	adult	female	USA	no	IlluminaHiSeq	Qiagen	25279917	1654406	167095006	101	101	SRR1622891	Paolo_Manghi
OhJ_2014	MET0121	SH02	skin	NA	control	healthy	NA	adult	female	USA	no	IlluminaHiSeq	Qiagen	25279917	529006	53429606	101	101	SRR1622892	Paolo_Manghi
OhJ_2014	MET0122	SH02	skin	NA	control	healthy	NA	adult	female	USA	no	IlluminaHiSeq	Qiagen	25279917	2047984	206846384	101	101	SRR1622893	Paolo_Manghi
OhJ_2014	MET0123	SH02	skin	NA	control	healthy	NA	adult	female	USA	no	IlluminaHiSeq	Qiagen	25279917	1080078	109087878	101	101	SRR1622894	Paolo_Manghi
OhJ_2014	MET0124	SH02	skin	NA	control	healthy	NA	adult	female	USA	no	IlluminaHiSeq	Qiagen	25279917	1107838	111891638	101	101	SRR1622895	Paolo_Manghi
OhJ_2014	MET0125	SH02	skin	NA	control	healthy	NA	adult	female	USA	no	IlluminaHiSeq	Qiagen	25279917	168588	17027388	101	101	SRR1622896	Paolo_Manghi
OhJ_2014	MET0126	SH02	skin	NA	control	healthy	NA	adult	female	USA	no	IlluminaHiSeq	Qiagen	25279917	123938	12517738	101	101	SRR1622897	Paolo_Manghi
OhJ_2014	MET0127	SH02	skin	NA	control	healthy	NA	adult	female	USA	no	IlluminaHiSeq	Qiagen	25279917	155072	15662272	101	101	SRR1622898	Paolo_Manghi
OhJ_2014	MET0128	SH02	skin	NA	control	healthy	NA	adult	female	USA	no	IlluminaHiSeq	Qiagen	25279917	644376	65081976	101	101	SRR1622899	Paolo_Manghi
OhJ_2014	MET0129	SH02	skin	NA	control	healthy	NA	adult	female	USA	no	IlluminaHiSeq	Qiagen	25279917	2577064	260283464	101	101	SRR1622900;SRR1622901	Paolo_Manghi
OhJ_2014	MET0130	SH02	skin	NA	control	healthy	NA	adult	female	USA	no	IlluminaHiSeq	Qiagen	25279917	1034472	104481672	101	101	SRR1622902;SRR1622903	Paolo_Manghi
OhJ_2014	MET0131	SH02	skin	NA	control	healthy	NA	adult	female	USA	no	IlluminaHiSeq	Qiagen	25279917	42355406	4277896006	101	101	SRR1622905;SRR1622904	Paolo_Manghi
OhJ_2014	MET0132	SH02	skin	NA	control	healthy	NA	adult	female	USA	no	IlluminaHiSeq	Qiagen	25279917	93647102	9458357302	101	101	SRR1622906;SRR1622907	Paolo_Manghi
OhJ_2014	MET0133	HV02	skin	NA	control	healthy	NA	adult	female	USA	no	IlluminaHiSeq	Qiagen	25279917	34616	3496216	101	101	SRR1622909;SRR1622908	Paolo_Manghi
OhJ_2014	MET0134	HV06	skin	NA	control	healthy	NA	adult	female	USA	no	IlluminaHiSeq	Qiagen	25279917	16436532	1660089732	101	101	SRR1622910;SRR1622911	Paolo_Manghi
OhJ_2014	MET0135	HV06	skin	NA	control	healthy	NA	adult	female	USA	no	IlluminaHiSeq	Qiagen	25279917	341136	34454736	101	101	SRR1622912;SRR1622913	Paolo_Manghi
OhJ_2014	MET0136	HV06	skin	NA	control	healthy	NA	adult	female	USA	no	IlluminaHiSeq	Qiagen	25279917	23780004	2401780404	101	101	SRR1622915;SRR1622914	Paolo_Manghi
OhJ_2014	MET0137	HV06	skin	NA	control	healthy	NA	adult	female	USA	no	IlluminaHiSeq	Qiagen	25279917	6752130	681965130	101	101	SRR1622916;SRR1622917	Paolo_Manghi
OhJ_2014	MET0138	HV06	skin	NA	control	healthy	NA	adult	female	USA	no	IlluminaHiSeq	Qiagen	25279917	8042028	812244828	101	101	SRR1622918;SRR1622919	Paolo_Manghi
OhJ_2014	MET0139	HV06	skin	NA	control	healthy	NA	adult	female	USA	no	IlluminaHiSeq	Qiagen	25279917	23672076	2390879676	101	101	SRR1622921;SRR1622920	Paolo_Manghi
OhJ_2014	MET0141	HV06	skin	NA	control	healthy	NA	adult	female	USA	no	IlluminaHiSeq	Qiagen	25279917	7553416	762895016	101	101	SRR1622923;SRR1622922	Paolo_Manghi
OhJ_2014	MET0142	HV06	skin	NA	control	healthy	NA	adult	female	USA	no	IlluminaHiSeq	Qiagen	25279917	83094228	8392517028	101	101	SRR1622924;SRR1622925	Paolo_Manghi
OhJ_2014	MET0143	HV06	skin	NA	control	healthy	NA	adult	female	USA	no	IlluminaHiSeq	Qiagen	25279917	1025356	103560956	101	101	SRR1622927;SRR1622926	Paolo_Manghi
OhJ_2014	MET0144	HV06	skin	NA	control	healthy	NA	adult	female	USA	no	IlluminaHiSeq	Qiagen	25279917	8587186	867305786	101	101	SRR1622928;SRR1622929	Paolo_Manghi
OhJ_2014	MET0155	HV08	skin	NA	control	healthy	NA	adult	male	USA	no	IlluminaHiSeq	Qiagen	25279917	9676372	977313572	101	101	SRR1622930	Paolo_Manghi
OhJ_2014	MET0156	HV08	skin	NA	control	healthy	NA	adult	male	USA	no	IlluminaHiSeq	Qiagen	25279917	13867724	1400640124	101	101	SRR1622931	Paolo_Manghi
OhJ_2014	MET0157	HV08	skin	NA	control	healthy	NA	adult	male	USA	no	IlluminaHiSeq	Qiagen	25279917	4521768	456698568	101	101	SRR1622932	Paolo_Manghi
OhJ_2014	MET0158	HV08	skin	NA	control	healthy	NA	adult	male	USA	no	IlluminaHiSeq	Qiagen	25279917	26157442	2641901642	101	101	SRR1622933	Paolo_Manghi
OhJ_2014	MET0159	HV08	skin	NA	control	healthy	NA	adult	male	USA	no	IlluminaHiSeq	Qiagen	25279917	237890	24026890	101	101	SRR1622934	Paolo_Manghi
OhJ_2014	MET0160	HV08	skin	NA	control	healthy	NA	adult	male	USA	no	IlluminaHiSeq	Qiagen	25279917	6617836	668401436	101	101	SRR1622935	Paolo_Manghi
OhJ_2014	MET0161	HV08	skin	NA	control	healthy	NA	adult	male	USA	no	IlluminaHiSeq	Qiagen	25279917	6751714	681923114	101	101	SRR1622936	Paolo_Manghi
OhJ_2014	MET0162	HV08	skin	NA	control	healthy	NA	adult	male	USA	no	IlluminaHiSeq	Qiagen	25279917	1266092	127875292	101	101	SRR1622937	Paolo_Manghi
OhJ_2014	MET0163	HV08	skin	NA	control	healthy	NA	adult	male	USA	no	IlluminaHiSeq	Qiagen	25279917	17467086	1764175686	101	101	SRR1622938	Paolo_Manghi
OhJ_2014	MET0164	HV08	skin	NA	control	healthy	NA	adult	male	USA	no	IlluminaHiSeq	Qiagen	25279917	533334	53866734	101	101	SRR1623045	Paolo_Manghi
OhJ_2014	MET0165	HV08	skin	NA	control	healthy	NA	adult	male	USA	no	IlluminaHiSeq	Qiagen	25279917	4894568	494351368	101	101	SRR1623046	Paolo_Manghi
OhJ_2014	MET0166	HV08	skin	NA	control	healthy	NA	adult	male	USA	no	IlluminaHiSeq	Qiagen	25279917	984380	99422380	101	101	SRR1623047	Paolo_Manghi
OhJ_2014	MET0167	HV08	skin	NA	control	healthy	NA	adult	male	USA	no	IlluminaHiSeq	Qiagen	25279917	9159106	925069706	101	101	SRR1623048	Paolo_Manghi
OhJ_2014	MET0168	HV08	skin	NA	control	healthy	NA	adult	male	USA	no	IlluminaHiSeq	Qiagen	25279917	17535026	1771037626	101	101	SRR1623049	Paolo_Manghi
OhJ_2014	MET0169	HV08	skin	NA	control	healthy	NA	adult	male	USA	no	IlluminaHiSeq	Qiagen	25279917	435008	43935808	101	101	SRR1623050	Paolo_Manghi
OhJ_2014	MET0170	HV07	skin	NA	control	healthy	NA	adult	male	USA	no	IlluminaHiSeq	Qiagen	25279917	8559868	864546668	101	101	SRR1623051;SRR1623052;SRR1623053;SRR1623054;SRR1623055;SRR1623056	Paolo_Manghi
OhJ_2014	MET0171	HV07	skin	NA	control	healthy	NA	adult	male	USA	no	IlluminaHiSeq	Qiagen	25279917	15724556	1588180156	101	101	SRR1623065;SRR1623064;SRR1623063;SRR1623062;SRR1623061;SRR1623060;SRR1623059;SRR1623058;SRR1623057	Paolo_Manghi
OhJ_2014	MET0172	HV07	skin	NA	control	healthy	NA	adult	male	USA	no	IlluminaHiSeq	Qiagen	25279917	26180380	2644218380	101	101	SRR1623074;SRR1623073;SRR1623072;SRR1623071;SRR1623070;SRR1623069;SRR1623068;SRR1623067;SRR1623066	Paolo_Manghi
OhJ_2014	MET0173	HV07	skin	NA	control	healthy	NA	adult	male	USA	no	IlluminaHiSeq	Qiagen	25279917	88454646	8933919246	101	101	SRR1623075;SRR1623076;SRR1623077;SRR1623078;SRR1623079;SRR1623080	Paolo_Manghi
OhJ_2014	MET0174	HV07	skin	NA	control	healthy	NA	adult	male	USA	no	IlluminaHiSeq	Qiagen	25279917	17006848	1717691648	101	101	SRR1623158;SRR1623159;SRR1623160;SRR1623161;SRR1623162;SRR1623163	Paolo_Manghi
OhJ_2014	MET0175	HV07	skin	NA	control	healthy	NA	adult	male	USA	no	IlluminaHiSeq	Qiagen	25279917	56716380	5728354380	101	101	SRR1623169;SRR1623168;SRR1623167;SRR1623166;SRR1623165;SRR1623164	Paolo_Manghi
OhJ_2014	MET0176	HV07	skin	NA	control	healthy	NA	adult	male	USA	no	IlluminaHiSeq	Qiagen	25279917	77366678	7814034478	101	101	SRR1623175;SRR1623174;SRR1623173;SRR1623172;SRR1623171;SRR1623170	Paolo_Manghi
OhJ_2014	MET0177	HV07	skin	NA	control	healthy	NA	adult	male	USA	no	IlluminaHiSeq	Qiagen	25279917	39404122	3979816322	101	101	SRR1623176;SRR1623177;SRR1623178;SRR1623179;SRR1623180;SRR1623181;SRR1623182;SRR1623183;SRR1623184	Paolo_Manghi
OhJ_2014	MET0178	HV07	skin	NA	control	healthy	NA	adult	male	USA	no	IlluminaHiSeq	Qiagen	25279917	52608126	5313420726	101	101	SRR1623185;SRR1623186;SRR1623187;SRR1623188;SRR1623189;SRR1623190;SRR1623191;SRR1623192;SRR1623193	Paolo_Manghi
OhJ_2014	MET0179	HV07	skin	NA	control	healthy	NA	adult	male	USA	no	IlluminaHiSeq	Qiagen	25279917	83799516	8463751116	101	101	SRR1623194;SRR1623195;SRR1623196;SRR1623197;SRR1623198;SRR1623199;SRR1623200;SRR1623201;SRR1623202	Paolo_Manghi
OhJ_2014	MET0180	HV07	skin	NA	control	healthy	NA	adult	male	USA	no	IlluminaHiSeq	Qiagen	25279917	97441316	9841572916	101	101	SRR1623208;SRR1623207;SRR1623206;SRR1623205;SRR1623204;SRR1623203	Paolo_Manghi
OhJ_2014	MET0181	HV07	skin	NA	control	healthy	NA	adult	male	USA	no	IlluminaHiSeq	Qiagen	25279917	219911916	22211103516	101	101	SRR1623209;SRR1623210;SRR1623211;SRR1623212;SRR1623213;SRR1623214	Paolo_Manghi
OhJ_2014	MET0182	HV07	skin	NA	control	healthy	NA	adult	male	USA	no	IlluminaHiSeq	Qiagen	25279917	64603244	6524927644	101	101	SRR1623215;SRR1623216;SRR1623217;SRR1623218;SRR1623219;SRR1623220;SRR1623221;SRR1623222;SRR1623223	Paolo_Manghi
OhJ_2014	MET0183	HV07	skin	NA	control	healthy	NA	adult	male	USA	no	IlluminaHiSeq	Qiagen	25279917	112880	11400880	101	101	SRR1623224;SRR1623225;SRR1623226;SRR1623227;SRR1623228;SRR1623229;SRR1623230;SRR1623231;SRR1623232	Paolo_Manghi
OhJ_2014	MET0184	HV07	skin	NA	control	healthy	NA	adult	male	USA	no	IlluminaHiSeq	Qiagen	25279917	4831344	487965744	101	101	SRR1624794;SRR1624793;SRR1624792;SRR1624791;SRR1624790;SRR1624789;SRR1624788;SRR1624787;SRR1624786	Paolo_Manghi
OhJ_2014	MET0185	HV07	skin	NA	control	healthy	NA	adult	male	USA	no	IlluminaHiSeq	Qiagen	25279917	3415454	344960854	101	101	SRR1624795;SRR1624796;SRR1624797;SRR1624798;SRR1624799;SRR1624800;SRR1624801;SRR1624802;SRR1624803	Paolo_Manghi
OhJ_2014	MET0186	HV07	skin	NA	control	healthy	NA	adult	male	USA	no	IlluminaHiSeq	Qiagen	25279917	3436908	347127708	101	101	SRR1624804;SRR1624805;SRR1624806;SRR1624807;SRR1624808;SRR1624809	Paolo_Manghi
OhJ_2014	MET0187	HV07	skin	NA	control	healthy	NA	adult	male	USA	no	IlluminaHiSeq	Qiagen	25279917	2453586	247812186	101	101	SRR1624810;SRR1624811;SRR1624812;SRR1624813;SRR1624814;SRR1624815;SRR1624816;SRR1624817;SRR1624818	Paolo_Manghi
OhJ_2014	MET0188	HV07	skin	NA	control	healthy	NA	adult	male	USA	no	IlluminaHiSeq	Qiagen	25279917	31866792	3218545992	101	101	SRR1624819;SRR1624820;SRR1624821;SRR1624822;SRR1624823;SRR1624824;SRR1624825;SRR1624826;SRR1624827	Paolo_Manghi
OhJ_2014	MET0189	HV07	skin	NA	control	healthy	NA	adult	male	USA	no	IlluminaHiSeq	Qiagen	25279917	30997148	3130711948	101	101	SRR1624836;SRR1624835;SRR1624834;SRR1624833;SRR1624832;SRR1624831;SRR1624830;SRR1624829;SRR1624828	Paolo_Manghi
OhJ_2014	MET0190	HV07	skin	NA	control	healthy	NA	adult	male	USA	no	IlluminaHiSeq	Qiagen	25279917	17555422	1773097622	101	101	SRR1624837;SRR1624838;SRR1624839;SRR1624840;SRR1624841;SRR1624842;SRR1624843;SRR1624844;SRR1624845	Paolo_Manghi
OhJ_2014	MET0191	HV07	skin	NA	control	healthy	NA	adult	male	USA	no	IlluminaHiSeq	Qiagen	25279917	8017730	809790730	101	101	SRR1624846;SRR1624847;SRR1624848;SRR1624849;SRR1624850;SRR1624851;SRR1624852;SRR1624853;SRR1624854	Paolo_Manghi
OhJ_2014	MET0192	HV07	skin	NA	control	healthy	NA	adult	male	USA	no	IlluminaHiSeq	Qiagen	25279917	112609680	11373577680	101	101	SRR1624855;SRR1624856;SRR1624857;SRR1624858;SRR1624859;SRR1624860;SRR1624861;SRR1624862;SRR1624863	Paolo_Manghi
OhJ_2014	MET0193	HV07	skin	NA	control	healthy	NA	adult	male	USA	no	IlluminaHiSeq	Qiagen	25279917	50582894	5108872294	101	101	SRR1624864;SRR1624865;SRR1624866;SRR1624867;SRR1624868;SRR1624869;SRR1624870;SRR1624871;SRR1624872	Paolo_Manghi
OhJ_2014	MET0194	HV07	skin	NA	control	healthy	NA	adult	male	USA	no	IlluminaHiSeq	Qiagen	25279917	85641000	8649741000	101	101	SRR1630934;SRR1630935;SRR1630936;SRR1630937;SRR1630938;SRR1630939;SRR1630940;SRR1630941;SRR1630942	Paolo_Manghi
OhJ_2014	MET0195	HV07	skin	NA	control	healthy	NA	adult	male	USA	no	IlluminaHiSeq	Qiagen	25279917	10214214	1031635614	101	101	SRR1630951;SRR1630950;SRR1630949;SRR1630948;SRR1630947;SRR1630946;SRR1630945;SRR1630944;SRR1630943	Paolo_Manghi
OhJ_2014	MET0196	HV07	skin	NA	control	healthy	NA	adult	male	USA	no	IlluminaHiSeq	Qiagen	25279917	85997376	8685734976	101	101	SRR1630952;SRR1630953;SRR1630954;SRR1630955;SRR1630956;SRR1630957;SRR1630958;SRR1630959;SRR1630960	Paolo_Manghi
OhJ_2014	MET0197	HV07	skin	NA	control	healthy	NA	adult	male	USA	no	IlluminaHiSeq	Qiagen	25279917	20221598	2042381398	101	101	SRR1630961;SRR1630962;SRR1630963;SRR1630964;SRR1630965;SRR1630966;SRR1630967;SRR1630968;SRR1630969	Paolo_Manghi
OhJ_2014	MET0198	HV07	skin	NA	control	healthy	NA	adult	male	USA	no	IlluminaHiSeq	Qiagen	25279917	9359280	945287280	101	101	SRR1630970;SRR1630971;SRR1630972;SRR1630973;SRR1630974;SRR1630975;SRR1630976;SRR1630977;SRR1630978	Paolo_Manghi
OhJ_2014	MET0199	HV07	skin	NA	control	healthy	NA	adult	male	USA	no	IlluminaHiSeq	Qiagen	25279917	22781204	2300901604	101	101	SRR1630985;SRR1630984;SRR1630983;SRR1630982;SRR1630981;SRR1630980;SRR1630979;SRR1630987;SRR1630986	Paolo_Manghi
OhJ_2014	MET0200	BAYLOR_MOCK	skin	NA	control	healthy	NA	adult	NA	USA	no	IlluminaHiSeq	Qiagen	25279917	82549460	8337495460	101	101	SRR1630988;SRR1630989;SRR1630990;SRR1630991;SRR1630992;SRR1630993;SRR1630994;SRR1630995;SRR1630996	Paolo_Manghi
OhJ_2014	MET0201	BROAD_MOCK	skin	NA	control	healthy	NA	adult	NA	USA	no	IlluminaHiSeq	Qiagen	25279917	3948592	398807792	101	101	SRR1631005;SRR1631004;SRR1631003;SRR1631002;SRR1631001;SRR1631000;SRR1630999;SRR1630998;SRR1630997	Paolo_Manghi
OhJ_2014	MET0202	HV09	skin	NA	control	healthy	NA	adult	male	USA	no	IlluminaHiSeq	Qiagen	25279917	21849566	2206806166	101	101	SRR1631006;SRR1631007;SRR1631008;SRR1631009;SRR1631010;SRR1631011	Paolo_Manghi
OhJ_2014	MET0203	HV09	skin	NA	control	healthy	NA	adult	male	USA	no	IlluminaHiSeq	Qiagen	25279917	13809854	1394795254	101	101	SRR1631017;SRR1631016;SRR1631015;SRR1631014;SRR1631013;SRR1631012	Paolo_Manghi
OhJ_2014	MET0204	HV09	skin	NA	control	healthy	NA	adult	male	USA	no	IlluminaHiSeq	Qiagen	25279917	7332152	740547352	101	101	SRR1631030;SRR1631031;SRR1631032;SRR1631033;SRR1631034;SRR1631035	Paolo_Manghi
OhJ_2014	MET0205	HV09	skin	NA	control	healthy	NA	adult	male	USA	no	IlluminaHiSeq	Qiagen	25279917	212992	21512192	101	101	SRR1631036;SRR1631037;SRR1631038;SRR1631039;SRR1631040;SRR1631041	Paolo_Manghi
OhJ_2014	MET0206	HV09	skin	NA	control	healthy	NA	adult	male	USA	no	IlluminaHiSeq	Qiagen	25279917	17399808	1757380608	101	101	SRR1631055;SRR1631054;SRR1631053;SRR1631052;SRR1631051;SRR1631050;SRR1631049;SRR1631048;SRR1631047;SRR1631046;SRR1631045;SRR1631044;SRR1631043;SRR1631042	Paolo_Manghi
OhJ_2014	MET0207	HV09	skin	NA	control	healthy	NA	adult	male	USA	no	IlluminaHiSeq	Qiagen	25279917	198929590	20091888590	101	101	SRR1631056;SRR1631057;SRR1631058;SRR1631059;SRR1631060;SRR1631061;SRR1631062;SRR1631063;SRR1631064;SRR1631065;SRR1631066;SRR1631067;SRR1631068;SRR1631069	Paolo_Manghi
OhJ_2014	MET0208	HV09	skin	NA	control	healthy	NA	adult	male	USA	no	IlluminaHiSeq	Qiagen	25279917	74476160	7522092160	101	101	SRR1631070;SRR1631071;SRR1631072;SRR1631073;SRR1631074;SRR1631075;SRR1631076;SRR1631077;SRR1631078;SRR1631079;SRR1631080;SRR1631081;SRR1631082;SRR1631083	Paolo_Manghi
OhJ_2014	MET0209	HV09	skin	NA	control	healthy	NA	adult	male	USA	no	IlluminaHiSeq	Qiagen	25279917	32805560	3313361560	101	101	SRR1631086;SRR1631087;SRR1631088;SRR1631089;SRR1631090;SRR1631085;SRR1631084	Paolo_Manghi
OhJ_2014	MET0210	HV09	skin	NA	control	healthy	NA	adult	male	USA	no	IlluminaHiSeq	Qiagen	25279917	46627008	4709327808	101	101	SRR1631094;SRR1631095;SRR1631096;SRR1631093;SRR1631092;SRR1631091	Paolo_Manghi
OhJ_2014	MET0211	HV09	skin	NA	control	healthy	NA	adult	male	USA	no	IlluminaHiSeq	Qiagen	25279917	16300330	1646333330	101	101	SRR1631102;SRR1631101;SRR1631100;SRR1631099;SRR1631098;SRR1631097	Paolo_Manghi
OhJ_2014	MET0212	HV09	skin	NA	control	healthy	NA	adult	male	USA	no	IlluminaHiSeq	Qiagen	25279917	47725058	4820230858	101	101	SRR1631103;SRR1631104;SRR1631105;SRR1631106;SRR1631107;SRR1631108	Paolo_Manghi
OhJ_2014	MET0213	HV09	skin	NA	control	healthy	NA	adult	male	USA	no	IlluminaHiSeq	Qiagen	25279917	30669276	3097596876	101	101	SRR1631109;SRR1631110;SRR1631111;SRR1631112;SRR1631113;SRR1631114	Paolo_Manghi
OhJ_2014	MET0214	HV09	skin	NA	control	healthy	NA	adult	male	USA	no	IlluminaHiSeq	Qiagen	25279917	38056932	3843750132	101	101	SRR1631244;SRR1631245;SRR1631246;SRR1631247;SRR1631248;SRR1631249	Paolo_Manghi
OhJ_2014	MET0215	HV09	skin	NA	control	healthy	NA	adult	male	USA	no	IlluminaHiSeq	Qiagen	25279917	14146934	1428840334	101	101	SRR1631250;SRR1631251;SRR1631252;SRR1631253;SRR1631254;SRR1631255	Paolo_Manghi
OhJ_2014	MET0216	HV09	skin	NA	control	healthy	NA	adult	male	USA	no	IlluminaHiSeq	Qiagen	25279917	33080378	3341118178	101	101	SRR1631256;SRR1631257;SRR1631258;SRR1631259;SRR1631260;SRR1631261	Paolo_Manghi
OhJ_2014	MET0217	HV09	skin	NA	control	healthy	NA	adult	male	USA	no	IlluminaHiSeq	Qiagen	25279917	148826340	15031460340	101	101	SRR1631262;SRR1631263;SRR1631264;SRR1631265;SRR1631266;SRR1631267;SRR1631268;SRR1631269;SRR1631270;SRR1631271;SRR1631272;SRR1631273;SRR1631274;SRR1631275	Paolo_Manghi
OhJ_2014	MET0218	HV09	skin	NA	control	healthy	NA	adult	male	USA	no	IlluminaHiSeq	Qiagen	25279917	12893444	1302237844	101	101	SRR1631276;SRR1631277;SRR1631278;SRR1631279;SRR1631280;SRR1631281	Paolo_Manghi
OhJ_2014	MET0219	HV10	skin	NA	control	healthy	NA	adult	male	USA	no	IlluminaHiSeq	Qiagen	25279917	32426070	3275033070	101	101	SRR1631285;SRR1631286;SRR1631287;SRR1631284;SRR1631283;SRR1631282	Paolo_Manghi
OhJ_2014	MET0220	HV10	skin	NA	control	healthy	NA	adult	male	USA	no	IlluminaHiSeq	Qiagen	25279917	9151634	924315034	101	101	SRR1631293;SRR1631292;SRR1631291;SRR1631290;SRR1631289;SRR1631288	Paolo_Manghi
OhJ_2014	MET0221	HV10	skin	NA	control	healthy	NA	adult	male	USA	no	IlluminaHiSeq	Qiagen	25279917	12453380	1257791380	101	101	SRR1631300;SRR1631299;SRR1631298;SRR1631297;SRR1631296;SRR1631295;SRR1631294	Paolo_Manghi
OhJ_2014	MET0222	HV10	skin	NA	control	healthy	NA	adult	male	USA	no	IlluminaHiSeq	Qiagen	25279917	6879162	694795362	101	101	SRR1631307;SRR1631306;SRR1631305;SRR1631304;SRR1631303;SRR1631302;SRR1631301	Paolo_Manghi
OhJ_2014	MET0223	HV10	skin	NA	control	healthy	NA	adult	male	USA	no	IlluminaHiSeq	Qiagen	25279917	151404048	15291808848	101	101	SRR1631308;SRR1631309;SRR1631310;SRR1631311;SRR1631312;SRR1631313;SRR1631314;SRR1631315;SRR1631316;SRR1631317;SRR1631318;SRR1631319;SRR1631320;SRR1631321	Paolo_Manghi
OhJ_2014	MET0224	HV10	skin	NA	control	healthy	NA	adult	male	USA	no	IlluminaHiSeq	Qiagen	25279917	56929540	5749883540	101	101	SRR1631336;SRR1631337;SRR1631338;SRR1631339	Paolo_Manghi
OhJ_2014	MET0225	HV10	skin	NA	control	healthy	NA	adult	male	USA	no	IlluminaHiSeq	Qiagen	25279917	39930478	4032978278	101	101	SRR1631353;SRR1631352;SRR1631351;SRR1631342;SRR1631341;SRR1631340;SRR1631350;SRR1631349;SRR1631348;SRR1631347;SRR1631346;SRR1631345;SRR1631344;SRR1631343	Paolo_Manghi
OhJ_2014	MET0226	HV10	skin	NA	control	healthy	NA	adult	male	USA	no	IlluminaHiSeq	Qiagen	25279917	12927250	1305652250	101	101	SRR1631354;SRR1631355;SRR1631356;SRR1631357;SRR1631358;SRR1631359	Paolo_Manghi
OhJ_2014	MET0227	HV10	skin	NA	control	healthy	NA	adult	male	USA	no	IlluminaHiSeq	Qiagen	25279917	15237380	1538975380	101	101	SRR1631360;SRR1631361;SRR1631362;SRR1631363;SRR1631364;SRR1631365	Paolo_Manghi
OhJ_2014	MET0228	HV10	skin	NA	control	healthy	NA	adult	male	USA	no	IlluminaHiSeq	Qiagen	25279917	10916720	1102588720	101	101	SRR1631366;SRR1631367;SRR1631368;SRR1631369;SRR1631370;SRR1631371	Paolo_Manghi
OhJ_2014	MET0229	HV10	skin	NA	control	healthy	NA	adult	male	USA	no	IlluminaHiSeq	Qiagen	25279917	20805772	2101382972	101	101	SRR1631372;SRR1631373;SRR1631374;SRR1631375;SRR1631376;SRR1631377	Paolo_Manghi
OhJ_2014	MET0230	HV10	skin	NA	control	healthy	NA	adult	male	USA	no	IlluminaHiSeq	Qiagen	25279917	5143886	519532486	101	101	SRR1631378;SRR1631379;SRR1631380;SRR1631381;SRR1631382;SRR1631383;SRR1631384	Paolo_Manghi
OhJ_2014	MET0231	HV10	skin	NA	control	healthy	NA	adult	male	USA	no	IlluminaHiSeq	Qiagen	25279917	13750730	1388823730	101	101	SRR1631385;SRR1631386;SRR1631387;SRR1631388;SRR1631389;SRR1631390	Paolo_Manghi
OhJ_2014	MET0232	HV10	skin	NA	control	healthy	NA	adult	male	USA	no	IlluminaHiSeq	Qiagen	25279917	26742936	2701036536	101	101	SRR1631391;SRR1631392;SRR1631393;SRR1631394;SRR1631395;SRR1631396	Paolo_Manghi
OhJ_2014	MET0233	HV10	skin	NA	control	healthy	NA	adult	male	USA	no	IlluminaHiSeq	Qiagen	25279917	12704200	1283124200	101	101	SRR1631402;SRR1631401;SRR1631400;SRR1631399;SRR1631398;SRR1631397	Paolo_Manghi
OhJ_2014	MET0234	HV10	skin	NA	control	healthy	NA	adult	male	USA	no	IlluminaHiSeq	Qiagen	25279917	46505444	4697049844	101	101	SRR1631434;SRR1631435;SRR1631436;SRR1631437;SRR1631438;SRR1631439;SRR1631440;SRR1631441;SRR1631442;SRR1631443;SRR1631444;SRR1631445;SRR1631446;SRR1631447	Paolo_Manghi
OhJ_2014	MET0235	HV10	skin	NA	control	healthy	NA	adult	male	USA	no	IlluminaHiSeq	Qiagen	25279917	4783812	483165012	101	101	SRR1631448;SRR1631449;SRR1631450;SRR1631451;SRR1631452;SRR1631453;SRR1631454	Paolo_Manghi
OhJ_2014	MET0236	HV11	skin	NA	control	healthy	NA	adult	female	USA	no	IlluminaHiSeq	Qiagen	25279917	4268734	431142134	101	101	SRR1631461;SRR1631460;SRR1631459;SRR1631458;SRR1631457;SRR1631456;SRR1631455	Paolo_Manghi
OhJ_2014	MET0237	HV11	skin	NA	control	healthy	NA	adult	female	USA	no	IlluminaHiSeq	Qiagen	25279917	7650562	772706762	101	101	SRR1631462;SRR1631463;SRR1631464;SRR1631465;SRR1631466;SRR1631467	Paolo_Manghi
OhJ_2014	MET0238	HV11	skin	NA	control	healthy	NA	adult	female	USA	no	IlluminaHiSeq	Qiagen	25279917	8991852	908177052	101	101	SRR1631468;SRR1631469;SRR1631470;SRR1631471;SRR1631472;SRR1631473	Paolo_Manghi
OhJ_2014	MET0239	HV11	skin	NA	control	healthy	NA	adult	female	USA	no	IlluminaHiSeq	Qiagen	25279917	11077244	1118801644	101	101	SRR1631474;SRR1631475;SRR1631476;SRR1631477;SRR1631478;SRR1631479	Paolo_Manghi
OhJ_2014	MET0240	HV11	skin	NA	control	healthy	NA	adult	female	USA	no	IlluminaHiSeq	Qiagen	25279917	71122944	7183417344	101	101	SRR1631483;SRR1631482;SRR1631481;SRR1631480	Paolo_Manghi
OhJ_2014	MET0241	HV11	skin	NA	control	healthy	NA	adult	female	USA	no	IlluminaHiSeq	Qiagen	25279917	45057008	4550757808	101	101	SRR1631484;SRR1631485;SRR1631486;SRR1631487	Paolo_Manghi
OhJ_2014	MET0243	HV11	skin	NA	control	healthy	NA	adult	female	USA	no	IlluminaHiSeq	Qiagen	25279917	30452162	3075668362	101	101	SRR1631488;SRR1631489;SRR1631490;SRR1631491;SRR1631492;SRR1631493	Paolo_Manghi
OhJ_2014	MET0244	HV11	skin	NA	control	healthy	NA	adult	female	USA	no	IlluminaHiSeq	Qiagen	25279917	33543374	3387880774	101	101	SRR1631494;SRR1631495;SRR1631496;SRR1631497;SRR1631498;SRR1631499	Paolo_Manghi
OhJ_2014	MET0245	HV11	skin	NA	control	healthy	NA	adult	female	USA	no	IlluminaHiSeq	Qiagen	25279917	5981218	604103018	101	101	SRR1631500;SRR1631501;SRR1631502;SRR1631503;SRR1631504;SRR1631505	Paolo_Manghi
OhJ_2014	MET0246	HV11	skin	NA	control	healthy	NA	adult	female	USA	no	IlluminaHiSeq	Qiagen	25279917	24407022	2465109222	101	101	SRR1631511;SRR1631510;SRR1631509;SRR1631508;SRR1631507;SRR1631506	Paolo_Manghi
OhJ_2014	MET0247	HV11	skin	NA	control	healthy	NA	adult	female	USA	no	IlluminaHiSeq	Qiagen	25279917	6177520	623929520	101	101	SRR1631517;SRR1631516;SRR1631515;SRR1631514;SRR1631513;SRR1631512	Paolo_Manghi
OhJ_2014	MET0248	HV11	skin	NA	control	healthy	NA	adult	female	USA	no	IlluminaHiSeq	Qiagen	25279917	35034352	3538469552	101	101	SRR1631518;SRR1631519;SRR1631520;SRR1631521;SRR1631522;SRR1631523;SRR1631524	Paolo_Manghi
OhJ_2014	MET0249	HV11	skin	NA	control	healthy	NA	adult	female	USA	no	IlluminaHiSeq	Qiagen	25279917	24464880	2470952880	101	101	SRR1631525;SRR1631526;SRR1631527;SRR1631528;SRR1631529;SRR1631530	Paolo_Manghi
OhJ_2014	MET0250	HV11	skin	NA	control	healthy	NA	adult	female	USA	no	IlluminaHiSeq	Qiagen	25279917	33458156	3379273756	101	101	SRR1631536;SRR1631535;SRR1631534;SRR1631533;SRR1631532;SRR1631531	Paolo_Manghi
OhJ_2014	MET0251	HV11	skin	NA	control	healthy	NA	adult	female	USA	no	IlluminaHiSeq	Qiagen	25279917	128268510	12955119510	101	101	SRR1631537;SRR1631538;SRR1631539;SRR1631540;SRR1631541;SRR1631542;SRR1631543;SRR1631544;SRR1631545;SRR1631546;SRR1631547;SRR1631548;SRR1631549;SRR1631550	Paolo_Manghi
OhJ_2014	MET0252	HV11	skin	NA	control	healthy	NA	adult	female	USA	no	IlluminaHiSeq	Qiagen	25279917	1366250	137991250	101	101	SRR1631551;SRR1631552;SRR1631553;SRR1631554;SRR1631555;SRR1631556	Paolo_Manghi
OhJ_2014	MET0253	HV12	skin	NA	control	healthy	NA	adult	male	USA	no	IlluminaHiSeq	Qiagen	25279917	7913472	799260672	101	101	SRR1631557;SRR1631558;SRR1631559;SRR1631560	Paolo_Manghi
OhJ_2014	MET0254	HV12	skin	NA	control	healthy	NA	adult	male	USA	no	IlluminaHiSeq	Qiagen	25279917	11861592	1198020792	101	101	SRR1631561;SRR1631562;SRR1631563;SRR1631564;SRR1631565;SRR1631566	Paolo_Manghi
OhJ_2014	MET0255	HV12	skin	NA	control	healthy	NA	adult	male	USA	no	IlluminaHiSeq	Qiagen	25279917	31535696	3185105296	101	101	SRR1631666;SRR1631665;SRR1631664;SRR1631663;SRR1631662;SRR1631661;SRR1631660	Paolo_Manghi
OhJ_2014	MET0256	HV12	skin	NA	control	healthy	NA	adult	male	USA	no	IlluminaHiSeq	Qiagen	25279917	5847796	590627396	101	101	SRR1631667;SRR1631668;SRR1631669;SRR1631670;SRR1631671;SRR1631672	Paolo_Manghi
OhJ_2014	MET0257	HV12	skin	NA	control	healthy	NA	adult	male	USA	no	IlluminaHiSeq	Qiagen	25279917	12227392	1234966592	101	101	SRR1631673;SRR1631674;SRR1631675;SRR1631676;SRR1631677;SRR1631678	Paolo_Manghi
OhJ_2014	MET0258	HV12	skin	NA	control	healthy	NA	adult	male	USA	no	IlluminaHiSeq	Qiagen	25279917	8822712	891093912	101	101	SRR1631685;SRR1631684;SRR1631683;SRR1631682;SRR1631681;SRR1631680;SRR1631679	Paolo_Manghi
OhJ_2014	MET0259	HV12	skin	NA	control	healthy	NA	adult	male	USA	no	IlluminaHiSeq	Qiagen	25279917	193601336	19553734936	101	101	SRR1631699;SRR1631698;SRR1631697;SRR1631696;SRR1631695;SRR1631694;SRR1631693;SRR1631692;SRR1631691;SRR1631690;SRR1631689;SRR1631688;SRR1631687;SRR1631686	Paolo_Manghi
OhJ_2014	MET0260	HV12	skin	NA	control	healthy	NA	adult	male	USA	no	IlluminaHiSeq	Qiagen	25279917	4507474	455254874	101	101	SRR1631705;SRR1631704;SRR1631703;SRR1631702;SRR1631701;SRR1631700	Paolo_Manghi
OhJ_2014	MET0261	HV12	skin	NA	control	healthy	NA	adult	male	USA	no	IlluminaHiSeq	Qiagen	25279917	20051122	2025163322	101	101	SRR1631706;SRR1631707;SRR1631708;SRR1631709	Paolo_Manghi
OhJ_2014	MET0262	HV12	skin	NA	control	healthy	NA	adult	male	USA	no	IlluminaHiSeq	Qiagen	25279917	36419810	3678400810	101	101	SRR1631710;SRR1631711;SRR1631712;SRR1631713;SRR1631714;SRR1631715	Paolo_Manghi
OhJ_2014	MET0263	HV12	skin	NA	control	healthy	NA	adult	male	USA	no	IlluminaHiSeq	Qiagen	25279917	2970552	300025752	101	101	SRR1631716;SRR1631717;SRR1631718;SRR1631719;SRR1631720;SRR1631721	Paolo_Manghi
OhJ_2014	MET0264	HV12	skin	NA	control	healthy	NA	adult	male	USA	no	IlluminaHiSeq	Qiagen	25279917	30916712	3122587912	101	101	SRR1631722;SRR1631723;SRR1631724;SRR1631725	Paolo_Manghi
OhJ_2014	MET0265	HV12	skin	NA	control	healthy	NA	adult	male	USA	no	IlluminaHiSeq	Qiagen	25279917	29801142	3009915342	101	101	SRR1632296;SRR1632297;SRR1632298;SRR1632299;SRR1632300;SRR1632301	Paolo_Manghi
OhJ_2014	MET0266	HV12	skin	NA	control	healthy	NA	adult	male	USA	no	IlluminaHiSeq	Qiagen	25279917	9864612	996325812	101	101	SRR1632302;SRR1632303;SRR1632304;SRR1632305;SRR1632306;SRR1632307	Paolo_Manghi
OhJ_2014	MET0267	HV12	skin	NA	control	healthy	NA	adult	male	USA	no	IlluminaHiSeq	Qiagen	25279917	29485782	2978063982	101	101	SRR1632313;SRR1632312;SRR1632311;SRR1632310;SRR1632309;SRR1632308	Paolo_Manghi
OhJ_2014	MET0268	HV12	skin	NA	control	healthy	NA	adult	male	USA	no	IlluminaHiSeq	Qiagen	25279917	42063822	4248446022	101	101	SRR1632320;SRR1632319;SRR1632318;SRR1632317;SRR1632316;SRR1632315;SRR1632314	Paolo_Manghi
OhJ_2014	MET0269	HV12	skin	NA	control	healthy	NA	adult	male	USA	no	IlluminaHiSeq	Qiagen	25279917	26520968	2678617768	101	101	SRR1632321;SRR1632322;SRR1632323;SRR1632324;SRR1632325;SRR1632326;SRR1632327	Paolo_Manghi
OhJ_2014	MET0270	HV13	skin	NA	control	healthy	NA	adult	male	USA	no	IlluminaHiSeq	Qiagen	25279917	53190978	5372288778	101	101	SRR1632328;SRR1632329;SRR1632330;SRR1632331	Paolo_Manghi
OhJ_2014	MET0271	HV13	skin	NA	control	healthy	NA	adult	male	USA	no	IlluminaHiSeq	Qiagen	25279917	6264570	632721570	101	101	SRR1632332;SRR1632333;SRR1632334;SRR1632335;SRR1632336;SRR1632337;SRR1632338	Paolo_Manghi
OhJ_2014	MET0272	HV13	skin	NA	control	healthy	NA	adult	male	USA	no	IlluminaHiSeq	Qiagen	25279917	24248814	2449130214	101	101	SRR1632339;SRR1632340;SRR1632341;SRR1632342;SRR1632343;SRR1632344;SRR1632345	Paolo_Manghi
OhJ_2014	MET0273	HV13	skin	NA	control	healthy	NA	adult	male	USA	no	IlluminaHiSeq	Qiagen	25279917	3638402	367478602	101	101	SRR1632346;SRR1632347;SRR1632348;SRR1632349;SRR1632350;SRR1632351	Paolo_Manghi
OhJ_2014	MET0274	HV13	skin	NA	control	healthy	NA	adult	male	USA	no	IlluminaHiSeq	Qiagen	25279917	4263906	430654506	101	101	SRR1632352;SRR1632353;SRR1632354;SRR1632355;SRR1632356;SRR1632357	Paolo_Manghi
OhJ_2014	MET0275	HV13	skin	NA	control	healthy	NA	adult	male	USA	no	IlluminaHiSeq	Qiagen	25279917	6856736	692530336	101	101	SRR1632358;SRR1632359;SRR1632360;SRR1632361;SRR1632362;SRR1632363;SRR1632364	Paolo_Manghi
OhJ_2014	MET0276	HV13	skin	NA	control	healthy	NA	adult	male	USA	no	IlluminaHiSeq	Qiagen	25279917	173234430	17496677430	101	101	SRR1632365;SRR1632366;SRR1632367;SRR1632368;SRR1632369;SRR1632370;SRR1632371;SRR1632372;SRR1632373;SRR1632374;SRR1632375;SRR1632376;SRR1632377;SRR1632378	Paolo_Manghi
OhJ_2014	MET0277	HV13	skin	NA	control	healthy	NA	adult	male	USA	no	IlluminaHiSeq	Qiagen	25279917	17059608	1723020408	101	101	SRR1632379;SRR1632380;SRR1632381;SRR1632382;SRR1632383;SRR1632384	Paolo_Manghi
OhJ_2014	MET0278	HV13	skin	NA	control	healthy	NA	adult	male	USA	no	IlluminaHiSeq	Qiagen	25279917	1212416	122454016	101	101	SRR1632388;SRR1632387;SRR1632386;SRR1632385	Paolo_Manghi
OhJ_2014	MET0279	HV13	skin	NA	control	healthy	NA	adult	male	USA	no	IlluminaHiSeq	Qiagen	25279917	16186442	1634830642	101	101	SRR1632394;SRR1632393;SRR1632392;SRR1632391;SRR1632390;SRR1632389	Paolo_Manghi
OhJ_2014	MET0280	HV13	skin	NA	control	healthy	NA	adult	male	USA	no	IlluminaHiSeq	Qiagen	25279917	9601514	969752914	101	101	SRR1632400;SRR1632399;SRR1632398;SRR1632397;SRR1632396;SRR1632395	Paolo_Manghi
OhJ_2014	MET0281	HV13	skin	NA	control	healthy	NA	adult	male	USA	no	IlluminaHiSeq	Qiagen	25279917	50189946	5069184546	101	101	SRR1632401;SRR1632402;SRR1632403;SRR1632404	Paolo_Manghi
OhJ_2014	MET0282	HV13	skin	NA	control	healthy	NA	adult	male	USA	no	IlluminaHiSeq	Qiagen	25279917	25815270	2607342270	101	101	SRR1632405;SRR1632406;SRR1632407;SRR1632408;SRR1632409;SRR1632410;SRR1632411	Paolo_Manghi
OhJ_2014	MET0283	HV13	skin	NA	control	healthy	NA	adult	male	USA	no	IlluminaHiSeq	Qiagen	25279917	3980006	401980606	101	101	SRR1632412;SRR1632413;SRR1632414;SRR1632415;SRR1632416;SRR1632417	Paolo_Manghi
OhJ_2014	MET0284	HV13	skin	NA	control	healthy	NA	adult	male	USA	no	IlluminaHiSeq	Qiagen	25279917	4791370	483928370	101	101	SRR1632422;SRR1632423;SRR1632421;SRR1632420;SRR1632419;SRR1632418	Paolo_Manghi
OhJ_2014	MET0285	HV13	skin	NA	control	healthy	NA	adult	male	USA	no	IlluminaHiSeq	Qiagen	25279917	31972722	3229244922	101	101	SRR1632430;SRR1632429;SRR1632428;SRR1632427;SRR1632426;SRR1632425	Paolo_Manghi
OhJ_2014	MET0286	HV13	skin	NA	control	healthy	NA	adult	male	USA	no	IlluminaHiSeq	Qiagen	25279917	24933038	2518236838	101	101	SRR1632431;SRR1632432;SRR1632433;SRR1632434;SRR1632435;SRR1632436	Paolo_Manghi
OhJ_2014	MET0287	HV14	skin	NA	control	healthy	NA	adult	male	USA	no	IlluminaHiSeq	Qiagen	25279917	206907386	20897645986	101	101	SRR1632437;SRR1632438;SRR1632439;SRR1632440;SRR1632441;SRR1632442;SRR1632443;SRR1632444;SRR1632445;SRR1632446;SRR1632447;SRR1632448;SRR1632449;SRR1632450	Paolo_Manghi
OhJ_2014	MET0288	HV14	skin	NA	control	healthy	NA	adult	male	USA	no	IlluminaHiSeq	Qiagen	25279917	23829046	2406733646	101	101	SRR1632456;SRR1632455;SRR1632454;SRR1632453;SRR1632452;SRR1632451	Paolo_Manghi
OhJ_2014	MET0289	HV14	skin	NA	control	healthy	NA	adult	male	USA	no	IlluminaHiSeq	Qiagen	25279917	80830662	8163896862	101	101	SRR1632457;SRR1632458;SRR1632459;SRR1632460;SRR1632461;SRR1632462	Paolo_Manghi
OhJ_2014	MET0290	HV14	skin	NA	control	healthy	NA	adult	male	USA	no	IlluminaHiSeq	Qiagen	25279917	18775590	1896334590	101	101	SRR1632468;SRR1632467;SRR1632466;SRR1632465;SRR1632464;SRR1632463	Paolo_Manghi
OhJ_2014	MET0291	HV14	skin	NA	control	healthy	NA	adult	male	USA	no	IlluminaHiSeq	Qiagen	25279917	6153278	621481078	101	101	SRR1632474;SRR1632473;SRR1632472;SRR1632471;SRR1632470;SRR1632469	Paolo_Manghi
OhJ_2014	MET0292	HV14	skin	NA	control	healthy	NA	adult	male	USA	no	IlluminaHiSeq	Qiagen	25279917	10788832	1089672032	101	101	SRR1632475;SRR1632476;SRR1632477;SRR1632478;SRR1632479;SRR1632480	Paolo_Manghi
OhJ_2014	MET0293	HV14	skin	NA	control	healthy	NA	adult	male	USA	no	IlluminaHiSeq	Qiagen	25279917	96809256	9777734856	101	101	SRR1632481;SRR1632482;SRR1632483;SRR1632484	Paolo_Manghi
OhJ_2014	MET0294	HV14	skin	NA	control	healthy	NA	adult	male	USA	no	IlluminaHiSeq	Qiagen	25279917	14660882	1480749082	101	101	SRR1632485;SRR1632486;SRR1632487;SRR1632488;SRR1632489;SRR1632490	Paolo_Manghi
OhJ_2014	MET0295	HV14	skin	NA	control	healthy	NA	adult	male	USA	no	IlluminaHiSeq	Qiagen	25279917	18232766	1841509366	101	101	SRR1632785;SRR1632786;SRR1632787;SRR1632788	Paolo_Manghi
OhJ_2014	MET0296	HV14	skin	NA	control	healthy	NA	adult	male	USA	no	IlluminaHiSeq	Qiagen	25279917	29905456	3020451056	101	101	SRR1632789;SRR1632790;SRR1632791;SRR1632792;SRR1632793;SRR1632794	Paolo_Manghi
OhJ_2014	MET0297	HV14	skin	NA	control	healthy	NA	adult	male	USA	no	IlluminaHiSeq	Qiagen	25279917	27008472	2727855672	101	101	SRR1632795;SRR1632796;SRR1632797;SRR1632798;SRR1632799;SRR1632800;SRR1632801	Paolo_Manghi
OhJ_2014	MET0298	HV14	skin	NA	control	healthy	NA	adult	male	USA	no	IlluminaHiSeq	Qiagen	25279917	143143870	14457530870	101	101	SRR1632815;SRR1632814;SRR1632813;SRR1632812;SRR1632811;SRR1632810;SRR1632809;SRR1632808;SRR1632807;SRR1632806;SRR1632805;SRR1632804;SRR1632803;SRR1632802	Paolo_Manghi
OhJ_2014	MET0299	HV14	skin	NA	control	healthy	NA	adult	male	USA	no	IlluminaHiSeq	Qiagen	25279917	23772868	2401059668	101	101	SRR1632816;SRR1632817;SRR1632818;SRR1632819;SRR1632820;SRR1632821	Paolo_Manghi
OhJ_2014	MET0300	HV14	skin	NA	control	healthy	NA	adult	male	USA	no	IlluminaHiSeq	Qiagen	25279917	18041518	1822193318	101	101	SRR1632822;SRR1632823;SRR1632824;SRR1632825;SRR1632826;SRR1632827;SRR1632828	Paolo_Manghi
OhJ_2014	MET0301	HV14	skin	NA	control	healthy	NA	adult	male	USA	no	IlluminaHiSeq	Qiagen	25279917	1260172	127277372	101	101	SRR1632834;SRR1632833;SRR1632832;SRR1632831;SRR1632830;SRR1632829	Paolo_Manghi
OhJ_2014	MET0302	HV14	skin	NA	control	healthy	NA	adult	male	USA	no	IlluminaHiSeq	Qiagen	25279917	48484468	4896931268	101	101	SRR1632835;SRR1632836;SRR1632837;SRR1632838;SRR1632839;SRR1632840	Paolo_Manghi
OhJ_2014	MET0303	HV14	skin	NA	control	healthy	NA	adult	male	USA	no	IlluminaHiSeq	Qiagen	25279917	1818624	183681024	101	101	SRR1632841;SRR1632842;SRR1632843;SRR1632844;SRR1632845;SRR1632846;SRR1632847	Paolo_Manghi
OhJ_2014	MET0304	HV15	skin	NA	control	healthy	NA	adult	female	USA	no	IlluminaHiSeq	Qiagen	25279917	184207414	18604948814	101	101	SRR1632848;SRR1632849;SRR1632850;SRR1632851;SRR1632852;SRR1632853;SRR1632854;SRR1632855;SRR1632856;SRR1632857;SRR1632858;SRR1632859;SRR1632860;SRR1632861	Paolo_Manghi
OhJ_2014	MET0305	HV15	skin	NA	control	healthy	NA	adult	female	USA	no	IlluminaHiSeq	Qiagen	25279917	6512248	657737048	101	101	SRR1632977;SRR1632978;SRR1632979;SRR1632980;SRR1632981;SRR1632982	Paolo_Manghi
OhJ_2014	MET0306	HV15	skin	NA	control	healthy	NA	adult	female	USA	no	IlluminaHiSeq	Qiagen	25279917	41246624	4165909024	101	101	SRR1632988;SRR1632987;SRR1632986;SRR1632985;SRR1632984;SRR1632983	Paolo_Manghi
OhJ_2014	MET0307	HV15	skin	NA	control	healthy	NA	adult	female	USA	no	IlluminaHiSeq	Qiagen	25279917	2796400	282436400	101	101	SRR1632994;SRR1632993;SRR1632992;SRR1632991;SRR1632990;SRR1632989	Paolo_Manghi
OhJ_2014	MET0308	HV15	skin	NA	control	healthy	NA	adult	female	USA	no	IlluminaHiSeq	Qiagen	25279917	26369916	2663361516	101	101	SRR1632995;SRR1632996;SRR1632997;SRR1632998;SRR1632999;SRR1633000	Paolo_Manghi
OhJ_2014	MET0309	HV15	skin	NA	control	healthy	NA	adult	female	USA	no	IlluminaHiSeq	Qiagen	25279917	18182898	1836472698	101	101	SRR1633006;SRR1633005;SRR1633004;SRR1633003;SRR1633002;SRR1633001	Paolo_Manghi
OhJ_2014	MET0310	HV15	skin	NA	control	healthy	NA	adult	female	USA	no	IlluminaHiSeq	Qiagen	25279917	96945674	9791513074	101	101	SRR1633010;SRR1633009;SRR1633008;SRR1633007	Paolo_Manghi
OhJ_2014	MET0311	HV15	skin	NA	control	healthy	NA	adult	female	USA	no	IlluminaHiSeq	Qiagen	25279917	14326046	1446930646	101	101	SRR1633011;SRR1633012;SRR1633013;SRR1633014;SRR1633015;SRR1633016	Paolo_Manghi
OhJ_2014	MET0312	HV15	skin	NA	control	healthy	NA	adult	female	USA	no	IlluminaHiSeq	Qiagen	25279917	67060326	6773092926	101	101	SRR1633020;SRR1633019;SRR1633018;SRR1633017	Paolo_Manghi
OhJ_2014	MET0313	HV15	skin	NA	control	healthy	NA	adult	female	USA	no	IlluminaHiSeq	Qiagen	25279917	50988948	5149883748	101	101	SRR1633021;SRR1633022;SRR1633023;SRR1633024;SRR1633025;SRR1633026	Paolo_Manghi
OhJ_2014	MET0314	HV15	skin	NA	control	healthy	NA	adult	female	USA	no	IlluminaHiSeq	Qiagen	25279917	42988744	4341863144	101	101	SRR1633033;SRR1633032;SRR1633031;SRR1633030;SRR1633029;SRR1633028;SRR1633027	Paolo_Manghi
OhJ_2014	MET0315	HV15	skin	NA	control	healthy	NA	adult	female	USA	no	IlluminaHiSeq	Qiagen	25279917	225358406	22761199006	101	101	SRR1633146;SRR1633145;SRR1633144;SRR1633143;SRR1633142;SRR1633141;SRR1633140;SRR1633139;SRR1633138;SRR1633137;SRR1633136;SRR1633135;SRR1633134;SRR1633133	Paolo_Manghi
OhJ_2014	MET0316	HV15	skin	NA	control	healthy	NA	adult	female	USA	no	IlluminaHiSeq	Qiagen	25279917	38397788	3878176588	101	101	SRR1633147;SRR1633148;SRR1633149;SRR1633150;SRR1633151;SRR1633152	Paolo_Manghi
OhJ_2014	MET0317	HV15	skin	NA	control	healthy	NA	adult	female	USA	no	IlluminaHiSeq	Qiagen	25279917	5849682	590817882	101	101	SRR1633158;SRR1633157;SRR1633156;SRR1633155;SRR1633154;SRR1633153	Paolo_Manghi
OhJ_2014	MET0318	HV15	skin	NA	control	healthy	NA	adult	female	USA	no	IlluminaHiSeq	Qiagen	25279917	28423130	2870736130	101	101	SRR1633162;SRR1633161;SRR1633160;SRR1633159;SRR1633165;SRR1633164;SRR1633163	Paolo_Manghi
OhJ_2014	MET0319	HV15	skin	NA	control	healthy	NA	adult	female	USA	no	IlluminaHiSeq	Qiagen	25279917	28782318	2907014118	101	101	SRR1633170;SRR1633169;SRR1633168;SRR1633167;SRR1633166;SRR1633171	Paolo_Manghi
OhJ_2014	MET0320	HV15	skin	NA	control	healthy	NA	adult	female	USA	no	IlluminaHiSeq	Qiagen	25279917	24891610	2514052610	101	101	SRR1633177;SRR1633176;SRR1633175;SRR1633174;SRR1633173;SRR1633172	Paolo_Manghi
