study_name	sample_id	subject_id	body_site	antibiotics_current_use	study_condition	disease	age	infant_age	age_category	gender	country	location	non_westernized	days_from_first_collection	sequencing_platform	PMID	number_reads	number_bases	minimum_read_length	median_read_length	NCBI_accession	curator
PehrssonE_2016	SID01B_221	SID01B	stool	NA	control	healthy	64	NA	adult	male	PER	Lima_periurban_shantytown	yes	208	IlluminaNextSeq	27172044	2056260	291964649	40	142	SRR2938595;SRR2938310	Giacomo_DAmato
PehrssonE_2016	SID01A_220	SID01A	stool	NA	control	healthy	57	NA	adult	female	PER	Lima_periurban_shantytown	yes	208	IlluminaNextSeq	27172044	1949860	276845040	74	142	SRR2938594;SRR2938309	Giacomo_DAmato
PehrssonE_2016	SID09E_519	SID09E	stool	NA	control	healthy	5	NA	child	female	PER	Lima_periurban_shantytown	yes	NA	IlluminaHiSeq	27172044	6077614	849700012	36	142	SRR2938551;SRR2938266	Giacomo_DAmato
PehrssonE_2016	SID09D_518	SID09D	stool	NA	control	healthy	9	NA	child	male	PER	Lima_periurban_shantytown	yes	NA	IlluminaHiSeq	27172044	4950702	691821399	36	142	SRR2938550;SRR2938265	Giacomo_DAmato
PehrssonE_2016	SID09C_517	SID09C	stool	NA	control	healthy	13	NA	schoolage	male	PER	Lima_periurban_shantytown	yes	NA	IlluminaHiSeq	27172044	7674568	1073516860	36	142	SRR2938549;SRR2938264	Giacomo_DAmato
PehrssonE_2016	SID09B_516	SID09B	stool	NA	control	healthy	37	NA	adult	female	PER	Lima_periurban_shantytown	yes	NA	IlluminaHiSeq	27172044	15081788	2109919922	36	142	SRR2938548;SRR2938263	Giacomo_DAmato
PehrssonE_2016	SID09A_515	SID09A	stool	NA	control	healthy	40	NA	adult	male	PER	Lima_periurban_shantytown	yes	NA	IlluminaHiSeq	27172044	13284850	1860749383	36	142	SRR2938547;SRR2938262	Giacomo_DAmato
PehrssonE_2016	SID08K_560	SID08K	stool	NA	control	healthy	3	NA	child	male	PER	Lima_periurban_shantytown	yes	247	IlluminaHiSeq	27172044	6665498	932232007	36	142	SRR2938546;SRR2938261	Giacomo_DAmato
PehrssonE_2016	SID08I_545	SID08I	stool	NA	control	healthy	27	NA	adult	female	PER	Lima_periurban_shantytown	yes	249	IlluminaHiSeq	27172044	6311282	882616821	36	142	SRR2938545;SRR2938260	Giacomo_DAmato
PehrssonE_2016	SID08D_572	SID08D	stool	NA	control	healthy	20	NA	adult	male	PER	Lima_periurban_shantytown	yes	238	IlluminaHiSeq	27172044	6128663	856779878	36	142	SRR2938544;SRR2938259	Giacomo_DAmato
PehrssonE_2016	SID07E_559	SID07E	stool	NA	control	healthy	4	NA	child	male	PER	Lima_periurban_shantytown	yes	NA	IlluminaHiSeq	27172044	9476573	1322796118	36	142	SRR2938543;SRR2938258	Giacomo_DAmato
PehrssonE_2016	SID07D_542	SID07D	stool	NA	control	healthy	2	NA	child	female	PER	Lima_periurban_shantytown	yes	NA	IlluminaHiSeq	27172044	4213178	588931349	36	142	SRR2938542;SRR2938257	Giacomo_DAmato
PehrssonE_2016	SID07C_541	SID07C	stool	NA	control	healthy	44	NA	adult	male	PER	Lima_periurban_shantytown	yes	NA	IlluminaHiSeq	27172044	9905057	1384860242	36	142	SRR2938541;SRR2938256	Giacomo_DAmato
PehrssonE_2016	SID07A_558	SID07A	stool	NA	control	healthy	41	NA	adult	female	PER	Lima_periurban_shantytown	yes	NA	IlluminaHiSeq	27172044	11091375	1551902700	36	142	SRR2938540;SRR2938255	Giacomo_DAmato
PehrssonE_2016	SID04E_563	SID04E	stool	NA	control	healthy	47	NA	adult	male	PER	Lima_periurban_shantytown	yes	NA	IlluminaHiSeq	27172044	12340625	1727565807	36	142	SRR2938539;SRR2938254	Giacomo_DAmato
PehrssonE_2016	SID04D_562	SID04D	stool	NA	control	healthy	50	NA	adult	female	PER	Lima_periurban_shantytown	yes	NA	IlluminaHiSeq	27172044	9053583	1269427019	36	142	SRR2938538;SRR2938253	Giacomo_DAmato
PehrssonE_2016	SID04C_565	SID04C	stool	NA	control	healthy	4	NA	child	female	PER	Lima_periurban_shantytown	yes	NA	IlluminaHiSeq	27172044	4556092	636677311	36	142	SRR2938537;SRR2938252	Giacomo_DAmato
PehrssonE_2016	SID04B_564	SID04B	stool	NA	control	healthy	18	NA	schoolage	female	PER	Lima_periurban_shantytown	yes	NA	IlluminaHiSeq	27172044	8956432	1253737861	36	142	SRR2938536;SRR2938251	Giacomo_DAmato
PehrssonE_2016	SID02C_553	SID02C	stool	NA	control	healthy	0	0	newborn	male	PER	Lima_periurban_shantytown	yes	NA	IlluminaHiSeq	27172044	17648845	2468597940	36	142	SRR2938535;SRR2938250	Giacomo_DAmato
PehrssonE_2016	SID02B_552	SID02B	stool	NA	control	healthy	9	NA	child	male	PER	Lima_periurban_shantytown	yes	NA	IlluminaHiSeq	27172044	11027973	1545410000	36	142	SRR2938534;SRR2938249	Giacomo_DAmato
PehrssonE_2016	SID02A_561	SID02A	stool	NA	control	healthy	34	NA	adult	female	PER	Lima_periurban_shantytown	yes	NA	IlluminaHiSeq	27172044	3414323	478107359	36	142	SRR2938533;SRR2938248	Giacomo_DAmato
PehrssonE_2016	SID01I_569	SID01I	stool	NA	control	healthy	33	NA	adult	male	PER	Lima_periurban_shantytown	yes	255	IlluminaHiSeq	27172044	14933904	2093148654	36	142	SRR2938532;SRR2938247	Giacomo_DAmato
PehrssonE_2016	SID01H_568	SID01H	stool	NA	control	healthy	28	NA	adult	female	PER	Lima_periurban_shantytown	yes	256	IlluminaHiSeq	27172044	16143176	2260904293	36	142	SRR2938531;SRR2938246	Giacomo_DAmato
PehrssonE_2016	SID01F_573	SID01F	stool	NA	control	healthy	31	NA	adult	male	PER	Lima_periurban_shantytown	yes	159	IlluminaHiSeq	27172044	12989973	1817233988	36	142	SRR2938530;SRR2938245	Giacomo_DAmato
PehrssonE_2016	SID01D_570	SID01D	stool	NA	control	healthy	33	NA	adult	male	PER	Lima_periurban_shantytown	yes	257	IlluminaHiSeq	27172044	11710708	1640567131	36	142	SRR2938529;SRR2938244	Giacomo_DAmato
PehrssonE_2016	SID01C_566	SID01C	stool	NA	control	healthy	32	NA	adult	female	PER	Lima_periurban_shantytown	yes	161	IlluminaHiSeq	27172044	16559474	2321973326	36	142	SRR2938528;SRR2938243	Giacomo_DAmato
PehrssonE_2016	SID08H_000	SID08H	stool	NA	control	healthy	8	NA	child	male	PER	Lima_periurban_shantytown	yes	0	IlluminaHiSeq	27172044	3421004	478094216	36	142	SRR2938527;SRR2938242	Giacomo_DAmato
PehrssonE_2016	SID08G_000	SID08G	stool	NA	control	healthy	11	NA	child	male	PER	Lima_periurban_shantytown	yes	0	IlluminaHiSeq	27172044	4231788	592352048	36	142	SRR2938526;SRR2938241	Giacomo_DAmato
PehrssonE_2016	SID08F_000	SID08F	stool	NA	control	healthy	13	NA	schoolage	male	PER	Lima_periurban_shantytown	yes	0	IlluminaHiSeq	27172044	7889021	1103743984	36	142	SRR2938525;SRR2938240	Giacomo_DAmato
PehrssonE_2016	SID08E_000	SID08E	stool	NA	control	healthy	15	NA	schoolage	female	PER	Lima_periurban_shantytown	yes	0	IlluminaHiSeq	27172044	5626036	788140933	36	142	SRR2938524;SRR2938239	Giacomo_DAmato
PehrssonE_2016	SID08A_000	SID08A	stool	NA	control	healthy	49	NA	adult	female	PER	Lima_periurban_shantytown	yes	0	IlluminaHiSeq	27172044	7618204	1067217566	36	142	SRR2938523;SRR2938238	Giacomo_DAmato
PehrssonE_2016	SID05D_000	SID05D	stool	NA	control	healthy	21	NA	adult	male	PER	Lima_periurban_shantytown	yes	NA	IlluminaHiSeq	27172044	6379130	891950111	36	142	SRR2938521;SRR2938236	Giacomo_DAmato
PehrssonE_2016	SID05C_000	SID05C	stool	NA	control	healthy	7	NA	child	female	PER	Lima_periurban_shantytown	yes	NA	IlluminaHiSeq	27172044	7547697	1053877653	36	142	SRR2938520;SRR2938235	Giacomo_DAmato
PehrssonE_2016	SID05B_000	SID05B	stool	NA	control	healthy	44	NA	adult	male	PER	Lima_periurban_shantytown	yes	NA	IlluminaHiSeq	27172044	3546269	496799469	36	142	SRR2938519;SRR2938234	Giacomo_DAmato
PehrssonE_2016	SID05A_000	SID05A	stool	NA	control	healthy	46	NA	adult	female	PER	Lima_periurban_shantytown	yes	NA	IlluminaHiSeq	27172044	9402510	1316377268	36	142	SRR2938518;SRR2938233	Giacomo_DAmato
PehrssonE_2016	SID03G_000	SID03G	stool	NA	control	healthy	3	NA	child	male	PER	Lima_periurban_shantytown	yes	NA	IlluminaHiSeq	27172044	10565226	1478494877	36	142	SRR2938516;SRR2938231	Giacomo_DAmato
PehrssonE_2016	SID03F_000	SID03F	stool	NA	control	healthy	20	NA	adult	female	PER	Lima_periurban_shantytown	yes	NA	IlluminaHiSeq	27172044	7556141	1057872194	36	142	SRR2938515;SRR2938230	Giacomo_DAmato
PehrssonE_2016	SID03E_000	SID03E	stool	NA	control	healthy	29	NA	adult	female	PER	Lima_periurban_shantytown	yes	NA	IlluminaHiSeq	27172044	4389689	614708070	36	142	SRR2938514;SRR2938229	Giacomo_DAmato
PehrssonE_2016	SID03D_000	SID03D	stool	NA	control	healthy	8	NA	child	male	PER	Lima_periurban_shantytown	yes	NA	IlluminaHiSeq	27172044	95552551	339447745	36	142	SRR2938513;SRR2938228	Giacomo_DAmato
PehrssonE_2016	SID03C_000	SID03C	stool	NA	control	healthy	19	NA	adult	male	PER	Lima_periurban_shantytown	yes	NA	IlluminaHiSeq	27172044	10264850	1440166465	36	142	SRR2938512;SRR2938227	Giacomo_DAmato
PehrssonE_2016	SID03B_000	SID03B	stool	NA	control	healthy	58	NA	adult	female	PER	Lima_periurban_shantytown	yes	NA	IlluminaHiSeq	27172044	12616895	1769957514	36	142	SRR2938511;SRR2938226	Giacomo_DAmato
PehrssonE_2016	SID03A_000	SID03A	stool	NA	control	healthy	67	NA	senior	male	PER	Lima_periurban_shantytown	yes	NA	IlluminaHiSeq	27172044	10115438	1417651330	36	142	SRR2938510;SRR2938225	Giacomo_DAmato
PehrssonE_2016	SID01G_000	SID01G	stool	NA	control	healthy	2	NA	child	female	PER	Lima_periurban_shantytown	yes	0	IlluminaHiSeq	27172044	24609819	3442979471	36	142	SRR2938509;SRR2938224	Giacomo_DAmato
PehrssonE_2016	SID01E_000	SID01E	stool	NA	control	healthy	31	NA	adult	female	PER	Lima_periurban_shantytown	yes	0	IlluminaHiSeq	27172044	10580246	1481827250	36	142	SRR2938508;SRR2938223	Giacomo_DAmato
PehrssonE_2016	SID01B_000	SID01B	stool	NA	control	healthy	64	NA	adult	male	PER	Lima_periurban_shantytown	yes	0	IlluminaHiSeq	27172044	11532512	1618405854	36	142	SRR2938507;SRR2938222	Giacomo_DAmato
PehrssonE_2016	SID01A_000	SID01A	stool	NA	control	healthy	56	NA	adult	female	PER	Lima_periurban_shantytown	yes	0	IlluminaHiSeq	27172044	6998580	979592446	36	142	SRR2938506;SRR2938221	Giacomo_DAmato
PehrssonE_2016	SID250704	SID25_7	stool	NA	control	healthy	3	NA	child	male	SLV	rural_village	yes	372	IlluminaHiSeq	27172044	11744838	1656428136	36	142	SRR2938501;SRR2938216	Giacomo_DAmato
PehrssonE_2016	SID250702	SID25_7	stool	NA	control	healthy	2	NA	child	male	SLV	rural_village	yes	7	IlluminaHiSeq	27172044	5096527	718962017	36	142	SRR2938500;SRR2938215	Giacomo_DAmato
PehrssonE_2016	SID250701	SID25_7	stool	NA	control	healthy	2	NA	child	male	SLV	rural_village	yes	0	IlluminaHiSeq	27172044	7397970	1041709181	36	142	SRR2938499;SRR2938214	Giacomo_DAmato
PehrssonE_2016	SID250502	SID25_5	stool	NA	control	healthy	22	NA	adult	male	SLV	rural_village	yes	7	IlluminaHiSeq	27172044	17667032	2492642265	36	142	SRR2938498;SRR2938213	Giacomo_DAmato
PehrssonE_2016	SID250501	SID25_5	stool	NA	control	healthy	22	NA	adult	male	SLV	rural_village	yes	0	IlluminaHiSeq	27172044	15116519	2133942796	36	142	SRR2938497;SRR2938212	Giacomo_DAmato
PehrssonE_2016	SID250301	SID25_3	stool	NA	control	healthy	19	NA	adult	female	SLV	rural_village	yes	NA	IlluminaHiSeq	27172044	8662051	1221516862	36	142	SRR2938496;SRR2938211	Giacomo_DAmato
PehrssonE_2016	SID250104	SID25_1	stool	NA	control	healthy	56	NA	adult	female	SLV	rural_village	yes	372	IlluminaHiSeq	27172044	11729348	1651074711	36	142	SRR2938495;SRR2938210	Giacomo_DAmato
PehrssonE_2016	SID250102	SID25_1	stool	NA	control	healthy	55	NA	adult	female	SLV	rural_village	yes	7	IlluminaHiSeq	27172044	8549112	1205186882	36	142	SRR2938494;SRR2938209	Giacomo_DAmato
PehrssonE_2016	SID250101	SID25_1	stool	NA	control	healthy	55	NA	adult	female	SLV	rural_village	yes	0	IlluminaHiSeq	27172044	16573269	2336464429	36	142	SRR2938493;SRR2938208	Giacomo_DAmato
PehrssonE_2016	SID240402	SID24_4	stool	NA	control	healthy	84	NA	senior	female	SLV	rural_village	yes	7	IlluminaHiSeq	27172044	16337193	2303002439	36	142	SRR2938492;SRR2938207	Giacomo_DAmato
PehrssonE_2016	SID240401	SID24_4	stool	NA	control	healthy	84	NA	senior	female	SLV	rural_village	yes	0	IlluminaHiSeq	27172044	4042195	568609806	36	142	SRR2938491;SRR2938206	Giacomo_DAmato
PehrssonE_2016	SID240304	SID24_3	stool	NA	control	healthy	16	NA	schoolage	male	SLV	rural_village	yes	372	IlluminaHiSeq	27172044	9879312	1392304309	36	142	SRR2938490;SRR2938205	Giacomo_DAmato
PehrssonE_2016	SID240302	SID24_3	stool	NA	control	healthy	15	NA	schoolage	male	SLV	rural_village	yes	7	IlluminaHiSeq	27172044	5536044	780919576	36	142	SRR2938489;SRR2938204	Giacomo_DAmato
PehrssonE_2016	SID240301	SID24_3	stool	NA	control	healthy	15	NA	schoolage	male	SLV	rural_village	yes	0	IlluminaHiSeq	27172044	7344580	1036048500	36	142	SRR2938488;SRR2938203	Giacomo_DAmato
PehrssonE_2016	SID240202	SID24_2	stool	NA	control	healthy	44	NA	adult	female	SLV	rural_village	yes	7	IlluminaHiSeq	27172044	6942627	978858587	36	142	SRR2938487;SRR2938202	Giacomo_DAmato
PehrssonE_2016	SID240201	SID24_2	stool	NA	control	healthy	44	NA	adult	female	SLV	rural_village	yes	0	IlluminaHiSeq	27172044	18903532	2664582594	36	142	SRR2938486;SRR2938201	Giacomo_DAmato
PehrssonE_2016	SID240104	SID24_1	stool	NA	control	healthy	56	NA	adult	female	SLV	rural_village	yes	372	IlluminaHiSeq	27172044	15293783	2158500876	36	142	SRR2938485;SRR2938200	Giacomo_DAmato
PehrssonE_2016	SID240102	SID24_1	stool	NA	control	healthy	55	NA	adult	female	SLV	rural_village	yes	7	IlluminaHiSeq	27172044	9628782	1358127976	36	142	SRR2938484;SRR2938199	Giacomo_DAmato
PehrssonE_2016	SID210204	SID21_2	stool	NA	control	healthy	76	NA	senior	male	SLV	rural_village	yes	372	IlluminaHiSeq	27172044	8841421	1246061607	36	142	SRR2938483;SRR2938198	Giacomo_DAmato
PehrssonE_2016	SID240101	SID24_1	stool	NA	control	healthy	55	NA	adult	female	SLV	rural_village	yes	0	IlluminaHiSeq	27172044	13864100	1957387374	36	142	SRR2938482;SRR2938197	Giacomo_DAmato
PehrssonE_2016	SID210404	SID21_4	stool	NA	control	healthy	1	440	child	male	SLV	rural_village	yes	372	IlluminaHiSeq	27172044	8233549	1160656441	36	142	SRR2938481;SRR2937625	Giacomo_DAmato
PehrssonE_2016	SID210402	SID21_4	stool	NA	control	healthy	0	75	newborn	male	SLV	rural_village	yes	7	IlluminaHiSeq	27172044	13955304	1957951809	36	142	SRR2938480;SRR2937624	Giacomo_DAmato
PehrssonE_2016	SID210401	SID21_4	stool	NA	control	healthy	0	75	newborn	male	SLV	rural_village	yes	0	IlluminaHiSeq	27172044	22315698	3131330889	36	142	SRR2938479;SRR2937623	Giacomo_DAmato
PehrssonE_2016	SID210304	SID21_3	stool	NA	control	healthy	27	NA	adult	female	SLV	rural_village	yes	372	IlluminaHiSeq	27172044	12842964	1806999928	36	142	SRR2938478;SRR2937622	Giacomo_DAmato
PehrssonE_2016	SID210302	SID21_3	stool	NA	control	healthy	26	NA	adult	female	SLV	rural_village	yes	7	IlluminaHiSeq	27172044	8590296	1210038298	36	142	SRR2938477;SRR2937621	Giacomo_DAmato
PehrssonE_2016	SID210301	SID21_3	stool	NA	control	healthy	26	NA	adult	female	SLV	rural_village	yes	0	IlluminaHiSeq	27172044	15732297	2216895270	36	142	SRR2938476;SRR2937620	Giacomo_DAmato
PehrssonE_2016	SID210201	SID21_2	stool	NA	control	healthy	75	NA	senior	male	SLV	rural_village	yes	0	IlluminaHiSeq	27172044	8720309	1226847600	36	142	SRR2938475;SRR2937619	Giacomo_DAmato
PehrssonE_2016	SID210104	SID21_1	stool	NA	control	healthy	56	NA	adult	female	SLV	rural_village	yes	372	IlluminaHiSeq	27172044	12951686	1820843240	36	142	SRR2938474;SRR2938196	Giacomo_DAmato
PehrssonE_2016	SID210102	SID21_1	stool	NA	control	healthy	55	NA	adult	female	SLV	rural_village	yes	7	IlluminaHiSeq	27172044	13802384	1947218912	36	142	SRR2938473;SRR2938195	Giacomo_DAmato
PehrssonE_2016	SID210101	SID21_1	stool	NA	control	healthy	55	NA	adult	female	SLV	rural_village	yes	0	IlluminaHiSeq	27172044	13761936	1939596231	36	142	SRR2938472;SRR2938194	Giacomo_DAmato
PehrssonE_2016	SID190104	SID19_1	stool	NA	control	healthy	58	NA	adult	male	SLV	rural_village	yes	372	IlluminaHiSeq	27172044	10489144	1479667197	36	142	SRR2938471;SRR2938193	Giacomo_DAmato
PehrssonE_2016	SID190101	SID19_1	stool	NA	control	healthy	57	NA	adult	male	SLV	rural_village	yes	0	IlluminaHiSeq	27172044	16049407	2264308654	36	142	SRR2938470;SRR2938192	Giacomo_DAmato
PehrssonE_2016	SID140304	SID14_3	stool	NA	control	healthy	27	NA	adult	male	SLV	rural_village	yes	372	IlluminaHiSeq	27172044	4005061	564946370	36	142	SRR2938469;SRR2938191	Giacomo_DAmato
PehrssonE_2016	SID140302	SID14_3	stool	NA	control	healthy	26	NA	adult	male	SLV	rural_village	yes	7	IlluminaHiSeq	27172044	9155055	1283033533	36	142	SRR2938468;SRR2938190	Giacomo_DAmato
PehrssonE_2016	SID140301	SID14_3	stool	NA	control	healthy	26	NA	adult	male	SLV	rural_village	yes	0	IlluminaHiSeq	27172044	9141306	1287342767	36	142	SRR2938467;SRR2938189	Giacomo_DAmato
PehrssonE_2016	SID140202	SID14_2	stool	NA	control	healthy	24	NA	adult	female	SLV	rural_village	yes	7	IlluminaHiSeq	27172044	7937377	1116257591	36	142	SRR2938466;SRR2938188	Giacomo_DAmato
PehrssonE_2016	SID140201	SID14_2	stool	NA	control	healthy	24	NA	adult	female	SLV	rural_village	yes	0	IlluminaHiSeq	27172044	6129429	863659892	36	142	SRR2938465;SRR2938187	Giacomo_DAmato
PehrssonE_2016	SID140104	SID14_1	stool	NA	control	healthy	2	NA	child	NA	SLV	rural_village	yes	372	IlluminaHiSeq	27172044	6002316	845982176	36	142	SRR2938464;SRR2938186	Giacomo_DAmato
PehrssonE_2016	SID140102	SID14_1	stool	NA	control	healthy	1	440	child	NA	SLV	rural_village	yes	7	IlluminaHiSeq	27172044	8944481	1258442861	36	142	SRR2938463;SRR2938185	Giacomo_DAmato
PehrssonE_2016	SID140101	SID14_1	stool	NA	control	healthy	1	440	child	NA	SLV	rural_village	yes	0	IlluminaHiSeq	27172044	9441007	1327407027	36	142	SRR2938462;SRR2938184	Giacomo_DAmato
PehrssonE_2016	SID100404	SID10_4	stool	NA	control	healthy	6	NA	child	female	SLV	rural_village	yes	372	IlluminaHiSeq	27172044	14489885	2044630718	36	142	SRR2938461;SRR2938183	Giacomo_DAmato
PehrssonE_2016	SID100402	SID10_4	stool	NA	control	healthy	5	NA	child	female	SLV	rural_village	yes	7	IlluminaHiSeq	27172044	9497077	1338190554	36	142	SRR2938460;SRR2938182	Giacomo_DAmato
PehrssonE_2016	SID100401	SID10_4	stool	NA	control	healthy	5	NA	child	female	SLV	rural_village	yes	0	IlluminaHiSeq	27172044	10973004	1548886811	36	142	SRR2938459;SRR2938181	Giacomo_DAmato
PehrssonE_2016	SID100304	SID10_3	stool	NA	control	healthy	4	NA	child	female	SLV	rural_village	yes	372	IlluminaHiSeq	27172044	7656207	1064015594	36	142	SRR2938458;SRR2938180	Giacomo_DAmato
PehrssonE_2016	SID100302	SID10_3	stool	NA	control	healthy	3	NA	child	female	SLV	rural_village	yes	7	IlluminaHiSeq	27172044	4164526	578050034	36	142	SRR2938457;SRR2938179	Giacomo_DAmato
PehrssonE_2016	SID100301	SID10_3	stool	NA	control	healthy	3	NA	child	female	SLV	rural_village	yes	0	IlluminaHiSeq	27172044	13365374	1860151579	36	142	SRR2938456;SRR2938178	Giacomo_DAmato
PehrssonE_2016	SID100204	SID10_2	stool	NA	control	healthy	23	NA	adult	female	SLV	rural_village	yes	372	IlluminaHiSeq	27172044	7409352	1029107788	36	142	SRR2938455;SRR2938177	Giacomo_DAmato
PehrssonE_2016	SID100202	SID10_2	stool	NA	control	healthy	22	NA	adult	female	SLV	rural_village	yes	7	IlluminaHiSeq	27172044	5138536	710947332	36	142	SRR2938454;SRR2938176	Giacomo_DAmato
PehrssonE_2016	SID100201	SID10_2	stool	NA	control	healthy	22	NA	adult	female	SLV	rural_village	yes	0	IlluminaHiSeq	27172044	7681582	1067765794	36	142	SRR2938453;SRR2938175	Giacomo_DAmato
PehrssonE_2016	SID090201	SID9_2	stool	NA	control	healthy	64	NA	adult	male	SLV	rural_village	yes	NA	IlluminaHiSeq	27172044	9467255	1319597678	36	142	SRR2938452;SRR2938174	Giacomo_DAmato
PehrssonE_2016	SID090102	SID9_1	stool	NA	control	healthy	57	NA	adult	female	SLV	rural_village	yes	7	IlluminaHiSeq	27172044	5534001	766299024	36	142	SRR2938451;SRR2938173	Giacomo_DAmato
PehrssonE_2016	SID090101	SID9_1	stool	NA	control	healthy	57	NA	adult	female	SLV	rural_village	yes	0	IlluminaHiSeq	27172044	3500548	485010555	36	142	SRR2938450;SRR2938172	Giacomo_DAmato
PehrssonE_2016	SID080304	SID8_3	stool	NA	control	healthy	4	NA	child	female	SLV	rural_village	yes	372	IlluminaHiSeq	27172044	7078535	985725118	36	142	SRR2938449;SRR2938171	Giacomo_DAmato
PehrssonE_2016	SID080302	SID8_3	stool	NA	control	healthy	3	NA	child	female	SLV	rural_village	yes	7	IlluminaHiSeq	27172044	8224426	1143713485	36	142	SRR2938448;SRR2938170	Giacomo_DAmato
PehrssonE_2016	SID080301	SID8_3	stool	NA	control	healthy	3	NA	child	female	SLV	rural_village	yes	0	IlluminaHiSeq	27172044	10887228	1497539604	36	142	SRR2938447;SRR2938169	Giacomo_DAmato
PehrssonE_2016	SID080104	SID8_1	stool	NA	control	healthy	30	NA	adult	female	SLV	rural_village	yes	372	IlluminaHiSeq	27172044	9586013	1326930236	36	142	SRR2938446;SRR2938168	Giacomo_DAmato
PehrssonE_2016	SID080102	SID8_1	stool	NA	control	healthy	29	NA	adult	female	SLV	rural_village	yes	7	IlluminaHiSeq	27172044	4487645	621571786	36	142	SRR2938445;SRR2938167	Giacomo_DAmato
PehrssonE_2016	SID080101	SID8_1	stool	NA	control	healthy	29	NA	adult	female	SLV	rural_village	yes	0	IlluminaHiSeq	27172044	10435312	1451439686	36	142	SRR2938444;SRR2938166	Giacomo_DAmato
PehrssonE_2016	SID060601	SID6_6	stool	NA	control	healthy	11	NA	child	male	SLV	rural_village	yes	0	IlluminaHiSeq	27172044	6360828	883893278	36	142	SRR2938443;SRR2938165	Giacomo_DAmato
PehrssonE_2016	SID060301	SID6_3	stool	NA	control	healthy	9	NA	child	female	SLV	rural_village	yes	0	IlluminaHiSeq	27172044	3680636	510328463	36	142	SRR2938442;SRR2938164	Giacomo_DAmato
PehrssonE_2016	SID060201	SID6_2	stool	NA	control	healthy	32	NA	adult	female	SLV	rural_village	yes	0	IlluminaHiSeq	27172044	8461101	1175037294	36	142	SRR2938441;SRR2938163	Giacomo_DAmato
PehrssonE_2016	SID030704	SID3_7	stool	NA	control	healthy	41	NA	adult	male	SLV	rural_village	yes	372	IlluminaHiSeq	27172044	5463708	760659588	36	142	SRR2938440;SRR2938162	Giacomo_DAmato
PehrssonE_2016	SID030702	SID3_7	stool	NA	control	healthy	40	NA	adult	male	SLV	rural_village	yes	7	IlluminaHiSeq	27172044	8998600	1246163439	36	142	SRR2938439;SRR2938161	Giacomo_DAmato
PehrssonE_2016	SID030604	SID3_6	stool	NA	control	healthy	12	NA	schoolage	female	SLV	rural_village	yes	372	IlluminaHiSeq	27172044	3587337	498097893	36	142	SRR2938438;SRR2938160	Giacomo_DAmato
PehrssonE_2016	SID030602	SID3_6	stool	NA	control	healthy	11	NA	child	female	SLV	rural_village	yes	7	IlluminaHiSeq	27172044	8530735	1186204909	36	142	SRR2938437;SRR2938159	Giacomo_DAmato
PehrssonE_2016	SID030504	SID3_5	stool	NA	control	healthy	6	NA	child	female	SLV	rural_village	yes	365	IlluminaHiSeq	27172044	8348431	1163036285	36	142	SRR2938436;SRR2938158	Giacomo_DAmato
PehrssonE_2016	SID030204	SID3_2	stool	NA	control	healthy	4	NA	child	male	SLV	rural_village	yes	372	IlluminaHiSeq	27172044	8514897	1182220444	36	142	SRR2938435;SRR2938157	Giacomo_DAmato
PehrssonE_2016	SID030202	SID3_2	stool	NA	control	healthy	3	NA	child	male	SLV	rural_village	yes	7	IlluminaHiSeq	27172044	7750685	1073967809	36	142	SRR2938434;SRR2938156	Giacomo_DAmato
PehrssonE_2016	SID030104	SID3_1	stool	NA	control	healthy	44	NA	adult	female	SLV	rural_village	yes	372	IlluminaHiSeq	27172044	6073397	841811506	36	142	SRR2938433;SRR2938155	Giacomo_DAmato
PehrssonE_2016	SID030102	SID3_1	stool	NA	control	healthy	43	NA	adult	female	SLV	rural_village	yes	7	IlluminaHiSeq	27172044	16978264	2361341038	36	142	SRR2938432;SRR2938154	Giacomo_DAmato
PehrssonE_2016	SID020304	SID2_3	stool	NA	control	healthy	8	NA	child	male	SLV	rural_village	yes	372	IlluminaHiSeq	27172044	8896928	1231118170	36	142	SRR2938431;SRR2938153	Giacomo_DAmato
PehrssonE_2016	SID020302	SID2_3	stool	NA	control	healthy	7	NA	child	male	SLV	rural_village	yes	7	IlluminaHiSeq	27172044	11580047	1602175100	36	142	SRR2938430;SRR2938152	Giacomo_DAmato
PehrssonE_2016	SID020301	SID2_3	stool	NA	control	healthy	7	NA	child	male	SLV	rural_village	yes	0	IlluminaHiSeq	27172044	10197116	1417676639	36	142	SRR2938429;SRR2938151	Giacomo_DAmato
PehrssonE_2016	SID020204	SID2_2	stool	NA	control	healthy	5	NA	child	female	SLV	rural_village	yes	372	IlluminaHiSeq	27172044	10463413	1447453812	36	142	SRR2938428;SRR2938150	Giacomo_DAmato
PehrssonE_2016	SID020202	SID2_2	stool	NA	control	healthy	4	NA	child	female	SLV	rural_village	yes	7	IlluminaHiSeq	27172044	8864070	1225734791	36	142	SRR2938427;SRR2938149	Giacomo_DAmato
PehrssonE_2016	SID020201	SID2_2	stool	NA	control	healthy	4	NA	child	female	SLV	rural_village	yes	0	IlluminaHiSeq	27172044	9964706	1379750893	36	142	SRR2938426;SRR2938148	Giacomo_DAmato
PehrssonE_2016	SID020104	SID2_1	stool	NA	control	healthy	27	NA	adult	female	SLV	rural_village	yes	372	IlluminaHiSeq	27172044	7054974	978308765	36	142	SRR2938425;SRR2938147	Giacomo_DAmato
PehrssonE_2016	SID020102	SID2_1	stool	NA	control	healthy	26	NA	adult	female	SLV	rural_village	yes	7	IlluminaHiSeq	27172044	12141537	1681169552	36	142	SRR2938424;SRR2938146	Giacomo_DAmato
PehrssonE_2016	SID020101	SID2_1	stool	NA	control	healthy	26	NA	adult	female	SLV	rural_village	yes	0	IlluminaHiSeq	27172044	11148772	1522498777	36	142	SRR2938423;SRR2938145	Giacomo_DAmato
PehrssonE_2016	SID010404	SID1_4	stool	NA	control	healthy	31	NA	adult	male	SLV	rural_village	yes	372	IlluminaHiSeq	27172044	8200022	1133014048	36	142	SRR2938422;SRR2938144	Giacomo_DAmato
PehrssonE_2016	SID010402	SID1_4	stool	NA	control	healthy	30	NA	adult	male	SLV	rural_village	yes	7	IlluminaHiSeq	27172044	5742164	796139197	36	142	SRR2938421;SRR2938143	Giacomo_DAmato
PehrssonE_2016	SID010401	SID1_4	stool	NA	control	healthy	30	NA	adult	male	SLV	rural_village	yes	0	IlluminaHiSeq	27172044	15378512	2138962501	36	142	SRR2938420;SRR2938142	Giacomo_DAmato
PehrssonE_2016	SID010304	SID1_3	stool	NA	control	healthy	43	NA	adult	male	SLV	rural_village	yes	372	IlluminaHiSeq	27172044	7447988	1031315206	36	142	SRR2938419;SRR2938141	Giacomo_DAmato
PehrssonE_2016	SID010302	SID1_3	stool	NA	control	healthy	42	NA	adult	male	SLV	rural_village	yes	7	IlluminaHiSeq	27172044	9474946	1315314651	36	142	SRR2938418;SRR2938140	Giacomo_DAmato
PehrssonE_2016	SID010301	SID1_3	stool	NA	control	healthy	42	NA	adult	male	SLV	rural_village	yes	0	IlluminaHiSeq	27172044	10554738	1468745529	36	142	SRR2938417;SRR2938139	Giacomo_DAmato
PehrssonE_2016	SID010204	SID1_2	stool	NA	control	healthy	69	NA	senior	female	SLV	rural_village	yes	372	IlluminaHiSeq	27172044	4584373	633743689	36	142	SRR2938416;SRR2938138	Giacomo_DAmato
PehrssonE_2016	SID010202	SID1_2	stool	NA	control	healthy	68	NA	senior	female	SLV	rural_village	yes	7	IlluminaHiSeq	27172044	13483985	1864161359	36	142	SRR2938415;SRR2938137	Giacomo_DAmato
PehrssonE_2016	SID010201	SID1_2	stool	NA	control	healthy	68	NA	senior	female	SLV	rural_village	yes	0	IlluminaHiSeq	27172044	8263765	1145167092	36	142	SRR2938414;SRR2938136	Giacomo_DAmato
PehrssonE_2016	SID010104	SID1_1	stool	NA	control	healthy	74	NA	senior	male	SLV	rural_village	yes	372	IlluminaHiSeq	27172044	8641734	1194769718	36	142	SRR2938413;SRR2938135	Giacomo_DAmato
PehrssonE_2016	SID010102	SID1_1	stool	NA	control	healthy	73	NA	senior	male	SLV	rural_village	yes	7	IlluminaHiSeq	27172044	10865609	1505331601	36	142	SRR2938412;SRR2938134	Giacomo_DAmato
PehrssonE_2016	SID010101	SID1_1	stool	NA	control	healthy	73	NA	senior	male	SLV	rural_village	yes	0	IlluminaHiSeq	27172044	9135316	1266229408	36	142	SRR2938411;SRR2938133	Giacomo_DAmato
PehrssonE_2016	SID08K_237	SID08K	stool	NA	control	healthy	4	NA	child	male	PER	Lima_periurban_shantytown	yes	90	IlluminaHiSeq	27172044	9405039	1299417991	36	142	SRR2938402;SRR2938124	Giacomo_DAmato
PehrssonE_2016	SID08I_170	SID08I	stool	NA	control	healthy	27	NA	adult	female	PER	Lima_periurban_shantytown	yes	68	IlluminaHiSeq	27172044	24825531	3400160029	36	142	SRR2938401;SRR2938123	Giacomo_DAmato
PehrssonE_2016	SID08E_160	SID08E	stool	NA	control	healthy	16	NA	schoolage	female	PER	Lima_periurban_shantytown	yes	174	IlluminaHiSeq	27172044	26118681	3579255956	36	142	SRR2938400;SRR2938122	Giacomo_DAmato
PehrssonE_2016	SID08D_257	SID08D	stool	NA	control	healthy	21	NA	adult	male	PER	Lima_periurban_shantytown	yes	82	IlluminaHiSeq	27172044	16495370	2254328144	36	142	SRR2938399;SRR2938121	Giacomo_DAmato
PehrssonE_2016	SID08A_236	SID08A	stool	NA	control	healthy	50	NA	adult	female	PER	Lima_periurban_shantytown	yes	213	IlluminaHiSeq	27172044	12054641	1661775885	36	142	SRR2938398;SRR2938120	Giacomo_DAmato
PehrssonE_2016	SID01J_173	SID01J	stool	NA	control	healthy	3	NA	child	male	PER	Lima_periurban_shantytown	yes	71	IlluminaHiSeq	27172044	16765890	2275078243	36	142	SRR2938397;SRR2938119	Giacomo_DAmato
PehrssonE_2016	SID01H_202	SID01H	stool	NA	control	healthy	28	NA	adult	female	PER	Lima_periurban_shantytown	yes	82	IlluminaHiSeq	27172044	12945817	1767776794	36	142	SRR2938396;SRR2938118	Giacomo_DAmato
PehrssonE_2016	SID01G_234	SID01G	stool	NA	control	healthy	3	NA	child	female	PER	Lima_periurban_shantytown	yes	211	IlluminaHiSeq	27172044	13575294	1858954287	36	142	SRR2938395;SRR2938117	Giacomo_DAmato
PehrssonE_2016	SID01F_239	SID01F	stool	NA	control	healthy	30	NA	adult	male	PER	Lima_periurban_shantytown	yes	0	IlluminaHiSeq	27172044	8853260	1221966455	36	142	SRR2938394;SRR2938116	Giacomo_DAmato
PehrssonE_2016	SID01E_191	SID01E	stool	NA	control	healthy	32	NA	adult	female	PER	Lima_periurban_shantytown	yes	193	IlluminaHiSeq	27172044	7659013	1049662628	36	142	SRR2938393;SRR2938115	Giacomo_DAmato
PehrssonE_2016	SID01D_190	SID01D	stool	NA	control	healthy	32	NA	adult	male	PER	Lima_periurban_shantytown	yes	74	IlluminaHiSeq	27172044	8099568	1118724455	36	142	SRR2938392;SRR2938114	Giacomo_DAmato
PehrssonE_2016	SID01C_235	SID01C	stool	NA	control	healthy	32	NA	adult	female	PER	Lima_periurban_shantytown	yes	0	IlluminaHiSeq	27172044	6040113	823136178	36	142	SRR2938391;SRR2938113	Giacomo_DAmato
PehrssonE_2016	SID08K_032	SID08K	stool	NA	control	healthy	3	NA	child	male	PER	Lima_periurban_shantytown	yes	0	IlluminaHiSeq	27172044	5942985	814775232	36	142	SRR2938388;SRR2938110	Giacomo_DAmato
PehrssonE_2016	SID08J_078	SID08J	stool	NA	control	healthy	24	NA	adult	male	PER	Lima_periurban_shantytown	yes	NA	IlluminaHiSeq	27172044	4925559	678569796	36	142	SRR2938387;SRR2938109	Giacomo_DAmato
PehrssonE_2016	SID08I_009	SID08I	stool	NA	control	healthy	27	NA	adult	female	PER	Lima_periurban_shantytown	yes	0	IlluminaHiSeq	27172044	12871047	1775374322	36	142	SRR2938386;SRR2938108	Giacomo_DAmato
PehrssonE_2016	SID08H_008	SID08H	stool	NA	control	healthy	8	NA	child	male	PER	Lima_periurban_shantytown	yes	118	IlluminaHiSeq	27172044	11077697	1513173136	36	142	SRR2938385;SRR2938107	Giacomo_DAmato
PehrssonE_2016	SID08G_023	SID08G	stool	NA	control	healthy	11	NA	child	male	PER	Lima_periurban_shantytown	yes	120	IlluminaHiSeq	27172044	1444194	197828156	36	142	SRR2938384;SRR2938106	Giacomo_DAmato
PehrssonE_2016	SID08F_040	SID08F	stool	NA	control	healthy	13	NA	schoolage	male	PER	Lima_periurban_shantytown	yes	127	IlluminaHiSeq	27172044	1631450	226397672	36	142	SRR2938383;SRR2938105	Giacomo_DAmato
PehrssonE_2016	SID08E_041	SID08E	stool	NA	control	healthy	15	NA	schoolage	female	PER	Lima_periurban_shantytown	yes	128	IlluminaHiSeq	27172044	7131870	981625898	36	142	SRR2938382;SRR2938104	Giacomo_DAmato
PehrssonE_2016	SID08D_079	SID08D	stool	NA	control	healthy	20	NA	adult	male	PER	Lima_periurban_shantytown	yes	0	IlluminaHiSeq	27172044	3131749	416674154	36	142	SRR2938381;SRR2938103	Giacomo_DAmato
PehrssonE_2016	SID08C_021	SID08C	stool	NA	control	healthy	23	NA	adult	male	PER	Lima_periurban_shantytown	yes	NA	IlluminaHiSeq	27172044	3637657	474301017	36	142	SRR2938380;SRR2938102	Giacomo_DAmato
PehrssonE_2016	SID08B_044	SID08B	stool	NA	control	healthy	63	NA	adult	male	PER	Lima_periurban_shantytown	yes	NA	IlluminaHiSeq	27172044	7476471	1026459250	36	142	SRR2938379;SRR2938101	Giacomo_DAmato
PehrssonE_2016	SID08A_022	SID08A	stool	NA	control	healthy	49	NA	adult	female	PER	Lima_periurban_shantytown	yes	120	IlluminaHiSeq	27172044	17007613	2332481816	36	142	SRR2938378;SRR2938100	Giacomo_DAmato
PehrssonE_2016	SID060602	SID6_6	stool	NA	control	healthy	11	NA	child	male	SLV	rural_village	yes	7	IlluminaHiSeq	27172044	8631383	1193931471	36	142	SRR2938377;SRR2938099	Giacomo_DAmato
PehrssonE_2016	SID060402	SID6_4	stool	NA	control	healthy	5	NA	child	male	SLV	rural_village	yes	7	IlluminaHiSeq	27172044	11168463	1527791587	36	142	SRR2938376;SRR2938098	Giacomo_DAmato
PehrssonE_2016	SID060401	SID6_4	stool	NA	control	healthy	5	NA	child	male	SLV	rural_village	yes	0	IlluminaHiSeq	27172044	5961360	819485938	36	142	SRR2938375;SRR2938097	Giacomo_DAmato
PehrssonE_2016	SID060302	SID6_3	stool	NA	control	healthy	9	NA	child	female	SLV	rural_village	yes	7	IlluminaHiSeq	27172044	13406853	1806893819	36	142	SRR2938374;SRR2938096	Giacomo_DAmato
PehrssonE_2016	SID060102	SID6_1	stool	NA	control	healthy	33	NA	adult	male	SLV	rural_village	yes	7	IlluminaHiSeq	27172044	7311407	935377016	36	142	SRR2938373;SRR2938095	Giacomo_DAmato
PehrssonE_2016	SID060101	SID6_1	stool	NA	control	healthy	33	NA	adult	male	SLV	rural_village	yes	0	IlluminaHiSeq	27172044	6100406	836036623	36	142	SRR2938372;SRR2938094	Giacomo_DAmato
PehrssonE_2016	SID040303	SID4_3	stool	NA	control	healthy	77	NA	senior	male	SLV	rural_village	yes	21	IlluminaHiSeq	27172044	24407709	3351552621	36	142	SRR2938371;SRR2938093	Giacomo_DAmato
PehrssonE_2016	SID040301	SID4_3	stool	NA	control	healthy	77	NA	senior	male	SLV	rural_village	yes	0	IlluminaHiSeq	27172044	3274119	451122693	36	142	SRR2938370;SRR2938092	Giacomo_DAmato
PehrssonE_2016	SID040203	SID4_2	stool	NA	control	healthy	43	NA	adult	male	SLV	rural_village	yes	21	IlluminaHiSeq	27172044	11617073	1591142936	36	142	SRR2938369;SRR2938091	Giacomo_DAmato
PehrssonE_2016	SID040202	SID4_2	stool	NA	control	healthy	43	NA	adult	male	SLV	rural_village	yes	7	IlluminaHiSeq	27172044	1880439	258234432	36	142	SRR2938368;SRR2938090	Giacomo_DAmato
PehrssonE_2016	SID040201	SID4_2	stool	NA	control	healthy	43	NA	adult	male	SLV	rural_village	yes	0	IlluminaHiSeq	27172044	6834011	947904218	36	142	SRR2938367;SRR2938089	Giacomo_DAmato
PehrssonE_2016	SID040101	SID4_1	stool	NA	control	healthy	66	NA	senior	female	SLV	rural_village	yes	0	IlluminaHiSeq	27172044	9101353	1242085878	36	142	SRR2938366;SRR2938088	Giacomo_DAmato
PehrssonE_2016	SID030701	SID3_7	stool	NA	control	healthy	40	NA	adult	male	SLV	rural_village	yes	0	IlluminaHiSeq	27172044	3718425	510527910	36	142	SRR2938365;SRR2938087	Giacomo_DAmato
PehrssonE_2016	SID030601	SID3_6	stool	NA	control	healthy	11	NA	child	female	SLV	rural_village	yes	0	IlluminaHiSeq	27172044	13555923	1871557526	36	142	SRR2938364;SRR2938086	Giacomo_DAmato
PehrssonE_2016	SID030502	SID3_5	stool	NA	control	healthy	5	NA	child	female	SLV	rural_village	yes	0	IlluminaHiSeq	27172044	10522537	1435490528	36	142	SRR2938363;SRR2938085	Giacomo_DAmato
PehrssonE_2016	SID030301	SID3_3	stool	NA	control	healthy	12	NA	schoolage	female	SLV	rural_village	yes	NA	IlluminaHiSeq	27172044	4234122	582475102	36	142	SRR2938362;SRR2938084	Giacomo_DAmato
PehrssonE_2016	SID030201	SID3_2	stool	NA	control	healthy	3	NA	child	male	SLV	rural_village	yes	0	IlluminaHiSeq	27172044	8167934	1125355712	36	142	SRR2938361;SRR2938083	Giacomo_DAmato
PehrssonE_2016	SID030101	SID3_1	stool	NA	control	healthy	43	NA	adult	female	SLV	rural_village	yes	0	IlluminaHiSeq	27172044	8963160	1225515355	36	142	SRR2938360;SRR2938082	Giacomo_DAmato
PehrssonE_2016	SID01J_010	SID01J	stool	NA	control	healthy	2	NA	child	male	PER	Lima_periurban_shantytown	yes	0	IlluminaHiSeq	27172044	31303078	4330566979	36	142	SRR2938357;SRR2938079	Giacomo_DAmato
PehrssonE_2016	SID01I_012	SID01I	stool	NA	control	healthy	32	NA	adult	male	PER	Lima_periurban_shantytown	yes	0	IlluminaHiSeq	27172044	1474806	186573842	36	142	SRR2938356;SRR2938078	Giacomo_DAmato
PehrssonE_2016	SID01H_011	SID01H	stool	NA	control	healthy	28	NA	adult	female	PER	Lima_periurban_shantytown	yes	0	IlluminaHiSeq	27172044	12719015	1746692507	36	142	SRR2938355;SRR2938077	Giacomo_DAmato
PehrssonE_2016	SID01G_005	SID01G	stool	NA	control	healthy	2	NA	child	female	PER	Lima_periurban_shantytown	yes	126	IlluminaHiSeq	27172044	3528048	487615777	36	142	SRR2938354;SRR2938076	Giacomo_DAmato
PehrssonE_2016	SID01E_015	SID01E	stool	NA	control	healthy	31	NA	adult	female	PER	Lima_periurban_shantytown	yes	117	IlluminaHiSeq	27172044	4627770	633270752	36	142	SRR2938353;SRR2938075	Giacomo_DAmato
PehrssonE_2016	SID01D_013	SID01D	stool	NA	control	healthy	32	NA	adult	male	PER	Lima_periurban_shantytown	yes	0	IlluminaHiSeq	27172044	5585681	775915977	36	142	SRR2938352;SRR2938074	Giacomo_DAmato
PehrssonE_2016	SID01B_007	SID01B	stool	NA	control	healthy	64	NA	adult	male	PER	Lima_periurban_shantytown	yes	117	IlluminaHiSeq	27172044	3851417	511860607	36	142	SRR2938351;SRR2938073	Giacomo_DAmato
PehrssonE_2016	SID01A_006	SID01A	stool	NA	control	healthy	56	NA	adult	female	PER	Lima_periurban_shantytown	yes	117	IlluminaHiSeq	27172044	9283197	1274253756	36	142	SRR2938350;SRR2938072	Giacomo_DAmato
PehrssonE_2016	SID040304	SID4_3	stool	NA	control	healthy	78	NA	senior	male	SLV	rural_village	yes	372	IlluminaHiSeq	27172044	3419734	463148637	36	142	SRR2938349;SRR2938071	Giacomo_DAmato
PehrssonE_2016	SID040204	SID4_2	stool	NA	control	healthy	44	NA	adult	male	SLV	rural_village	yes	372	IlluminaHiSeq	27172044	5606602	774588291	36	142	SRR2938348;SRR2938070	Giacomo_DAmato
PehrssonE_2016	SID040104	SID4_1	stool	NA	control	healthy	67	NA	senior	female	SLV	rural_village	yes	372	IlluminaHiSeq	27172044	3542326	459477321	36	142	SRR2938347;SRR2938069	Giacomo_DAmato
PehrssonE_2016	SID060502	SID6_5	stool	NA	control	healthy	3	NA	child	male	SLV	rural_village	yes	NA	IlluminaHiSeq	27172044	4703871	646413526	36	142	SRR2938338;SRR2938060	Giacomo_DAmato
PehrssonE_2016	SID060202	SID6_2	stool	NA	control	healthy	32	NA	adult	female	SLV	rural_village	yes	7	IlluminaHiSeq	27172044	8278063	1146942273	36	142	SRR2938337;SRR2938059	Giacomo_DAmato
