study_name	sample_id	subject_id	body_site	antibiotics_current_use	study_condition	disease	disease_subtype	age	age_category	gender	BMI	country	location	non_westernized	lifestyle	sequencing_platform	DNA_extraction_kit	PMID	number_reads	number_bases	minimum_read_length	median_read_length	NCBI_accession	curator
RubelMA_2020	CM.102_WGS	CM.102	stool	no	STH	STH	ascaris_lumbricoides;hookworm;plasmodium_falciparum;trichuris_trichiura	14	schoolage	female	17	CMR	Baka_East	yes	Hunter-gatherer	IlluminaHiSeq	PSP_Spin_Stool	32450885	11373372	1420144394	36	126	SRR9292841	Aitor_Blanco_Miguez;Paolo_Manghi
RubelMA_2020	CM.103_WGS	CM.103	stool	no	STH	STH	ascaris_lumbricoides;hookworm;plasmodium_falciparum;trichuris_trichiura	5	child	female	15.2	CMR	Baka_East	yes	Hunter-gatherer	IlluminaHiSeq	PSP_Spin_Stool	32450885	19355130	2391276887	36	126	SRR9292843	Aitor_Blanco_Miguez;Paolo_Manghi
RubelMA_2020	CM.105_WGS	CM.105	stool	no	STH	STH	ascaris_lumbricoides;hookworm;trichuris_trichiura	13	schoolage	female	18.8	CMR	Baka_East	yes	Hunter-gatherer	IlluminaHiSeq	PSP_Spin_Stool	32450885	15810518	1974613525	36	126	SRR9293405	Aitor_Blanco_Miguez;Paolo_Manghi
RubelMA_2020	CM.107_WGS	CM.107	stool	no	STH	STH	plasmodium_falciparum	25	adult	male	21.6	CMR	Baka_East	yes	Hunter-gatherer	IlluminaHiSeq	PSP_Spin_Stool	32450885	15541670	1934458603	36	126	SRR9293402	Aitor_Blanco_Miguez;Paolo_Manghi
RubelMA_2020	CM.109_WGS	CM.109	stool	no	STH	STH	plasmodium_falciparum	6	child	male	14.1	CMR	Baka_East	yes	Hunter-gatherer	IlluminaHiSeq	PSP_Spin_Stool	32450885	11544362	1437765672	36	126	SRR9293399	Aitor_Blanco_Miguez;Paolo_Manghi
RubelMA_2020	CM.111_WGS	CM.111	stool	no	STH	STH	ascaris_lumbricoides	52	adult	female	20	CMR	Baka_East	yes	Hunter-gatherer	IlluminaHiSeq	PSP_Spin_Stool	32450885	17846592	2216730685	36	126	SRR9293345	Aitor_Blanco_Miguez;Paolo_Manghi
RubelMA_2020	CM.118_WGS	CM.118	stool	no	STH	STH	ascaris_lumbricoides;plasmodium_falciparum	7	child	female	17.6	CMR	Baka_East	yes	Hunter-gatherer	IlluminaHiSeq	PSP_Spin_Stool	32450885	16458436	2046032713	36	126	SRR9293337	Aitor_Blanco_Miguez;Paolo_Manghi
RubelMA_2020	CM.126_WGS	CM.126	stool	no	STH	STH	ascaris_lumbricoides	38	adult	female	15.5	CMR	Baka_East	yes	Hunter-gatherer	IlluminaHiSeq	PSP_Spin_Stool	32450885	15922542	1979405900	36	126	SRR9292789	Aitor_Blanco_Miguez;Paolo_Manghi
RubelMA_2020	CM.129_WGS	CM.129	stool	no	control	healthy	NA	42	adult	male	20.5	CMR	Baka_East	yes	Hunter-gatherer	IlluminaHiSeq	PSP_Spin_Stool	32450885	9535850	1185095467	36	126	SRR9293128	Aitor_Blanco_Miguez;Paolo_Manghi
RubelMA_2020	CM.13_WGS	CM.13	stool	no	STH	STH	mansonella_perstans	38	adult	male	19.8	CMR	Bantu_East	yes	Agropastoralist	IlluminaHiSeq	PSP_Spin_Stool	32450885	19809924	2461199819	36	126	SRR9293122	Aitor_Blanco_Miguez;Paolo_Manghi
RubelMA_2020	CM.131_WGS	CM.131	stool	no	STH	STH	ascaris_lumbricoides;plasmodium_falciparum;trichuris_trichiura	7	child	male	13.8	CMR	Baka_East	yes	Hunter-gatherer	IlluminaHiSeq	PSP_Spin_Stool	32450885	14779528	1830348430	36	126	SRR9293125	Aitor_Blanco_Miguez;Paolo_Manghi
RubelMA_2020	CM.132_WGS	CM.132	stool	no	STH	STH	ascaris_lumbricoides;trichuris_trichiura	8	child	male	16.8	CMR	Baka_East	yes	Hunter-gatherer	IlluminaHiSeq	PSP_Spin_Stool	32450885	11081776	1379505554	36	126	SRR9293131	Aitor_Blanco_Miguez;Paolo_Manghi
RubelMA_2020	CM.138_WGS	CM.138	stool	no	STH	STH	microfilaria_loa_loa;plasmodium_falciparum	57	adult	female	23.1	CMR	Bantu_East	yes	Agropastoralist	IlluminaHiSeq	PSP_Spin_Stool	32450885	14787564	1834313037	36	126	SRR9292891	Aitor_Blanco_Miguez;Paolo_Manghi
RubelMA_2020	CM.139_WGS	CM.139	stool	no	STH	STH	ascaris_lumbricoides;trichuris_trichiura	45	adult	male	25.8	CMR	Bantu_East	yes	Agropastoralist	IlluminaHiSeq	PSP_Spin_Stool	32450885	16774046	2071587781	36	126	SRR9292885	Aitor_Blanco_Miguez;Paolo_Manghi
RubelMA_2020	CM.146_WGS	CM.146	stool	no	control	healthy	NA	42	adult	male	22.7	CMR	Bantu_South	yes	Agropastoralist	IlluminaHiSeq	PSP_Spin_Stool	32450885	12078094	1508849991	36	126	SRR9293432	Aitor_Blanco_Miguez;Paolo_Manghi
RubelMA_2020	CM.147_WGS	CM.147	stool	no	control	healthy	NA	40	adult	male	21.7	CMR	Bantu_South	yes	Agropastoralist	IlluminaHiSeq	PSP_Spin_Stool	32450885	13663574	1703970588	36	126	SRR9293436	Aitor_Blanco_Miguez;Paolo_Manghi
RubelMA_2020	CM.152_WGS	CM.152	stool	no	control	healthy	NA	74	senior	female	25.8	CMR	Bantu_South	yes	Agropastoralist	IlluminaHiSeq	PSP_Spin_Stool	32450885	14230914	1768024320	36	126	SRR9293236	Aitor_Blanco_Miguez;Paolo_Manghi
RubelMA_2020	CM.157_WGS	CM.157	stool	no	STH	STH	microfilaria_spp;plasmodium_falciparum	33	adult	female	24.4	CMR	Bantu_South	yes	Agropastoralist	IlluminaHiSeq	PSP_Spin_Stool	32450885	15976204	1985576667	36	126	SRR9293454	Aitor_Blanco_Miguez;Paolo_Manghi
RubelMA_2020	CM.16_WGS	CM.16	stool	no	control	healthy	NA	23	adult	female	24.3	CMR	Baka_East	yes	Hunter-gatherer	IlluminaHiSeq	PSP_Spin_Stool	32450885	23802082	2925769861	36	126	SRR9293458	Aitor_Blanco_Miguez;Paolo_Manghi
RubelMA_2020	CM.160_WGS	CM.160	stool	no	STH	STH	ascaris_lumbricoides;plasmodium_falciparum	77	senior	female	18.7	CMR	Bantu_South	yes	Agropastoralist	IlluminaHiSeq	PSP_Spin_Stool	32450885	15787116	1956628029	36	126	SRR9293449	Aitor_Blanco_Miguez;Paolo_Manghi
RubelMA_2020	CM.162_WGS	CM.162	stool	no	control	healthy	NA	31	adult	female	18.9	CMR	Bantu_South	yes	Agropastoralist	IlluminaHiSeq	PSP_Spin_Stool	32450885	15074030	1875967396	36	126	SRR9293253	Aitor_Blanco_Miguez;Paolo_Manghi
RubelMA_2020	CM.164_WGS	CM.164	stool	no	control	healthy	NA	18	schoolage	female	21.8	CMR	Bantu_South	yes	Agropastoralist	IlluminaHiSeq	PSP_Spin_Stool	32450885	11955396	1489690448	36	126	SRR9292809	Aitor_Blanco_Miguez;Paolo_Manghi
RubelMA_2020	CM.165_WGS	CM.165	stool	no	STH	STH	microfilaria_loa_loa	57	adult	female	26.2	CMR	Bantu_South	yes	Agropastoralist	IlluminaHiSeq	PSP_Spin_Stool	32450885	9082750	1135292788	36	126	SRR9293248	Aitor_Blanco_Miguez;Paolo_Manghi
RubelMA_2020	CM.168_WGS	CM.168	stool	no	STH	STH	hookworm;microfilaria_loa_loa	48	adult	male	21.4	CMR	Bantu_South	yes	Agropastoralist	IlluminaHiSeq	PSP_Spin_Stool	32450885	22767634	2578840997	36	126	SRR9292881	Aitor_Blanco_Miguez;Paolo_Manghi
RubelMA_2020	CM.17_WGS	CM.17	stool	no	STH	STH	ascaris_lumbricoides;trichuris_trichiura	22	adult	male	20.2	CMR	Baka_East	yes	Hunter-gatherer	IlluminaHiSeq	PSP_Spin_Stool	32450885	23688436	2947106093	36	126	SRR9292880	Aitor_Blanco_Miguez;Paolo_Manghi
RubelMA_2020	CM.172_WGS	CM.172	stool	no	STH	STH	microfilaria_loa_loa	49	adult	male	21.3	CMR	Bantu_South	yes	Agropastoralist	IlluminaHiSeq	PSP_Spin_Stool	32450885	16879596	2097001494	36	126	SRR9292876	Aitor_Blanco_Miguez;Paolo_Manghi
RubelMA_2020	CM.175_WGS	CM.175	stool	no	STH	STH	ascaris_lumbricoides;microfilaria_spp	53	adult	male	22	CMR	Bantu_South	yes	Agropastoralist	IlluminaHiSeq	PSP_Spin_Stool	32450885	15580220	1940488822	36	126	SRR9293118	Aitor_Blanco_Miguez;Paolo_Manghi
RubelMA_2020	CM.176_WGS	CM.176	stool	no	STH	STH	microfilaria_spp	46	adult	female	18.8	CMR	Bantu_South	yes	Agropastoralist	IlluminaHiSeq	PSP_Spin_Stool	32450885	11433514	1423190545	36	126	SRR9293120	Aitor_Blanco_Miguez;Paolo_Manghi
RubelMA_2020	CM.177_WGS	CM.177	stool	no	control	healthy	NA	38	adult	female	28.9	CMR	Bantu_South	yes	Agropastoralist	IlluminaHiSeq	PSP_Spin_Stool	32450885	16471300	2059352010	36	126	SRR9293114	Aitor_Blanco_Miguez;Paolo_Manghi
RubelMA_2020	CM.178_WGS	CM.178	stool	no	control	healthy	NA	53	adult	female	35	CMR	Bantu_South	yes	Agropastoralist	IlluminaHiSeq	PSP_Spin_Stool	32450885	18307210	2265388723	36	126	SRR9293116	Aitor_Blanco_Miguez;Paolo_Manghi
RubelMA_2020	CM.179_WGS	CM.179	stool	no	STH	STH	microfilaria_spp	37	adult	female	21.4	CMR	Bantu_South	yes	Agropastoralist	IlluminaHiSeq	PSP_Spin_Stool	32450885	15875520	1969524669	36	126	SRR9293110	Aitor_Blanco_Miguez;Paolo_Manghi
RubelMA_2020	CM.18_WGS	CM.18	stool	no	STH	STH	ascaris_lumbricoides	64	adult	male	21.1	CMR	Baka_East	yes	Hunter-gatherer	IlluminaHiSeq	PSP_Spin_Stool	32450885	12271592	1521284099	36	126	SRR9292783	Aitor_Blanco_Miguez;Paolo_Manghi
RubelMA_2020	CM.186_WGS	CM.186	stool	no	STH	STH	plasmodium_falciparum	47	adult	male	23.5	CMR	Bantu_South	yes	Agropastoralist	IlluminaHiSeq	PSP_Spin_Stool	32450885	14076792	1749249367	36	126	SRR9292787	Aitor_Blanco_Miguez;Paolo_Manghi
RubelMA_2020	CM.187_WGS	CM.187	stool	no	STH	STH	plasmodium_falciparum	49	adult	female	20.9	CMR	Bantu_South	yes	Agropastoralist	IlluminaHiSeq	PSP_Spin_Stool	32450885	6923660	864036655	36	126	SRR9293328	Aitor_Blanco_Miguez;Paolo_Manghi
RubelMA_2020	CM.19_WGS	CM.19	stool	no	STH	STH	ascaris_lumbricoides;hookworm;trichuris_trichiura	61	adult	female	19.9	CMR	Baka_East	yes	Hunter-gatherer	IlluminaHiSeq	PSP_Spin_Stool	32450885	74240764	9203681555	36	126	SRR9293332	Aitor_Blanco_Miguez;Paolo_Manghi
RubelMA_2020	CM.194_WGS	CM.194	stool	no	STH	STH	microfilaria_spp;plasmodium_falciparum	67	senior	male	18.9	CMR	Bantu_South	yes	Agropastoralist	IlluminaHiSeq	PSP_Spin_Stool	32450885	9485300	1183102076	36	126	SRR9292986	Aitor_Blanco_Miguez;Paolo_Manghi
RubelMA_2020	CM.195_WGS	CM.195	stool	no	STH	STH	microfilaria_spp;plasmodium_falciparum	62	adult	female	22.1	CMR	Bantu_South	yes	Agropastoralist	IlluminaHiSeq	PSP_Spin_Stool	32450885	10525386	1314800746	36	126	SRR9292984	Aitor_Blanco_Miguez;Paolo_Manghi
RubelMA_2020	CM.199_WGS	CM.199	stool	no	control	healthy	NA	69	senior	male	23.7	CMR	Bantu_South	yes	Agropastoralist	IlluminaHiSeq	PSP_Spin_Stool	32450885	12197366	1523309658	36	126	SRR9292991	Aitor_Blanco_Miguez;Paolo_Manghi
RubelMA_2020	CM.20_WGS	CM.20	stool	no	STH	STH	entamoeba_histolytica	32	adult	female	18.3	CMR	Bantu_East	yes	Agropastoralist	IlluminaHiSeq	PSP_Spin_Stool	32450885	36506170	4532558223	36	126	SRR9292735	Aitor_Blanco_Miguez;Paolo_Manghi
RubelMA_2020	CM.203_WGS	CM.203	stool	no	STH	STH	ascaris_lumbricoides	22	adult	male	22.4	CMR	Bagyeli_South	yes	Hunter-gatherer	IlluminaHiSeq	PSP_Spin_Stool	32450885	18024352	2245767324	36	126	SRR9292739	Aitor_Blanco_Miguez;Paolo_Manghi
RubelMA_2020	CM.206_WGS	CM.206	stool	no	control	healthy	NA	39	adult	female	20.2	CMR	Bantu_South	yes	Agropastoralist	IlluminaHiSeq	PSP_Spin_Stool	32450885	13948646	1738358751	36	126	SRR9292743	Aitor_Blanco_Miguez;Paolo_Manghi
RubelMA_2020	CM.208_WGS	CM.208	stool	no	control	healthy	NA	36	adult	male	27.1	CMR	Bantu_South	yes	Agropastoralist	IlluminaHiSeq	PSP_Spin_Stool	32450885	15204486	1900711957	36	126	SRR9293223	Aitor_Blanco_Miguez;Paolo_Manghi
RubelMA_2020	CM.210_WGS	CM.210	stool	no	STH	STH	microfilaria_loa_loa;plasmodium_falciparum	38	adult	female	20.9	CMR	Bagyeli_South	yes	Hunter-gatherer	IlluminaHiSeq	PSP_Spin_Stool	32450885	10812538	1348419116	36	126	SRR9293227	Aitor_Blanco_Miguez;Paolo_Manghi
RubelMA_2020	CM.211_WGS	CM.211	stool	no	STH	STH	ascaris_lumbricoides;microfilaria_spp;plasmodium_falciparum	31	adult	female	31.7	CMR	Bagyeli_South	yes	Hunter-gatherer	IlluminaHiSeq	PSP_Spin_Stool	32450885	10425526	1302369688	36	126	SRR9293218	Aitor_Blanco_Miguez;Paolo_Manghi
RubelMA_2020	CM.212_WGS	CM.212	stool	no	STH	STH	ascaris_lumbricoides;microfilaria_spp;plasmodium_falciparum;trichuris_trichiura	25	adult	male	22.5	CMR	Bagyeli_South	yes	Hunter-gatherer	IlluminaHiSeq	PSP_Spin_Stool	32450885	8036158	1003033211	36	126	SRR9293421	Aitor_Blanco_Miguez;Paolo_Manghi
RubelMA_2020	CM.215_WGS	CM.215	stool	no	STH	STH	plasmodium_falciparum	45	adult	female	39.9	CMR	Bantu_South	yes	Agropastoralist	IlluminaHiSeq	PSP_Spin_Stool	32450885	14422352	1795351702	36	126	SRR9293417	Aitor_Blanco_Miguez;Paolo_Manghi
RubelMA_2020	CM.219_WGS	CM.219	stool	no	STH	STH	ascaris_lumbricoides;microfilaria_loa_loa;trichuris_trichiura	30	adult	female	19.7	CMR	Bagyeli_South	yes	Hunter-gatherer	IlluminaHiSeq	PSP_Spin_Stool	32450885	12047992	1502285966	36	126	SRR9293424	Aitor_Blanco_Miguez;Paolo_Manghi
RubelMA_2020	CM.220_WGS	CM.220	stool	no	STH	STH	ascaris_lumbricoides;microfilaria_spp;plasmodium_falciparum;trichuris_trichiura	30	adult	male	21.9	CMR	Bagyeli_South	yes	Hunter-gatherer	IlluminaHiSeq	PSP_Spin_Stool	32450885	11897226	1483048000	36	126	SRR9293353	Aitor_Blanco_Miguez;Paolo_Manghi
RubelMA_2020	CM.221_WGS	CM.221	stool	no	STH	STH	ascaris_lumbricoides;microfilaria_loa_loa;trichuris_trichiura	67	senior	male	21.5	CMR	Bagyeli_South	yes	Hunter-gatherer	IlluminaHiSeq	PSP_Spin_Stool	32450885	19370920	2404856029	36	126	SRR9293351	Aitor_Blanco_Miguez;Paolo_Manghi
RubelMA_2020	CM.222_WGS	CM.222	stool	no	STH	STH	microfilaria_loa_loa	34	adult	female	28.1	CMR	Bagyeli_South	yes	Hunter-gatherer	IlluminaHiSeq	PSP_Spin_Stool	32450885	15095570	1883143284	36	126	SRR9293349	Aitor_Blanco_Miguez;Paolo_Manghi
RubelMA_2020	CM.223_WGS	CM.223	stool	no	STH	STH	plasmodium_falciparum;wuchereria_bancrofti	32	adult	female	20.5	CMR	Bagyeli_South	yes	Hunter-gatherer	IlluminaHiSeq	PSP_Spin_Stool	32450885	16896836	2101312224	36	126	SRR9293357	Aitor_Blanco_Miguez;Paolo_Manghi
RubelMA_2020	CM.224_WGS	CM.224	stool	no	STH	STH	ascaris_lumbricoides;hookworm;trichuris_trichiura	6	child	male	16.3	CMR	Bagyeli_South	yes	Hunter-gatherer	IlluminaHiSeq	PSP_Spin_Stool	32450885	13998856	1744000572	36	126	SRR9292909	Aitor_Blanco_Miguez;Paolo_Manghi
RubelMA_2020	CM.226_WGS	CM.226	stool	no	STH	STH	microfilaria_loa_loa;trichuris_trichiura	27	adult	male	21.7	CMR	Bagyeli_South	yes	Hunter-gatherer	IlluminaHiSeq	PSP_Spin_Stool	32450885	11574550	1446536098	36	126	SRR9292910	Aitor_Blanco_Miguez;Paolo_Manghi
RubelMA_2020	CM.227_WGS	CM.227	stool	no	STH	STH	microfilaria_spp;trichuris_trichiura	32	adult	male	21.2	CMR	Bagyeli_South	yes	Hunter-gatherer	IlluminaHiSeq	PSP_Spin_Stool	32450885	16744368	2091274977	36	126	SRR9292904	Aitor_Blanco_Miguez;Paolo_Manghi
RubelMA_2020	CM.228_WGS	CM.228	stool	no	control	healthy	NA	32	adult	female	23.3	CMR	Bantu_South	yes	Agropastoralist	IlluminaHiSeq	PSP_Spin_Stool	32450885	9414992	1176137141	36	126	SRR9292906	Aitor_Blanco_Miguez;Paolo_Manghi
RubelMA_2020	CM.231_WGS	CM.231	stool	no	STH	STH	microfilaria_spp;trichuris_trichiura	30	adult	male	21.4	CMR	Bagyeli_South	yes	Hunter-gatherer	IlluminaHiSeq	PSP_Spin_Stool	32450885	6601316	824856989	36	126	SRR9293070	Aitor_Blanco_Miguez;Paolo_Manghi
RubelMA_2020	CM.232_WGS	CM.232	stool	no	STH	STH	ascaris_lumbricoides;wuchereria_bancrofti	28	adult	female	22.1	CMR	Bagyeli_South	yes	Hunter-gatherer	IlluminaHiSeq	PSP_Spin_Stool	32450885	11545358	1440488146	36	126	SRR9293064	Aitor_Blanco_Miguez;Paolo_Manghi
RubelMA_2020	CM.233_WGS	CM.233	stool	no	STH	STH	ascaris_lumbricoides;hookworm;microfilaria_loa_loa;trichuris_trichiura	49	adult	female	18.6	CMR	Bagyeli_South	yes	Hunter-gatherer	IlluminaHiSeq	PSP_Spin_Stool	32450885	18634334	2306505892	36	126	SRR9293066	Aitor_Blanco_Miguez;Paolo_Manghi
RubelMA_2020	CM.234_WGS	CM.234	stool	no	STH	STH	ascaris_lumbricoides;microfilaria_spp;trichuris_trichiura	39	adult	female	17.6	CMR	Bagyeli_South	yes	Hunter-gatherer	IlluminaHiSeq	PSP_Spin_Stool	32450885	13290382	1658932974	36	126	SRR9293076	Aitor_Blanco_Miguez;Paolo_Manghi
RubelMA_2020	CM.235_WGS	CM.235	stool	no	STH	STH	trichuris_trichiura	25	adult	male	24.9	CMR	Bantu_South	yes	Agropastoralist	IlluminaHiSeq	PSP_Spin_Stool	32450885	23415054	2912998374	36	126	SRR9292826	Aitor_Blanco_Miguez;Paolo_Manghi
RubelMA_2020	CM.237_WGS	CM.237	stool	no	STH	STH	microfilaria_spp;plasmodium_falciparum	27	adult	male	22.6	CMR	Bantu_South	yes	Agropastoralist	IlluminaHiSeq	PSP_Spin_Stool	32450885	24169370	3005739610	36	126	SRR9292825	Aitor_Blanco_Miguez;Paolo_Manghi
RubelMA_2020	CM.239_WGS	CM.239	stool	no	STH	STH	microfilaria_loa_loa	47	adult	female	22.1	CMR	Bantu_South	yes	Agropastoralist	IlluminaHiSeq	PSP_Spin_Stool	32450885	20188730	2516743214	36	126	SRR9292820	Aitor_Blanco_Miguez;Paolo_Manghi
RubelMA_2020	CM.24_WGS	CM.24	stool	no	control	healthy	NA	45	adult	male	20.8	CMR	Bantu_East	yes	Agropastoralist	IlluminaHiSeq	PSP_Spin_Stool	32450885	45424620	5645979956	36	126	SRR9292828	Aitor_Blanco_Miguez;Paolo_Manghi
RubelMA_2020	CM.247_WGS	CM.247	stool	no	STH	STH	microfilaria_spp	34	adult	male	23.5	CMR	Bagyeli_South	yes	Hunter-gatherer	IlluminaHiSeq	PSP_Spin_Stool	32450885	19575370	2422113413	36	126	SRR9293281	Aitor_Blanco_Miguez;Paolo_Manghi
RubelMA_2020	CM.249_WGS	CM.249	stool	no	STH	STH	microfilaria_loa_loa;plasmodium_falciparum	72	senior	female	22.5	CMR	Bantu_South	yes	Agropastoralist	IlluminaHiSeq	PSP_Spin_Stool	32450885	14458528	1800111287	36	126	SRR9292719	Aitor_Blanco_Miguez;Paolo_Manghi
RubelMA_2020	CM.25_WGS	CM.25	stool	no	STH	STH	ascaris_lumbricoides;microfilaria_loa_loa	30	adult	female	22.6	CMR	Baka_East	yes	Hunter-gatherer	IlluminaHiSeq	PSP_Spin_Stool	32450885	26921098	3343939112	36	126	SRR9292721	Aitor_Blanco_Miguez;Paolo_Manghi
RubelMA_2020	CM.251_WGS	CM.251	stool	no	STH	STH	trichuris_trichiura	28	adult	female	21.4	CMR	Bagyeli_South	yes	Hunter-gatherer	IlluminaHiSeq	PSP_Spin_Stool	32450885	16694994	2081162812	36	126	SRR9292716	Aitor_Blanco_Miguez;Paolo_Manghi
RubelMA_2020	CM.253_WGS	CM.253	stool	no	STH	STH	ascaris_lumbricoides;microfilaria_spp;trichuris_trichiura	43	adult	male	23.5	CMR	Bantu_South	yes	Agropastoralist	IlluminaHiSeq	PSP_Spin_Stool	32450885	11981988	1496464612	36	126	SRR9292711	Aitor_Blanco_Miguez;Paolo_Manghi
RubelMA_2020	CM.254_WGS	CM.254	stool	no	STH	STH	hookworm;microfilaria_spp;plasmodium_falciparum;trichuris_trichiura	25	adult	male	17.8	CMR	Bagyeli_South	yes	Hunter-gatherer	IlluminaHiSeq	PSP_Spin_Stool	32450885	13289296	1659875090	36	126	SRR9292679	Aitor_Blanco_Miguez;Paolo_Manghi
RubelMA_2020	CM.255_WGS	CM.255	stool	no	STH	STH	microfilaria_spp	28	adult	female	19.3	CMR	Bagyeli_South	yes	Hunter-gatherer	IlluminaHiSeq	PSP_Spin_Stool	32450885	21066468	2616528811	36	126	SRR9292681	Aitor_Blanco_Miguez;Paolo_Manghi
RubelMA_2020	CM.257_WGS	CM.257	stool	no	STH	STH	microfilaria_spp;plasmodium_falciparum	26	adult	female	17.4	CMR	Bagyeli_South	yes	Hunter-gatherer	IlluminaHiSeq	PSP_Spin_Stool	32450885	17072654	2121520639	36	126	SRR9292682	Aitor_Blanco_Miguez;Paolo_Manghi
RubelMA_2020	CM.259_WGS	CM.259	stool	no	STH	STH	microfilaria_spp;plasmodium_falciparum	58	adult	female	23.4	CMR	Bantu_South	yes	Agropastoralist	IlluminaHiSeq	PSP_Spin_Stool	32450885	21286990	2636491804	36	126	SRR9292677	Aitor_Blanco_Miguez;Paolo_Manghi
RubelMA_2020	CM.260_WGS	CM.260	stool	no	STH	STH	microfilaria_loa_loa	87	senior	female	19.5	CMR	Bantu_South	yes	Agropastoralist	IlluminaHiSeq	PSP_Spin_Stool	32450885	21568362	2678093537	36	126	SRR9292930	Aitor_Blanco_Miguez;Paolo_Manghi
RubelMA_2020	CM.261_WGS	CM.261	stool	no	STH	STH	ascaris_lumbricoides;microfilaria_spp	43	adult	female	24.3	CMR	Bantu_South	yes	Agropastoralist	IlluminaHiSeq	PSP_Spin_Stool	32450885	16441976	2042767454	36	126	SRR9292928	Aitor_Blanco_Miguez;Paolo_Manghi
RubelMA_2020	CM.268_WGS	CM.268	stool	no	STH	STH	ascaris_lumbricoides;hookworm;plasmodium_falciparum	8	child	female	13.9	CMR	Bagyeli_South	yes	Hunter-gatherer	IlluminaHiSeq	PSP_Spin_Stool	32450885	15499474	1917762063	36	126	SRR9293373	Aitor_Blanco_Miguez;Paolo_Manghi
RubelMA_2020	CM.270_WGS	CM.270	stool	no	STH	STH	microfilaria_spp	36	adult	male	19.4	CMR	Bantu_South	yes	Agropastoralist	IlluminaHiSeq	PSP_Spin_Stool	32450885	16927744	2096112543	36	126	SRR9293369	Aitor_Blanco_Miguez;Paolo_Manghi
RubelMA_2020	CM.271_WGS	CM.271	stool	no	STH	STH	microfilaria_spp;plasmodium_falciparum	62	adult	female	27.7	CMR	Bantu_South	yes	Agropastoralist	IlluminaHiSeq	PSP_Spin_Stool	32450885	19525372	2430157927	36	126	SRR9293367	Aitor_Blanco_Miguez;Paolo_Manghi
RubelMA_2020	CM.273_WGS	CM.273	stool	no	STH	STH	plasmodium_falciparum	70	senior	female	21.4	CMR	Bantu_South	yes	Agropastoralist	IlluminaHiSeq	PSP_Spin_Stool	32450885	21037410	2626498242	36	126	SRR9293165	Aitor_Blanco_Miguez;Paolo_Manghi
RubelMA_2020	CM.275_WGS	CM.275	stool	no	control	healthy	NA	39	adult	female	26.4	CMR	Bantu_Northwest	yes	Agropastoralist	IlluminaHiSeq	PSP_Spin_Stool	32450885	17879448	2221264052	36	126	SRR9293168	Aitor_Blanco_Miguez;Paolo_Manghi
RubelMA_2020	CM.278_WGS	CM.278	stool	no	control	healthy	NA	44	adult	female	22.9	CMR	Bantu_Northwest	yes	Agropastoralist	IlluminaHiSeq	PSP_Spin_Stool	32450885	18696348	2328453458	36	126	SRR9293172	Aitor_Blanco_Miguez;Paolo_Manghi
RubelMA_2020	CM.283_WGS	CM.283	stool	no	control	healthy	NA	58	adult	male	20.8	CMR	Bantu_Northwest	yes	Agropastoralist	IlluminaHiSeq	PSP_Spin_Stool	32450885	18522206	2313603952	36	126	SRR9293139	Aitor_Blanco_Miguez;Paolo_Manghi
RubelMA_2020	CM.284_WGS	CM.284	stool	no	control	healthy	NA	54	adult	female	40.2	CMR	Bantu_Northwest	yes	Agropastoralist	IlluminaHiSeq	PSP_Spin_Stool	32450885	21805644	2715351113	36	126	SRR9293141	Aitor_Blanco_Miguez;Paolo_Manghi
RubelMA_2020	CM.285_WGS	CM.285	stool	no	control	healthy	NA	15	schoolage	female	24.3	CMR	Bantu_Northwest	yes	Agropastoralist	IlluminaHiSeq	PSP_Spin_Stool	32450885	19817050	2469384662	36	126	SRR9293136	Aitor_Blanco_Miguez;Paolo_Manghi
RubelMA_2020	CM.289_WGS	CM.289	stool	no	control	healthy	NA	45	adult	male	18.3	CMR	Bantu_Northwest	yes	Agropastoralist	IlluminaHiSeq	PSP_Spin_Stool	32450885	12608074	1573918774	36	126	SRR9293033	Aitor_Blanco_Miguez;Paolo_Manghi
RubelMA_2020	CM.29_WGS	CM.29	stool	no	control	healthy	NA	27	adult	female	23.3	CMR	Bantu_East	yes	Agropastoralist	IlluminaHiSeq	PSP_Spin_Stool	32450885	20506530	2545974893	36	126	SRR9293031	Aitor_Blanco_Miguez;Paolo_Manghi
RubelMA_2020	CM.291_WGS	CM.291	stool	no	control	healthy	NA	45	adult	female	31	CMR	Bantu_Northwest	yes	Agropastoralist	IlluminaHiSeq	PSP_Spin_Stool	32450885	21670316	2694844981	36	126	SRR9293026	Aitor_Blanco_Miguez;Paolo_Manghi
RubelMA_2020	CM.294_WGS	CM.294	stool	no	control	healthy	NA	52	adult	female	42.5	CMR	Bantu_Northwest	yes	Agropastoralist	IlluminaHiSeq	PSP_Spin_Stool	32450885	19684862	2451012990	36	126	SRR9293197	Aitor_Blanco_Miguez;Paolo_Manghi
RubelMA_2020	CM.30_WGS	CM.30	stool	no	STH	STH	ascaris_lumbricoides	32	adult	male	21.6	CMR	Baka_East	yes	Hunter-gatherer	IlluminaHiSeq	PSP_Spin_Stool	32450885	30233940	3759242874	36	126	SRR9293393	Aitor_Blanco_Miguez;Paolo_Manghi
RubelMA_2020	CM.308_WGS	CM.308	stool	no	control	healthy	NA	23	adult	female	29.7	CMR	Bantu_Northwest	yes	Agropastoralist	IlluminaHiSeq	PSP_Spin_Stool	32450885	19490384	2421551613	36	126	SRR9292960	Aitor_Blanco_Miguez;Paolo_Manghi
RubelMA_2020	CM.31_WGS	CM.31	stool	no	STH	STH	ascaris_lumbricoides;trichuris_trichiura	28	adult	male	24.4	CMR	Bantu_East	yes	Agropastoralist	IlluminaHiSeq	PSP_Spin_Stool	32450885	133729916	16543290757	36	126	SRR9292959	Aitor_Blanco_Miguez;Paolo_Manghi
RubelMA_2020	CM.310_WGS	CM.310	stool	no	control	healthy	NA	49	adult	female	25	CMR	Bantu_Northwest	yes	Agropastoralist	IlluminaHiSeq	PSP_Spin_Stool	32450885	22220846	2748998936	36	126	SRR9292957	Aitor_Blanco_Miguez;Paolo_Manghi
RubelMA_2020	CM.315_WGS	CM.315	stool	no	STH	STH	plasmodium_falciparum	23	adult	male	15.9	CMR	Mbororo_Fulani_Northwest	yes	Pastoralist	IlluminaHiSeq	PSP_Spin_Stool	32450885	16381868	2028651130	36	126	SRR9293220	Aitor_Blanco_Miguez;Paolo_Manghi
RubelMA_2020	CM.316_WGS	CM.316	stool	no	control	healthy	NA	28	adult	male	17.8	CMR	Mbororo_Fulani_Northwest	yes	Pastoralist	IlluminaHiSeq	PSP_Spin_Stool	32450885	20504894	2551070725	36	126	SRR9292713	Aitor_Blanco_Miguez;Paolo_Manghi
RubelMA_2020	CM.317_WGS	CM.317	stool	no	control	healthy	NA	41	adult	female	23.8	CMR	Bantu_Northwest	yes	Agropastoralist	IlluminaHiSeq	PSP_Spin_Stool	32450885	21114426	2627303982	36	126	SRR9292707	Aitor_Blanco_Miguez;Paolo_Manghi
RubelMA_2020	CM.32_WGS	CM.32	stool	no	STH	STH	ascaris_lumbricoides;hookworm;microfilaria_loa_loa;trichomonas_intestinalis	43	adult	female	21.9	CMR	Baka_East	yes	Hunter-gatherer	IlluminaHiSeq	PSP_Spin_Stool	32450885	16022218	2002433539	36	126	SRR9293386	Aitor_Blanco_Miguez;Paolo_Manghi
RubelMA_2020	CM.328_WGS	CM.328	stool	no	control	healthy	NA	30	adult	female	16.9	CMR	Mbororo_Fulani_Northwest	yes	Pastoralist	IlluminaHiSeq	PSP_Spin_Stool	32450885	21779556	2708069541	36	126	SRR9293148	Aitor_Blanco_Miguez;Paolo_Manghi
RubelMA_2020	CM.335_WGS	CM.335	stool	no	control	healthy	NA	17	schoolage	female	19.3	CMR	Mbororo_Fulani_Northwest	yes	Pastoralist	IlluminaHiSeq	PSP_Spin_Stool	32450885	26598204	3257834218	36	126	SRR9292812	Aitor_Blanco_Miguez;Paolo_Manghi
RubelMA_2020	CM.339_WGS	CM.339	stool	no	control	healthy	NA	9	child	male	16.1	CMR	Bantu_Northwest	yes	Agropastoralist	IlluminaHiSeq	PSP_Spin_Stool	32450885	21937720	2716555563	36	126	SRR9293055	Aitor_Blanco_Miguez;Paolo_Manghi
RubelMA_2020	CM.340_WGS	CM.340	stool	no	control	healthy	NA	49	adult	female	24.5	CMR	Bantu_Northwest	yes	Agropastoralist	IlluminaHiSeq	PSP_Spin_Stool	32450885	20480904	2549455167	36	126	SRR9293062	Aitor_Blanco_Miguez;Paolo_Manghi
RubelMA_2020	CM.342_WGS	CM.342	stool	no	control	healthy	NA	40	adult	female	34.4	CMR	Mbororo_Fulani_Northwest	yes	Pastoralist	IlluminaHiSeq	PSP_Spin_Stool	32450885	19981362	2486705841	36	126	SRR9293053	Aitor_Blanco_Miguez;Paolo_Manghi
RubelMA_2020	CM.343_WGS	CM.343	stool	no	control	healthy	NA	52	adult	female	24.1	CMR	Mbororo_Fulani_Northwest	yes	Pastoralist	IlluminaHiSeq	PSP_Spin_Stool	32450885	22492078	2786114595	36	126	SRR9293158	Aitor_Blanco_Miguez;Paolo_Manghi
RubelMA_2020	CM.345_WGS	CM.345	stool	no	control	healthy	NA	29	adult	female	16.8	CMR	Mbororo_Fulani_Northwest	yes	Pastoralist	IlluminaHiSeq	PSP_Spin_Stool	32450885	23722750	2942148903	36	126	SRR9293159	Aitor_Blanco_Miguez;Paolo_Manghi
RubelMA_2020	CM.347_WGS	CM.347	stool	no	control	healthy	NA	30	adult	female	19.7	CMR	Mbororo_Fulani_Northwest	yes	Pastoralist	IlluminaHiSeq	PSP_Spin_Stool	32450885	25758112	3182553582	36	126	SRR9293164	Aitor_Blanco_Miguez;Paolo_Manghi
RubelMA_2020	CM.358_WGS	CM.358	stool	no	control	healthy	NA	34	adult	female	28.1	CMR	Bantu_Northwest	yes	Agropastoralist	IlluminaHiSeq	PSP_Spin_Stool	32450885	17259690	2108845340	36	126	SRR9293049	Aitor_Blanco_Miguez;Paolo_Manghi
RubelMA_2020	CM.361_WGS	CM.361	stool	no	control	healthy	NA	55	adult	female	29.8	CMR	Bantu_Northwest	yes	Agropastoralist	IlluminaHiSeq	PSP_Spin_Stool	32450885	19596180	2433592165	36	126	SRR9292926	Aitor_Blanco_Miguez;Paolo_Manghi
RubelMA_2020	CM.364_WGS	CM.364	stool	no	control	healthy	NA	48	adult	male	26.5	CMR	Bantu_Northwest	yes	Agropastoralist	IlluminaHiSeq	PSP_Spin_Stool	32450885	18780232	2320375674	36	126	SRR9293461	Aitor_Blanco_Miguez;Paolo_Manghi
RubelMA_2020	CM.366_WGS	CM.366	stool	no	control	healthy	NA	57	adult	female	29.9	CMR	Bantu_Northwest	yes	Agropastoralist	IlluminaHiSeq	PSP_Spin_Stool	32450885	22553062	2804958495	36	126	SRR9293241	Aitor_Blanco_Miguez;Paolo_Manghi
RubelMA_2020	CM.367_WGS	CM.367	stool	no	control	healthy	NA	57	adult	male	30	CMR	Bantu_Northwest	yes	Agropastoralist	IlluminaHiSeq	PSP_Spin_Stool	32450885	20991442	2614059455	36	126	SRR9293239	Aitor_Blanco_Miguez;Paolo_Manghi
RubelMA_2020	CM.369_WGS	CM.369	stool	no	control	healthy	NA	54	adult	female	23.1	CMR	Bantu_Northwest	yes	Agropastoralist	IlluminaHiSeq	PSP_Spin_Stool	32450885	18085142	2247959438	36	126	SRR9293244	Aitor_Blanco_Miguez;Paolo_Manghi
RubelMA_2020	CM.370_WGS	CM.370	stool	no	control	healthy	NA	53	adult	female	32.2	CMR	Bantu_Northwest	yes	Agropastoralist	IlluminaHiSeq	PSP_Spin_Stool	32450885	16988316	2100583080	36	126	SRR9293249	Aitor_Blanco_Miguez;Paolo_Manghi
RubelMA_2020	CM.373_WGS	CM.373	stool	no	control	healthy	NA	20	adult	male	22.3	CMR	Bantu_Northwest	yes	Agropastoralist	IlluminaHiSeq	PSP_Spin_Stool	32450885	16446504	2045191688	36	126	SRR9292665	Aitor_Blanco_Miguez;Paolo_Manghi
RubelMA_2020	CM.375_WGS	CM.375	stool	no	control	healthy	NA	20	adult	female	22.7	CMR	Bantu_Northwest	yes	Agropastoralist	IlluminaHiSeq	PSP_Spin_Stool	32450885	15218692	1896822048	36	126	SRR9292660	Aitor_Blanco_Miguez;Paolo_Manghi
RubelMA_2020	CM.376_WGS	CM.376	stool	no	control	healthy	NA	29	adult	female	23.6	CMR	Bantu_Northwest	yes	Agropastoralist	IlluminaHiSeq	PSP_Spin_Stool	32450885	10566560	1317306229	36	126	SRR9292670	Aitor_Blanco_Miguez;Paolo_Manghi
RubelMA_2020	CM.378_WGS	CM.378	stool	no	control	healthy	NA	45	adult	female	24.5	CMR	Bantu_Northwest	yes	Agropastoralist	IlluminaHiSeq	PSP_Spin_Stool	32450885	17498066	2180701917	36	126	SRR9293009	Aitor_Blanco_Miguez;Paolo_Manghi
RubelMA_2020	CM.382_WGS	CM.382	stool	no	control	healthy	NA	65	adult	female	22.6	CMR	Bantu_Northwest	yes	Agropastoralist	IlluminaHiSeq	PSP_Spin_Stool	32450885	15651336	1952307585	36	126	SRR9293007	Aitor_Blanco_Miguez;Paolo_Manghi
RubelMA_2020	CM.389_WGS	CM.389	stool	no	control	healthy	NA	45	adult	female	32.7	CMR	Bantu_Northwest	yes	Agropastoralist	IlluminaHiSeq	PSP_Spin_Stool	32450885	16872038	2103436145	36	126	SRR9293444	Aitor_Blanco_Miguez;Paolo_Manghi
RubelMA_2020	CM.390_WGS	CM.390	stool	no	STH	STH	plasmodium_falciparum	25	adult	male	19.4	CMR	Mbororo_Fulani_Northwest	yes	Pastoralist	IlluminaHiSeq	PSP_Spin_Stool	32450885	19550742	2424637879	36	126	SRR9293439	Aitor_Blanco_Miguez;Paolo_Manghi
RubelMA_2020	CM.392_WGS	CM.392	stool	no	control	healthy	NA	15	schoolage	male	16	CMR	Mbororo_Fulani_Northwest	yes	Pastoralist	IlluminaHiSeq	PSP_Spin_Stool	32450885	18404344	2287691027	36	126	SRR9293305	Aitor_Blanco_Miguez;Paolo_Manghi
RubelMA_2020	CM.395_WGS	CM.395	stool	no	control	healthy	NA	11	child	male	16.2	CMR	Bantu_Northwest	yes	Agropastoralist	IlluminaHiSeq	PSP_Spin_Stool	32450885	17150294	2134545779	36	126	SRR9293301	Aitor_Blanco_Miguez;Paolo_Manghi
RubelMA_2020	CM.397_WGS	CM.397	stool	no	control	healthy	NA	35	adult	female	26.6	CMR	Bantu_Northwest	yes	Agropastoralist	IlluminaHiSeq	PSP_Spin_Stool	32450885	18277622	2278428178	36	126	SRR9293314	Aitor_Blanco_Miguez;Paolo_Manghi
RubelMA_2020	CM.401_WGS	CM.401	stool	no	STH	STH	plasmodium_falciparum	25	adult	male	23.3	CMR	Bantu_Northwest	yes	Agropastoralist	IlluminaHiSeq	PSP_Spin_Stool	32450885	21077948	2622749436	36	126	SRR9292759	Aitor_Blanco_Miguez;Paolo_Manghi
RubelMA_2020	CM.402_WGS	CM.402	stool	no	control	healthy	NA	17	schoolage	male	21.9	CMR	Bantu_Northwest	yes	Agropastoralist	IlluminaHiSeq	PSP_Spin_Stool	32450885	18191126	2249191366	36	126	SRR9292761	Aitor_Blanco_Miguez;Paolo_Manghi
RubelMA_2020	CM.403_WGS	CM.403	stool	no	control	healthy	NA	62	adult	female	34.2	CMR	Bantu_Northwest	yes	Agropastoralist	IlluminaHiSeq	PSP_Spin_Stool	32450885	22161630	2751625194	36	126	SRR9292747	Aitor_Blanco_Miguez;Paolo_Manghi
RubelMA_2020	CM.408_WGS	CM.408	stool	no	control	healthy	NA	57	adult	male	22	CMR	Bantu_Northwest	yes	Agropastoralist	IlluminaHiSeq	PSP_Spin_Stool	32450885	24236312	3014355366	36	126	SRR9293094	Aitor_Blanco_Miguez;Paolo_Manghi
RubelMA_2020	CM.409_WGS	CM.409	stool	no	control	healthy	NA	35	adult	male	23.5	CMR	Bantu_Northwest	yes	Agropastoralist	IlluminaHiSeq	PSP_Spin_Stool	32450885	21260924	2646547918	36	126	SRR9293096	Aitor_Blanco_Miguez;Paolo_Manghi
RubelMA_2020	CM.41_WGS	CM.41	stool	no	STH	STH	microfilaria_loa_loa	41	adult	male	19.5	CMR	Baka_East	yes	Hunter-gatherer	IlluminaHiSeq	PSP_Spin_Stool	32450885	16534212	2060751671	36	126	SRR9293098	Aitor_Blanco_Miguez;Paolo_Manghi
RubelMA_2020	CM.410_WGS	CM.410	stool	no	STH	STH	ascaris_lumbricoides	12	schoolage	female	17.5	CMR	Bantu_Northwest	yes	Agropastoralist	IlluminaHiSeq	PSP_Spin_Stool	32450885	21939564	2718604190	36	126	SRR9292854	Aitor_Blanco_Miguez;Paolo_Manghi
RubelMA_2020	CM.412_WGS	CM.412	stool	no	control	healthy	NA	54	adult	male	21.5	CMR	Bantu_Northwest	yes	Agropastoralist	IlluminaHiSeq	PSP_Spin_Stool	32450885	17298206	2150847473	36	126	SRR9292857	Aitor_Blanco_Miguez;Paolo_Manghi
RubelMA_2020	CM.413_WGS	CM.413	stool	no	control	healthy	NA	49	adult	female	29.3	CMR	Bantu_Northwest	yes	Agropastoralist	IlluminaHiSeq	PSP_Spin_Stool	32450885	15634910	1944844030	36	126	SRR9292855	Aitor_Blanco_Miguez;Paolo_Manghi
RubelMA_2020	CM.418_WGS	CM.418	stool	no	control	healthy	NA	18	schoolage	male	18	CMR	Bantu_Northwest	yes	Agropastoralist	IlluminaHiSeq	PSP_Spin_Stool	32450885	17660832	2199267136	36	126	SRR9292696	Aitor_Blanco_Miguez;Paolo_Manghi
RubelMA_2020	CM.425_WGS	CM.425	stool	no	control	healthy	NA	59	adult	female	22.2	CMR	Bantu_Northwest	yes	Agropastoralist	IlluminaHiSeq	PSP_Spin_Stool	32450885	24746922	3057658058	36	126	SRR9292947	Aitor_Blanco_Miguez;Paolo_Manghi
RubelMA_2020	CM.432_WGS	CM.432	stool	no	control	healthy	NA	70	senior	female	27.1	CMR	Bantu_Northwest	yes	Agropastoralist	IlluminaHiSeq	PSP_Spin_Stool	32450885	20436806	2538344661	36	126	SRR9292940	Aitor_Blanco_Miguez;Paolo_Manghi
RubelMA_2020	CM.437_WGS	CM.437	stool	no	control	healthy	NA	17	schoolage	male	20	CMR	Bantu_Northwest	yes	Agropastoralist	IlluminaHiSeq	PSP_Spin_Stool	32450885	17106788	2122986816	36	126	SRR9292801	Aitor_Blanco_Miguez;Paolo_Manghi
RubelMA_2020	CM.438_WGS	CM.438	stool	no	control	healthy	NA	62	adult	male	24.2	CMR	Mbororo_Fulani_Northwest	yes	Pastoralist	IlluminaHiSeq	PSP_Spin_Stool	32450885	25584538	3174366529	36	126	SRR9292799	Aitor_Blanco_Miguez;Paolo_Manghi
RubelMA_2020	CM.439_WGS	CM.439	stool	no	control	healthy	NA	68	senior	male	24	CMR	Bantu_Northwest	yes	Agropastoralist	IlluminaHiSeq	PSP_Spin_Stool	32450885	20042604	2486741905	36	126	SRR9293465	Aitor_Blanco_Miguez;Paolo_Manghi
RubelMA_2020	CM.44_WGS	CM.44	stool	no	STH	STH	ascaris_lumbricoides;mansonella_perstans;trichuris_trichiura	36	adult	female	23.5	CMR	Baka_East	yes	Hunter-gatherer	IlluminaHiSeq	PSP_Spin_Stool	32450885	15608370	1940058681	36	126	SRR9293039	Aitor_Blanco_Miguez;Paolo_Manghi
RubelMA_2020	CM.443_WGS	CM.443	stool	no	control	healthy	NA	28	adult	male	21.8	CMR	Bantu_Northwest	yes	Agropastoralist	IlluminaHiSeq	PSP_Spin_Stool	32450885	24247708	2980879064	36	126	SRR9293043	Aitor_Blanco_Miguez;Paolo_Manghi
RubelMA_2020	CM.445_WGS	CM.445	stool	no	control	healthy	NA	64	adult	male	25.3	CMR	Bantu_Northwest	yes	Agropastoralist	IlluminaHiSeq	PSP_Spin_Stool	32450885	18133862	2253508739	36	126	SRR9293044	Aitor_Blanco_Miguez;Paolo_Manghi
RubelMA_2020	CM.454_WGS	CM.454	stool	no	control	healthy	NA	50	adult	female	23.2	CMR	Bantu_Northwest	yes	Agropastoralist	IlluminaHiSeq	PSP_Spin_Stool	32450885	22100286	2752405605	36	126	SRR9292693	Aitor_Blanco_Miguez;Paolo_Manghi
RubelMA_2020	CM.46_WGS	CM.46	stool	no	STH	STH	mansonella_perstans;trichuris_trichiura	29	adult	male	25.6	CMR	Baka_East	yes	Hunter-gatherer	IlluminaHiSeq	PSP_Spin_Stool	32450885	15138244	1886835855	36	126	SRR9293263	Aitor_Blanco_Miguez;Paolo_Manghi
RubelMA_2020	CM.466_WGS	CM.466	stool	no	control	healthy	NA	62	adult	female	25.7	CMR	Bantu_Northwest	yes	Agropastoralist	IlluminaHiSeq	PSP_Spin_Stool	32450885	23302720	2890152313	36	126	SRR9293382	Aitor_Blanco_Miguez;Paolo_Manghi
RubelMA_2020	CM.47_WGS	CM.47	stool	no	control	healthy	NA	78	senior	male	22	CMR	Bantu_East	yes	Agropastoralist	IlluminaHiSeq	PSP_Spin_Stool	32450885	19166842	2374838980	36	126	SRR9293375	Aitor_Blanco_Miguez;Paolo_Manghi
RubelMA_2020	CM.486_WGS	CM.486	stool	no	control	healthy	NA	73	senior	male	30.2	CMR	Bantu_Northwest	yes	Agropastoralist	IlluminaHiSeq	PSP_Spin_Stool	32450885	22585952	2784143367	36	126	SRR9293071	Aitor_Blanco_Miguez;Paolo_Manghi
RubelMA_2020	CM.490_WGS	CM.490	stool	no	control	healthy	NA	50	adult	female	27	CMR	Bantu_Northwest	yes	Agropastoralist	IlluminaHiSeq	PSP_Spin_Stool	32450885	18491812	2295994462	36	126	SRR9293426	Aitor_Blanco_Miguez;Paolo_Manghi
RubelMA_2020	CM.506_WGS	CM.506	stool	no	STH	STH	ascaris_lumbricoides;microfilaria_loa_loa;plasmodium_falciparum;trichuris_trichiura	49	adult	male	22.2	CMR	Baka_East	yes	Hunter-gatherer	IlluminaHiSeq	PSP_Spin_Stool	32450885	16760996	2092740473	36	126	SRR9292724	Aitor_Blanco_Miguez;Paolo_Manghi
RubelMA_2020	CM.507_WGS	CM.507	stool	no	STH	STH	plasmodium_falciparum	20	adult	female	22	CMR	Baka_East	yes	Hunter-gatherer	IlluminaHiSeq	PSP_Spin_Stool	32450885	11915652	1489790269	36	126	SRR9292917	Aitor_Blanco_Miguez;Paolo_Manghi
RubelMA_2020	CM.511_WGS	CM.511	stool	no	control	healthy	NA	20	adult	female	18.2	CMR	Baka_East	yes	Hunter-gatherer	IlluminaHiSeq	PSP_Spin_Stool	32450885	17130810	2122540824	36	126	SRR9292753	Aitor_Blanco_Miguez;Paolo_Manghi
RubelMA_2020	CM.512_WGS	CM.512	stool	no	control	healthy	NA	35	adult	female	23	CMR	Bantu_East	yes	Agropastoralist	IlluminaHiSeq	PSP_Spin_Stool	32450885	22531118	2757281144	36	126	SRR9292952	Aitor_Blanco_Miguez;Paolo_Manghi
RubelMA_2020	CM.514_WGS	CM.514	stool	no	control	healthy	NA	50	adult	female	25.2	CMR	Bantu_South	yes	Agropastoralist	IlluminaHiSeq	PSP_Spin_Stool	32450885	17232194	2122396114	36	126	SRR9292831	Aitor_Blanco_Miguez;Paolo_Manghi
RubelMA_2020	CM.520_WGS	CM.520	stool	no	control	healthy	NA	54	adult	male	18.7	CMR	Mbororo_Fulani_Northwest	yes	Pastoralist	IlluminaHiSeq	PSP_Spin_Stool	32450885	16494100	2048156194	36	126	SRR9292839	Aitor_Blanco_Miguez;Paolo_Manghi
RubelMA_2020	CM.521_WGS	CM.521	stool	no	STH	STH	plasmodium_falciparum	72	senior	male	23.8	CMR	Mbororo_Fulani_Northwest	yes	Pastoralist	IlluminaHiSeq	PSP_Spin_Stool	32450885	23179312	2868646359	36	126	SRR9293288	Aitor_Blanco_Miguez;Paolo_Manghi
RubelMA_2020	CM.525_WGS	CM.525	stool	no	control	healthy	NA	45	adult	male	26.6	CMR	Mbororo_Fulani_Northwest	yes	Pastoralist	IlluminaHiSeq	PSP_Spin_Stool	32450885	28806012	3554532724	36	126	SRR9293289	Aitor_Blanco_Miguez;Paolo_Manghi
RubelMA_2020	CM.528_WGS	CM.528	stool	no	control	healthy	NA	20	adult	male	19.6	CMR	Mbororo_Fulani_Northwest	yes	Pastoralist	IlluminaHiSeq	PSP_Spin_Stool	32450885	14478362	1806388488	36	126	SRR9292731	Aitor_Blanco_Miguez;Paolo_Manghi
RubelMA_2020	CM.530_WGS	CM.530	stool	no	control	healthy	NA	72	senior	male	19.9	CMR	Mbororo_Fulani_Northwest	yes	Pastoralist	IlluminaHiSeq	PSP_Spin_Stool	32450885	24923236	3073708814	36	126	SRR9292727	Aitor_Blanco_Miguez;Paolo_Manghi
RubelMA_2020	CM.532_WGS	CM.532	stool	no	control	healthy	NA	56	adult	male	19.6	CMR	Mbororo_Fulani_Northwest	yes	Pastoralist	IlluminaHiSeq	PSP_Spin_Stool	32450885	15775214	1945133602	36	126	SRR9293438	Aitor_Blanco_Miguez;Paolo_Manghi
RubelMA_2020	CM.536_WGS	CM.536	stool	no	control	healthy	NA	18	schoolage	male	17.3	CMR	Mbororo_Fulani_Northwest	yes	Pastoralist	IlluminaHiSeq	PSP_Spin_Stool	32450885	25660542	3163110582	36	126	SRR9292977	Aitor_Blanco_Miguez;Paolo_Manghi
RubelMA_2020	CM.55_WGS	CM.55	stool	no	STH	STH	ascaris_lumbricoides;mansonella_perstans;trichuris_trichiura	25	adult	male	21.1	CMR	Baka_East	yes	Hunter-gatherer	IlluminaHiSeq	PSP_Spin_Stool	32450885	12814452	1597224715	36	126	SRR9292762	Aitor_Blanco_Miguez;Paolo_Manghi
RubelMA_2020	CM.553_WGS	CM.553	stool	no	control	healthy	NA	70	senior	female	17.7	CMR	Mbororo_Fulani_Northwest	yes	Pastoralist	IlluminaHiSeq	PSP_Spin_Stool	32450885	16622570	2066266551	36	126	SRR9293214	Aitor_Blanco_Miguez;Paolo_Manghi
RubelMA_2020	CM.555_WGS	CM.555	stool	no	control	healthy	NA	42	adult	female	28.8	CMR	Mbororo_Fulani_Northwest	yes	Pastoralist	IlluminaHiSeq	PSP_Spin_Stool	32450885	17071742	2116067589	36	126	SRR9293213	Aitor_Blanco_Miguez;Paolo_Manghi
RubelMA_2020	CM.57_WGS	CM.57	stool	no	STH	STH	ascaris_lumbricoides;hookworm;mansonella_perstans;trichuris_trichiura	28	adult	male	22.5	CMR	Baka_East	yes	Hunter-gatherer	IlluminaHiSeq	PSP_Spin_Stool	32450885	17293762	2161007475	36	126	SRR9293151	Aitor_Blanco_Miguez;Paolo_Manghi
RubelMA_2020	CM.574_WGS	CM.574	stool	no	control	healthy	NA	48	adult	female	21.4	CMR	Mbororo_Fulani_Northwest	yes	Pastoralist	IlluminaHiSeq	PSP_Spin_Stool	32450885	21615290	2681131769	36	126	SRR9293295	Aitor_Blanco_Miguez;Paolo_Manghi
RubelMA_2020	CM.580_WGS	CM.580	stool	no	control	healthy	NA	30	adult	female	22	CMR	Mbororo_Fulani_Northwest	yes	Pastoralist	IlluminaHiSeq	PSP_Spin_Stool	32450885	20727766	2576783600	36	126	SRR9293325	Aitor_Blanco_Miguez;Paolo_Manghi
RubelMA_2020	CM.64_WGS	CM.64	stool	no	STH	STH	mansonella_perstans	46	adult	male	23.4	CMR	Baka_East	yes	Hunter-gatherer	IlluminaHiSeq	PSP_Spin_Stool	32450885	13459852	1680516273	36	126	SRR9293100	Aitor_Blanco_Miguez;Paolo_Manghi
RubelMA_2020	CM.65_WGS	CM.65	stool	no	STH	STH	ascaris_lumbricoides	37	adult	female	21.5	CMR	Baka_East	yes	Hunter-gatherer	IlluminaHiSeq	PSP_Spin_Stool	32450885	14007860	1743719063	36	126	SRR9293102	Aitor_Blanco_Miguez;Paolo_Manghi
RubelMA_2020	CM.67_WGS	CM.67	stool	no	control	healthy	NA	40	adult	male	25.7	CMR	Bantu_East	yes	Agropastoralist	IlluminaHiSeq	PSP_Spin_Stool	32450885	14228606	1778565293	36	126	SRR9293105	Aitor_Blanco_Miguez;Paolo_Manghi
RubelMA_2020	CM.7_WGS	CM.7	stool	no	STH	STH	ascaris_lumbricoides	37	adult	female	24.7	CMR	Bantu_East	yes	Agropastoralist	IlluminaHiSeq	PSP_Spin_Stool	32450885	12933678	1601948326	36	126	SRR9293296	Aitor_Blanco_Miguez;Paolo_Manghi
RubelMA_2020	CM.70_WGS	CM.70	stool	no	STH	STH	microfilaria_loa_loa	63	adult	female	17.1	CMR	Baka_East	yes	Hunter-gatherer	IlluminaHiSeq	PSP_Spin_Stool	32450885	18518528	2304092745	36	126	SRR9293206	Aitor_Blanco_Miguez;Paolo_Manghi
RubelMA_2020	CM.75_WGS	CM.75	stool	no	STH	STH	plasmodium_falciparum	48	adult	female	24.2	CMR	Baka_East	yes	Hunter-gatherer	IlluminaHiSeq	PSP_Spin_Stool	32450885	15494560	1929311916	36	126	SRR9293422	Aitor_Blanco_Miguez;Paolo_Manghi
RubelMA_2020	CM.79_WGS	CM.79	stool	no	control	healthy	NA	29	adult	female	18.4	CMR	Baka_East	yes	Hunter-gatherer	IlluminaHiSeq	PSP_Spin_Stool	32450885	13733754	1712172697	36	126	SRR9292962	Aitor_Blanco_Miguez;Paolo_Manghi
RubelMA_2020	CM.80_WGS	CM.80	stool	no	STH	STH	ascaris_lumbricoides;entamoeba_histolytica	27	adult	male	21	CMR	Baka_East	yes	Hunter-gatherer	IlluminaHiSeq	PSP_Spin_Stool	32450885	13394036	1671563882	36	126	SRR9292705	Aitor_Blanco_Miguez;Paolo_Manghi
RubelMA_2020	CM.82_WGS	CM.82	stool	no	control	healthy	NA	24	adult	male	21.8	CMR	Baka_East	yes	Hunter-gatherer	IlluminaHiSeq	PSP_Spin_Stool	32450885	15877040	1982680204	36	126	SRR9292883	Aitor_Blanco_Miguez;Paolo_Manghi
RubelMA_2020	CM.86_WGS	CM.86	stool	no	STH	STH	ascaris_lumbricoides;microfilaria_loa_loa	65	adult	female	18.9	CMR	Baka_East	yes	Hunter-gatherer	IlluminaHiSeq	PSP_Spin_Stool	32450885	20497414	2544876487	36	126	SRR9292804	Aitor_Blanco_Miguez;Paolo_Manghi
RubelMA_2020	CM.90_WGS	CM.90	stool	no	STH	STH	ascaris_lumbricoides;entamoeba_histolytica;plasmodium_falciparum	31	adult	female	21.1	CMR	Baka_East	yes	Hunter-gatherer	IlluminaHiSeq	PSP_Spin_Stool	32450885	11311336	1411305598	36	126	SRR9293018	Aitor_Blanco_Miguez;Paolo_Manghi
RubelMA_2020	CM.94_WGS	CM.94	stool	no	STH	STH	ascaris_lumbricoides;microfilaria_spp	13	schoolage	male	18.9	CMR	Baka_East	yes	Hunter-gatherer	IlluminaHiSeq	PSP_Spin_Stool	32450885	9901914	1237396125	36	126	SRR9293015	Aitor_Blanco_Miguez;Paolo_Manghi
RubelMA_2020	CM.97_WGS	CM.97	stool	no	STH	STH	hookworm;trichuris_trichiura	15	schoolage	male	17.3	CMR	Baka_East	yes	Hunter-gatherer	IlluminaHiSeq	PSP_Spin_Stool	32450885	11224828	1394445107	36	126	SRR9292966	Aitor_Blanco_Miguez;Paolo_Manghi
