study_name	sample_id	subject_id	body_site	antibiotics_current_use	study_condition	disease	age	age_category	gender	BMI	country	non_westernized	sequencing_platform	PMID	number_reads	number_bases	minimum_read_length	median_read_length	NCBI_accession	ajcc	curator
ThomasAM_2019_c	mix1_N702-N505_CGTACTAG-GTAAGGAG	mix1_N702-N505_CGTACTAG-GTAAGGAG	stool	NA	control	healthy	66	senior	female	25.4108996539792	JPN	no	IlluminaHiSeq	30936548	56699592	8092368865	75	150	NA	NA	Giacomo_Damato;Paolo_Manghi
ThomasAM_2019_c	mix3_N707-N505_CTCTCTAC-GTAAGGAG	mix3_N707-N505_CTCTCTAC-GTAAGGAG	stool	NA	control	healthy	77	senior	female	23.6340330075308	JPN	no	IlluminaHiSeq	30936548	52466237	7476566924	75	150	NA	NA	Giacomo_Damato;Paolo_Manghi
ThomasAM_2019_c	mix3_N705-N506_GGACTCCT-ACTGCATA	mix3_N705-N506_GGACTCCT-ACTGCATA	stool	NA	CRC	CRC	69	senior	female	25.6369171607114	JPN	no	IlluminaHiSeq	30936548	38301340	5444567853	75	150	NA	iii/iv	Giacomo_Damato;Paolo_Manghi
ThomasAM_2019_c	mix3_N706-N506_TAGGCATG-ACTGCATA	mix3_N706-N506_TAGGCATG-ACTGCATA	stool	NA	control	healthy	73	senior	female	20.703125	JPN	no	IlluminaHiSeq	30936548	52969206	7260060564	75	150	NA	NA	Giacomo_Damato;Paolo_Manghi
ThomasAM_2019_c	mix2_N707-N503_CTCTCTAC-TATCCTCT	mix2_N707-N503_CTCTCTAC-TATCCTCT	stool	NA	control	healthy	74	senior	male	20.6851502395123	JPN	no	IlluminaHiSeq	30936548	54782874	7892346245	75	150	NA	NA	Giacomo_Damato;Paolo_Manghi
ThomasAM_2019_c	mix6_N707-N504_CTCTCTAC-AGAGTAGA	mix6_N707-N504_CTCTCTAC-AGAGTAGA	stool	NA	CRC	CRC	51	adult	male	20.7612456747405	JPN	no	IlluminaHiSeq	30936548	47992936	7013851963	75	150	NA	iii/iv	Giacomo_Damato;Paolo_Manghi
ThomasAM_2019_c	mix2_N708-N504_CAGAGAGG-AGAGTAGA	mix2_N708-N504_CAGAGAGG-AGAGTAGA	stool	NA	control	healthy	70	senior	male	23.6614386154678	JPN	no	IlluminaHiSeq	30936548	49237538	7167280424	75	150	NA	NA	Giacomo_Damato;Paolo_Manghi
ThomasAM_2019_c	mix2_N711-N504_AAGAGGCA-AGAGTAGA	mix2_N711-N504_AAGAGGCA-AGAGTAGA	stool	NA	CRC	CRC	55	adult	male	24.5778671518401	JPN	no	IlluminaHiSeq	30936548	46519722	6692999180	75	150	NA	iii/iv	Giacomo_Damato;Paolo_Manghi
ThomasAM_2019_c	AHCT5GADXX.N703-S501_AGGCAGAA-TAGATCGC	AHCT5GADXX.N703-S501_AGGCAGAA-TAGATCGC	stool	NA	CRC	CRC	62	adult	female	21.0828132906055	JPN	no	IlluminaHiSeq	30936548	14944862	2026501570	75	150	NA	iii/iv	Giacomo_Damato;Paolo_Manghi
ThomasAM_2019_c	BHCNG3ADXX.N705-S502_GGACTCCT-CTCTCTAT	BHCNG3ADXX.N705-S502_GGACTCCT-CTCTCTAT	stool	NA	control	healthy	61	adult	male	26.2335558041742	JPN	no	IlluminaHiSeq	30936548	63257761	8959666507	75	150	NA	NA	Giacomo_Damato;Paolo_Manghi
ThomasAM_2019_c	BHCNG3ADXX.N708-S502_CAGAGAGG-CTCTCTAT	BHCNG3ADXX.N708-S502_CAGAGAGG-CTCTCTAT	stool	NA	CRC	CRC	78	senior	male	22.6799524092802	JPN	no	IlluminaHiSeq	30936548	14919620	2200274236	75	150	NA	iii/iv	Giacomo_Damato;Paolo_Manghi
ThomasAM_2019_c	HGKT5ADXX_PG0662_09A0202_H2	HGKT5ADXX_PG0662_09A0202_H2	stool	NA	control	healthy	76	senior	male	22.100289590001502	JPN	no	IlluminaHiSeq	30936548	39794462	5853343782	75	150	NA	NA	Giacomo_Damato;Paolo_Manghi
ThomasAM_2019_c	BHCNG3ADXX.N709-S502_GCTACGCT-CTCTCTAT	BHCNG3ADXX.N709-S502_GCTACGCT-CTCTCTAT	stool	NA	CRC	CRC	30	adult	male	25.6895619253651	JPN	no	IlluminaHiSeq	30936548	74925301	10660532460	75	150	NA	iii/iv	Giacomo_Damato;Paolo_Manghi
ThomasAM_2019_c	BHCNG3ADXX.N711-S502_AAGAGGCA-CTCTCTAT	BHCNG3ADXX.N711-S502_AAGAGGCA-CTCTCTAT	stool	NA	CRC	CRC	69	senior	female	23.5555555555556	JPN	no	IlluminaHiSeq	30936548	57011467	7870207446	75	150	NA	iii/iv	Giacomo_Damato;Paolo_Manghi
ThomasAM_2019_c	mix20-N702-S501_CGTACTAG-TAGATCGC	mix20-N702-S501_CGTACTAG-TAGATCGC	stool	NA	control	healthy	71	senior	female	18.0172064321427	JPN	no	IlluminaHiSeq	30936548	49830870	6545486895	75	149	NA	NA	Giacomo_Damato;Paolo_Manghi
ThomasAM_2019_c	BHCNG3ADXX.N701-S503_TAAGGCGA-TATCCTCT	BHCNG3ADXX.N701-S503_TAAGGCGA-TATCCTCT	stool	NA	CRC	CRC	59	adult	male	25.4580659041199	JPN	no	IlluminaHiSeq	30936548	43689354	6203986425	75	150	NA	iii/iv	Giacomo_Damato;Paolo_Manghi
ThomasAM_2019_c	BHCNJJADXX.N703-S503_AGGCAGAA-TATCCTCT	BHCNJJADXX.N703-S503_AGGCAGAA-TATCCTCT	stool	NA	CRC	CRC	57	adult	female	18.369003374770397	JPN	no	IlluminaHiSeq	30936548	58779552	8380917595	75	150	NA	iii/iv	Giacomo_Damato;Paolo_Manghi
ThomasAM_2019_c	BHCNJJADXX.N705-S503_GGACTCCT-TATCCTCT	BHCNJJADXX.N705-S503_GGACTCCT-TATCCTCT	stool	NA	CRC	CRC	38	adult	male	24.391058839252896	JPN	no	IlluminaHiSeq	30936548	51410939	7472384887	75	150	NA	iii/iv	Giacomo_Damato;Paolo_Manghi
ThomasAM_2019_c	BHCNJJADXX.N708-S503_CAGAGAGG-TATCCTCT	BHCNJJADXX.N708-S503_CAGAGAGG-TATCCTCT	stool	NA	control	healthy	73	senior	male	25.816630212628606	JPN	no	IlluminaHiSeq	30936548	76551905	10944706076	75	150	NA	NA	Giacomo_Damato;Paolo_Manghi
ThomasAM_2019_c	mix21_mix22-N705-S502_GGACTCCT-CTCTCTAT	mix21_mix22-N705-S502_GGACTCCT-CTCTCTAT	stool	NA	control	healthy	66	senior	male	23.6652443615762	JPN	no	IlluminaHiSeq	30936548	64394050	9052793608	75	150	NA	NA	Giacomo_Damato;Paolo_Manghi
ThomasAM_2019_c	AHCNC2ADXX.N708_CAGAGAGG	AHCNC2ADXX.N708_CAGAGAGG	stool	NA	CRC	CRC	64	adult	male	22.460034350640804	JPN	no	IlluminaHiSeq	30936548	59197060	8566556223	75	150	NA	iii/iv	Giacomo_Damato;Paolo_Manghi
ThomasAM_2019_c	AHCNC2ADXX.N710_CGAGGCTG	AHCNC2ADXX.N710_CGAGGCTG	stool	NA	CRC	CRC	66	senior	female	22.6002629848784	JPN	no	IlluminaHiSeq	30936548	45265026	6457902329	75	150	NA	iii/iv	Giacomo_Damato;Paolo_Manghi
ThomasAM_2019_c	mix23_mix24-N703-S503_AGGCAGAA-TATCCTCT	mix23_mix24-N703-S503_AGGCAGAA-TATCCTCT	stool	NA	control	healthy	64	adult	female	23.191094619666	JPN	no	IlluminaHiSeq	30936548	41531664	5927646089	75	150	NA	NA	Giacomo_Damato;Paolo_Manghi
ThomasAM_2019_c	BHCTGKADXX.N707-S505_CTCTCTAC-GTAAGGAG	BHCTGKADXX.N707-S505_CTCTCTAC-GTAAGGAG	stool	NA	control	healthy	45	adult	male	22.2222222222222	JPN	no	IlluminaHiSeq	30936548	27836202	4008571862	75	150	NA	NA	Giacomo_Damato;Paolo_Manghi
ThomasAM_2019_c	BHCNFHADXX.N710-S505_CGAGGCTG-GTAAGGAG	BHCNFHADXX.N710-S505_CGAGGCTG-GTAAGGAG	stool	NA	CRC	CRC	65	adult	male	21.3039485766758	JPN	no	IlluminaHiSeq	30936548	34545896	4987063225	75	150	NA	iii/iv	Giacomo_Damato;Paolo_Manghi
ThomasAM_2019_c	BHCNK3ADXX.N711-S506_AAGAGGCA-ACTGCATA	BHCNK3ADXX.N711-S506_AAGAGGCA-ACTGCATA	stool	NA	control	healthy	64	adult	male	20.5191340925413	JPN	no	IlluminaHiSeq	30936548	27181152	3784860572	75	150	NA	NA	Giacomo_Damato;Paolo_Manghi
ThomasAM_2019_c	BHCNK3ADXX.N712-S506_GTAGAGGA-ACTGCATA	BHCNK3ADXX.N712-S506_GTAGAGGA-ACTGCATA	stool	NA	CRC	CRC	44	adult	female	26.672763298277697	JPN	no	IlluminaHiSeq	30936548	47580560	6605607645	75	150	NA	iii/iv	Giacomo_Damato;Paolo_Manghi
ThomasAM_2019_c	mix29_mix30-N710_CGAGGCTG	mix29_mix30-N710_CGAGGCTG	stool	NA	control	healthy	44	adult	male	22.0521901834341	JPN	no	IlluminaHiSeq	30936548	36266354	5254404985	75	150	NA	0	Giacomo_Damato;Paolo_Manghi
ThomasAM_2019_c	BHCNK3ADXX.N706-S507_TAGGCATG-AAGGAGTA	BHCNK3ADXX.N706-S507_TAGGCATG-AAGGAGTA	stool	NA	control	healthy	59	adult	female	20.028841531805803	JPN	no	IlluminaHiSeq	30936548	35607131	5261328729	75	150	NA	NA	Giacomo_Damato;Paolo_Manghi
ThomasAM_2019_c	mix31_mix32-N702-S506_CGTACTAG-ACTGCATA	mix31_mix32-N702-S506_CGTACTAG-ACTGCATA	stool	NA	control	healthy	70	senior	male	25.7116620752984	JPN	no	IlluminaHiSeq	30936548	43863913	6244662788	75	150	NA	NA	Giacomo_Damato;Paolo_Manghi
ThomasAM_2019_c	AHCNMFADXX.N709-S507_GCTACGCT-AAGGAGTA	AHCNMFADXX.N709-S507_GCTACGCT-AAGGAGTA	stool	NA	CRC	CRC	70	senior	female	21.907582457706198	JPN	no	IlluminaHiSeq	30936548	63143577	8820156538	75	150	NA	iii/iv	Giacomo_Damato;Paolo_Manghi
ThomasAM_2019_c	AHCNMFADXX.N712-S507_GTAGAGGA-AAGGAGTA	AHCNMFADXX.N712-S507_GTAGAGGA-AAGGAGTA	stool	NA	control	healthy	72	senior	male	22.136739730004397	JPN	no	IlluminaHiSeq	30936548	79164015	10912549716	75	150	NA	NA	Giacomo_Damato;Paolo_Manghi
ThomasAM_2019_c	AHCNMFADXX.N703-S508_AGGCAGAA-CTAAGCCT	AHCNMFADXX.N703-S508_AGGCAGAA-CTAAGCCT	stool	NA	CRC	CRC	61	adult	male	28.2933454051607	JPN	no	IlluminaHiSeq	30936548	61050723	8509340579	75	150	NA	iii/iv	Giacomo_Damato;Paolo_Manghi
ThomasAM_2019_c	mix31_mix32-N705-S506_GGACTCCT-ACTGCATA	mix31_mix32-N705-S506_GGACTCCT-ACTGCATA	stool	NA	control	healthy	75	senior	male	22.308149910767398	JPN	no	IlluminaHiSeq	30936548	50912373	7188879827	75	150	NA	NA	Giacomo_Damato;Paolo_Manghi
ThomasAM_2019_c	BHCNM7ADXX.N712-S508_GTAGAGGA-CTAAGCCT	BHCNM7ADXX.N712-S508_GTAGAGGA-CTAAGCCT	stool	NA	control	healthy	67	senior	female	26.0416666666667	JPN	no	IlluminaHiSeq	30936548	98446369	13885882588	75	150	NA	NA	Giacomo_Damato;Paolo_Manghi
ThomasAM_2019_c	BHCNM7ADXX.N701-S511_TAAGGCGA-TCTCTCCG	BHCNM7ADXX.N701-S511_TAAGGCGA-TCTCTCCG	stool	NA	control	healthy	50	adult	female	20.3427977839335	JPN	no	IlluminaHiSeq	30936548	41154961	5902309698	75	150	NA	NA	Giacomo_Damato;Paolo_Manghi
ThomasAM_2019_c	mix33_mix34-N711-S506_AAGAGGCA-ACTGCATA	mix33_mix34-N711-S506_AAGAGGCA-ACTGCATA	stool	NA	control	healthy	76	senior	male	23.7953599048186	JPN	no	IlluminaHiSeq	30936548	51991567	7361812201	75	150	NA	NA	Giacomo_Damato;Paolo_Manghi
ThomasAM_2019_c	mix33_mix34-N712-S506_GTAGAGGA-ACTGCATA	mix33_mix34-N712-S506_GTAGAGGA-ACTGCATA	stool	NA	control	healthy	76	senior	male	25.8805706350208	JPN	no	IlluminaHiSeq	30936548	47914270	6786515087	75	150	NA	NA	Giacomo_Damato;Paolo_Manghi
ThomasAM_2019_c	mix35_mix36-N712-S507_GTAGAGGA-AAGGAGTA	mix35_mix36-N712-S507_GTAGAGGA-AAGGAGTA	stool	NA	CRC	CRC	28	adult	male	26.297577854671307	JPN	no	IlluminaHiSeq	30936548	47285169	6814535752	75	150	NA	iii/iv	Giacomo_Damato;Paolo_Manghi
ThomasAM_2019_c	HGK7MADXX_PG0662_19A0305_H3_L001	HGK7MADXX_PG0662_19A0305_H3_L001	stool	NA	CRC	CRC	46	adult	male	19.1511918197052	JPN	no	IlluminaHiSeq	30936548	44798316	6581904182	75	150	NA	iii/iv	Giacomo_Damato;Paolo_Manghi
ThomasAM_2019_c	HGK7MADXX_PG0662_87A0503_H3_L002	HGK7MADXX_PG0662_87A0503_H3_L002	stool	NA	CRC	CRC	70	senior	female	17.3484295105917	JPN	no	IlluminaHiSeq	30936548	39006953	5700128483	75	150	NA	iii/iv	Giacomo_Damato;Paolo_Manghi
ThomasAM_2019_c	HGKMWADXX_PG0662_92A0617_H3_L001	HGKMWADXX_PG0662_92A0617_H3_L001	stool	NA	CRC	CRC	63	adult	female	17.4817898022893	JPN	no	IlluminaHiSeq	30936548	43972509	6441364925	75	150	NA	iii/iv	Giacomo_Damato;Paolo_Manghi
ThomasAM_2019_c	HGKMWADXX_PG0662_95A0604_H3_L002	HGKMWADXX_PG0662_95A0604_H3_L002	stool	NA	control	healthy	65	adult	female	19.818927075357	JPN	no	IlluminaHiSeq	30936548	49002817	7155344076	75	150	NA	NA	Giacomo_Damato;Paolo_Manghi
ThomasAM_2019_c	HGKYVADXX_PG0662_98A0607_H3_L001	HGKYVADXX_PG0662_98A0607_H3_L001	stool	NA	control	healthy	78	senior	male	22.862368541380896	JPN	no	IlluminaHiSeq	30936548	45015592	6622800236	75	150	NA	NA	Giacomo_Damato;Paolo_Manghi
ThomasAM_2019_c	HGKYVADXX_PG0662_104A0704_H3_L001	HGKYVADXX_PG0662_104A0704_H3_L001	stool	NA	control	healthy	65	adult	male	21.5645449137418	JPN	no	IlluminaHiSeq	30936548	40762782	5937308639	75	150	NA	NA	Giacomo_Damato;Paolo_Manghi
ThomasAM_2019_c	HGKMWADXX_PG0662_166A0807_H3_L002	HGKMWADXX_PG0662_166A0807_H3_L002	stool	NA	CRC	CRC	70	senior	male	20.5761316872428	JPN	no	IlluminaHiSeq	30936548	42472731	6223238339	75	150	NA	iii/iv	Giacomo_Damato;Paolo_Manghi
ThomasAM_2019_c	HGKFCADXX_PG0662_168A0902_H3_L001	HGKFCADXX_PG0662_168A0902_H3_L001	stool	NA	control	healthy	66	senior	female	22.3477820880418	JPN	no	IlluminaHiSeq	30936548	31795549	4701764620	75	150	NA	NA	Giacomo_Damato;Paolo_Manghi
ThomasAM_2019_c	HGK52ADXX_PG0662_172A0906_H3_L001	HGK52ADXX_PG0662_172A0906_H3_L001	stool	NA	CRC	CRC	62	adult	male	24.618103774775896	JPN	no	IlluminaHiSeq	30936548	32410737	4762929673	75	150	NA	iii/iv	Giacomo_Damato;Paolo_Manghi
ThomasAM_2019_c	HGKY7ADXX_PG0662_178A0104_H1_L002	HGKY7ADXX_PG0662_178A0104_H1_L002	stool	NA	control	healthy	76	senior	female	23.422090729783	JPN	no	IlluminaHiSeq	30936548	37365403	5488973250	75	150	NA	NA	Giacomo_Damato;Paolo_Manghi
ThomasAM_2019_c	HGKY7ADXX_PG0662_179A0105_H1_L002	HGKY7ADXX_PG0662_179A0105_H1_L002	stool	NA	control	healthy	53	adult	female	18.662014686194198	JPN	no	IlluminaHiSeq	30936548	33940061	4999293110	75	150	NA	NA	Giacomo_Damato;Paolo_Manghi
ThomasAM_2019_c	HGKY7ADXX_PG0662_182A0217_H1_L002	HGKY7ADXX_PG0662_182A0217_H1_L002	stool	NA	CRC	CRC	48	adult	male	23.0300453514739	JPN	no	IlluminaHiSeq	30936548	33848668	4978457429	75	150	NA	iii/iv	Giacomo_Damato;Paolo_Manghi
ThomasAM_2019_c	HGKY7ADXX_PG0662_239A0206_H1_L001	HGKY7ADXX_PG0662_239A0206_H1_L001	stool	NA	CRC	CRC	45	adult	female	23.422368361785498	JPN	no	IlluminaHiSeq	30936548	30527703	4501055927	75	150	NA	iii/iv	Giacomo_Damato;Paolo_Manghi
ThomasAM_2019_c	HGKYWADXX_PG0662_245A0305_H1_L002	HGKYWADXX_PG0662_245A0305_H1_L002	stool	NA	CRC	CRC	59	adult	female	22.65625	JPN	no	IlluminaHiSeq	30936548	32980110	4864004299	75	150	NA	iii/iv	Giacomo_Damato;Paolo_Manghi
ThomasAM_2019_c	HGKYWADXX_PG0662_249A0402_H1_L002	HGKYWADXX_PG0662_249A0402_H1_L002	stool	NA	control	healthy	45	adult	male	23.9512265931195	JPN	no	IlluminaHiSeq	30936548	34579923	5107707126	75	150	NA	NA	Giacomo_Damato;Paolo_Manghi
ThomasAM_2019_c	HGKYWADXX_PG0662_255A0407_H1_L001	HGKYWADXX_PG0662_255A0407_H1_L001	stool	NA	CRC	CRC	65	adult	male	21.3839419960573	JPN	no	IlluminaHiSeq	30936548	57290521	8421969551	75	150	NA	iii/iv	Giacomo_Damato;Paolo_Manghi
ThomasAM_2019_c	HGKYWADXX_PG0662_259A0504_H1_L001	HGKYWADXX_PG0662_259A0504_H1_L001	stool	NA	CRC	CRC	70	senior	male	18.9619274241523	JPN	no	IlluminaHiSeq	30936548	24661086	3625058781	75	150	NA	iii/iv	Giacomo_Damato;Paolo_Manghi
ThomasAM_2019_c	HGKYVADXX_PG0662_320A0604_H1_L002	HGKYVADXX_PG0662_320A0604_H1_L002	stool	NA	control	healthy	75	senior	female	22.6666666666667	JPN	no	IlluminaHiSeq	30936548	40163977	5889437146	75	150	NA	NA	Giacomo_Damato;Paolo_Manghi
ThomasAM_2019_c	HGKY5ADXX_PG0662_332A0817_H1_L001	HGKY5ADXX_PG0662_332A0817_H1_L001	stool	NA	CRC	CRC	69	senior	male	21.513858510523896	JPN	no	IlluminaHiSeq	30936548	36273794	5323906020	75	150	NA	iii/iv	Giacomo_Damato;Paolo_Manghi
ThomasAM_2019_c	HJK7MADXX_PG0783_04A0104_H1_L002	HJK7MADXX_PG0783_04A0104_H1_L002	stool	NA	CRC	CRC	64	adult	male	23.1084345786212	JPN	no	IlluminaHiSeq	30936548	42299642	6233187350	75	150	NA	iii/iv	Giacomo_Damato;Paolo_Manghi
ThomasAM_2019_c	HJKJJADXX_PG0783_14A0207_H1_L001	HJKJJADXX_PG0783_14A0207_H1_L001	stool	NA	control	healthy	76	senior	male	25.9695290858726	JPN	no	IlluminaHiSeq	30936548	36568983	5396372862	75	150	NA	NA	Giacomo_Damato;Paolo_Manghi
ThomasAM_2019_c	HJKJ2ADXX_PG0783_19A0305_H1_L001	HJKJ2ADXX_PG0783_19A0305_H1_L001	stool	NA	control	healthy	40	adult	male	22.98190175237	JPN	no	IlluminaHiSeq	30936548	42545246	6269767517	75	150	NA	NA	Giacomo_Damato;Paolo_Manghi
ThomasAM_2019_c	HJK7VADXX_PG0783_22A0417_H1_L001	HJK7VADXX_PG0783_22A0417_H1_L001	stool	NA	CRC	CRC	49	adult	female	19.382144693643397	JPN	no	IlluminaHiSeq	30936548	40678877	5959735682	75	150	NA	iii/iv	Giacomo_Damato;Paolo_Manghi
ThomasAM_2019_c	HJK7VADXX_PG0783_23A0402_H1_L002	HJK7VADXX_PG0783_23A0402_H1_L002	stool	NA	CRC	CRC	67	senior	female	20.1745537476426	JPN	no	IlluminaHiSeq	30936548	36611284	5355918440	75	150	NA	iii/iv	Giacomo_Damato;Paolo_Manghi
ThomasAM_2019_c	HJK7MADXX_PG0783_24A0403_H1_L001	HJK7MADXX_PG0783_24A0403_H1_L001	stool	NA	control	healthy	76	senior	male	21.799307958477502	JPN	no	IlluminaHiSeq	30936548	41722902	6154652868	75	150	NA	NA	Giacomo_Damato;Paolo_Manghi
ThomasAM_2019_c	HJKJ2ADXX_PG0783_27A0405_H1_L001	HJKJ2ADXX_PG0783_27A0405_H1_L001	stool	NA	CRC	CRC	70	senior	male	24.242424242424196	JPN	no	IlluminaHiSeq	30936548	42197959	6214343372	75	150	NA	iii/iv	Giacomo_Damato;Paolo_Manghi
ThomasAM_2019_c	HJK7VADXX_PG0783_31A0502_H1_L002	HJK7VADXX_PG0783_31A0502_H1_L002	stool	NA	control	healthy	49	adult	female	22.308149910767398	JPN	no	IlluminaHiSeq	30936548	40211990	5915999540	75	150	NA	NA	Giacomo_Damato;Paolo_Manghi
ThomasAM_2019_c	HJKHTADXX_PG0783_55A0104_H1_L001	HJKHTADXX_PG0783_55A0104_H1_L001	stool	NA	control	healthy	42	adult	male	26.1738325513103	JPN	no	IlluminaHiSeq	30936548	42003632	6174598304	75	150	NA	NA	Giacomo_Damato;Paolo_Manghi
ThomasAM_2019_c	HJKHTADXX_PG0783_65A0205_H1_L002	HJKHTADXX_PG0783_65A0205_H1_L002	stool	NA	CRC	CRC	59	adult	female	20.956607495069	JPN	no	IlluminaHiSeq	30936548	46652800	6844815395	75	150	NA	iii/iv	Giacomo_Damato;Paolo_Manghi
ThomasAM_2019_c	HJKNLADXX_PG0783_67A0207_H1_L002	HJKNLADXX_PG0783_67A0207_H1_L002	stool	NA	control	healthy	49	adult	female	21.2305720237141	JPN	no	IlluminaHiSeq	30936548	41478685	6111554309	75	150	NA	NA	Giacomo_Damato;Paolo_Manghi
ThomasAM_2019_c	HJKHJADXX_PG0783_75A0417_H1_L001	HJKHJADXX_PG0783_75A0417_H1_L001	stool	NA	CRC	CRC	78	senior	male	25.9094569517874	JPN	no	IlluminaHiSeq	30936548	40492180	5973699847	75	150	NA	iii/iv	Giacomo_Damato;Paolo_Manghi
ThomasAM_2019_c	HJKNLADXX_PG0783_82A0407_H1_L002	HJKNLADXX_PG0783_82A0407_H1_L002	stool	NA	control	healthy	63	adult	male	22.058051188683898	JPN	no	IlluminaHiSeq	30936548	60127551	8849707571	75	150	NA	NA	Giacomo_Damato;Paolo_Manghi
ThomasAM_2019_c	HJKNLADXX_PG0783_89A0507_H1_L002	HJKNLADXX_PG0783_89A0507_H1_L002	stool	NA	CRC	CRC	62	adult	male	25.593737061989497	JPN	no	IlluminaHiSeq	30936548	28065001	4132358579	75	150	NA	iii/iv	Giacomo_Damato;Paolo_Manghi
ThomasAM_2019_c	HJKJJADXX_PG0783_92A0603_H1_L002	HJKJJADXX_PG0783_92A0603_H1_L002	stool	NA	CRC	CRC	46	adult	female	17.4449267718772	JPN	no	IlluminaHiSeq	30936548	31822724	4688947953	75	150	NA	iii/iv	Giacomo_Damato;Paolo_Manghi
ThomasAM_2019_c	HJKHJADXX_PG0783_98A0717_H1_L001	HJKHJADXX_PG0783_98A0717_H1_L001	stool	NA	CRC	CRC	54	adult	female	20.5688066136624	JPN	no	IlluminaHiSeq	30936548	24779700	3652188908	75	150	NA	iii/iv	Giacomo_Damato;Paolo_Manghi
ThomasAM_2019_c	HJK7NADXX_PG0783_110A0106_H1_L002	HJK7NADXX_PG0783_110A0106_H1_L002	stool	NA	control	healthy	42	adult	female	25.593737061989497	JPN	no	IlluminaHiSeq	30936548	70495315	10370504159	75	150	NA	NA	Giacomo_Damato;Paolo_Manghi
ThomasAM_2019_c	HJKTNADXX_PG0783_113A0203_H1_L001	HJKTNADXX_PG0783_113A0203_H1_L001	stool	NA	control	healthy	49	adult	male	27.398175682448503	JPN	no	IlluminaHiSeq	30936548	48649739	7159844852	75	150	NA	NA	Giacomo_Damato;Paolo_Manghi
ThomasAM_2019_c	HJK7NADXX_PG0783_128A0406_H1_L002	HJK7NADXX_PG0783_128A0406_H1_L002	stool	NA	CRC	CRC	32	adult	female	22.3477820880418	JPN	no	IlluminaHiSeq	30936548	31362488	4610617009	75	150	NA	iii/iv	Giacomo_Damato;Paolo_Manghi
ThomasAM_2019_c	HJKTNADXX_PG0783_132A0504_H1_L002	HJKTNADXX_PG0783_132A0504_H1_L002	stool	NA	CRC	CRC	75	senior	female	22.2222222222222	JPN	no	IlluminaHiSeq	30936548	36890567	5403179147	75	150	NA	iii/iv	Giacomo_Damato;Paolo_Manghi
ThomasAM_2019_c	HJKTNADXX_PG0783_145A0703_H1_L001	HJKTNADXX_PG0783_145A0703_H1_L001	stool	NA	CRC	CRC	73	senior	female	20.5456936226167	JPN	no	IlluminaHiSeq	30936548	49742378	7264233751	75	150	NA	iii/iv	Giacomo_Damato;Paolo_Manghi
ThomasAM_2019_c	HJKTNADXX_PG0783_147A0704_H1_L002	HJKTNADXX_PG0783_147A0704_H1_L002	stool	NA	control	healthy	51	adult	male	28.3848021613488	JPN	no	IlluminaHiSeq	30936548	43456246	6376081747	75	150	NA	NA	Giacomo_Damato;Paolo_Manghi
