study_name	sample_id	subject_id	body_site	antibiotics_current_use	study_condition	disease	age	age_category	gender	BMI	country	location	non_westernized	sequencing_platform	DNA_extraction_kit	PMID	number_reads	number_bases	minimum_read_length	median_read_length	NCBI_accession	curator
ThomasAM_2018b	CRC_MR_SBJ01C_17	SBJ01C	stool	no	CRC	CRC	51	adult	male	20.86111966	ITA	Milan	no	IlluminaHiSeq	Gnome	30936548	43868542	4347430447	75	100	NA	Paolo_Manghi
ThomasAM_2018b	CRC_MR_SBJ02C_17	SBJ02C	stool	no	CRC	CRC	51	adult	male	31.56167151	ITA	Milan	no	IlluminaHiSeq	Gnome	30936548	43898442	4346220764	75	100	NA	Paolo_Manghi
ThomasAM_2018b	CRC_MR_SBJ03H_17	SBJ03H	stool	no	control	healthy	52	adult	male	23.72281065	ITA	Milan	no	IlluminaHiSeq	Gnome	30936548	62248461	6153910114	75	100	NA	Paolo_Manghi
ThomasAM_2018b	CRC_MR_SBJ04C_17	SBJ04C	stool	no	CRC	CRC	69	senior	male	28.982007	ITA	Milan	no	IlluminaHiSeq	Gnome	30936548	36366179	3600392404	75	100	NA	Paolo_Manghi
ThomasAM_2018b	CRC_MR_SBJ05C_17	SBJ05C	stool	no	CRC	CRC	46	adult	male	22.46003435	ITA	Milan	no	IlluminaHiSeq	Gnome	30936548	45139735	4468032703	75	100	NA	Paolo_Manghi
ThomasAM_2018b	CRC_MR_SBJ06C_17	SBJ06C	stool	no	CRC	CRC	57	adult	male	27.77692989	ITA	Milan	no	IlluminaHiSeq	Gnome	30936548	60592176	5988622295	75	100	NA	Paolo_Manghi
ThomasAM_2018b	CRC_MR_SBJ07C_17	SBJ07C	stool	no	CRC	CRC	38	adult	male	27.04164413	ITA	Milan	no	IlluminaHiSeq	Gnome	30936548	61416613	6077990175	75	100	NA	Paolo_Manghi
ThomasAM_2018b	CRC_MR_SBJ10C_17	SBJ10C	stool	no	CRC	CRC	68	senior	male	24.30248706	ITA	Milan	no	IlluminaHiSeq	Gnome	30936548	50329530	4979832567	75	100	NA	Paolo_Manghi
ThomasAM_2018b	CRC_MR_SBJ11C_17	SBJ11C	stool	no	CRC	CRC	68	senior	female	NA	ITA	Milan	no	IlluminaHiSeq	Gnome	30936548	48916828	4859038231	75	100	NA	Paolo_Manghi
ThomasAM_2018b	CRC_MR_SBJ12C_17	SBJ12C	stool	no	CRC	CRC	65	adult	male	29.56194571	ITA	Milan	no	IlluminaHiSeq	Gnome	30936548	39541779	3893420532	75	100	NA	Paolo_Manghi
ThomasAM_2018b	CRC_MR_SBJ16H_17	SBJ16H	stool	no	control	healthy	56	adult	male	25.68956193	ITA	Milan	no	IlluminaHiSeq	Gnome	30936548	44260518	4398674622	75	100	NA	Paolo_Manghi
ThomasAM_2018b	CRC_MR_SBJ17H_17	SBJ17H	stool	no	control	healthy	50	adult	male	23.59700421	ITA	Milan	no	IlluminaHiSeq	Gnome	30936548	73496867	7310035386	75	100	NA	Paolo_Manghi
ThomasAM_2018b	CRC_MR_SBJ18H_17	SBJ18H	stool	no	control	healthy	54	adult	male	25.18078512	ITA	Milan	no	IlluminaHiSeq	Gnome	30936548	27453968	2727610389	75	100	NA	Paolo_Manghi
ThomasAM_2018b	CRC_MR_SBJ20C_17	SBJ20C	stool	no	CRC	CRC	59	adult	female	28.99930748	ITA	Milan	no	IlluminaHiSeq	Gnome	30936548	65119701	6471743852	75	100	NA	Paolo_Manghi
ThomasAM_2018b	CRC_MR_SBJ21H_17	SBJ21H	stool	no	control	healthy	67	senior	female	20.43816558	ITA	Milan	no	IlluminaHiSeq	Gnome	30936548	36494066	3613112582	75	100	NA	Paolo_Manghi
ThomasAM_2018b	CRC_MR_SBJ22C_17	SBJ22C	stool	no	CRC	CRC	62	adult	male	31.09789075	ITA	Milan	no	IlluminaHiSeq	Gnome	30936548	23604828	2336269953	75	100	NA	Paolo_Manghi
ThomasAM_2018b	CRC_MR_SBJ24H_17	SBJ24H	stool	no	control	healthy	66	senior	male	19.71332153	ITA	Milan	no	IlluminaHiSeq	Gnome	30936548	36804377	3645903179	75	100	NA	Paolo_Manghi
ThomasAM_2018b	CRC_MR_SBJ25C_17	SBJ25C	stool	no	CRC	CRC	70	senior	male	28.37370242	ITA	Milan	no	IlluminaHiSeq	Gnome	30936548	31480824	3117973069	75	100	NA	Paolo_Manghi
ThomasAM_2018b	CRC_MR_SBJ26C_17	SBJ26C	stool	no	CRC	CRC	56	adult	female	27.82931354	ITA	Milan	no	IlluminaHiSeq	Gnome	30936548	41358998	4101051285	75	100	NA	Paolo_Manghi
ThomasAM_2018b	CRC_MR_SBJ27C_17	SBJ27C	stool	no	CRC	CRC	61	adult	male	27.44059917	ITA	Milan	no	IlluminaHiSeq	Gnome	30936548	36706377	3637111009	75	100	NA	Paolo_Manghi
ThomasAM_2018b	CRC_MR_SBJ29C_17	SBJ29C	stool	no	CRC	CRC	65	adult	male	25.35154137	ITA	Milan	no	IlluminaHiSeq	Gnome	30936548	32390885	3210377101	75	100	NA	Paolo_Manghi
ThomasAM_2018b	CRC_MR_SBJ31C_17	SBJ31C	stool	no	CRC	CRC	62	adult	male	26.64359862	ITA	Milan	no	IlluminaHiSeq	Gnome	30936548	13190360	1306864665	75	100	NA	Paolo_Manghi
ThomasAM_2018b	CRC_MR_SBJ32C_17	SBJ32C	stool	no	CRC	CRC	39	adult	female	20.54988662	ITA	Milan	no	IlluminaHiSeq	Gnome	30936548	31790441	3148165940	75	100	NA	Paolo_Manghi
ThomasAM_2018b	CRC_MR_SBJ33C_17	SBJ33C	stool	no	CRC	CRC	63	adult	male	29.96161169	ITA	Milan	no	IlluminaHiSeq	Gnome	30936548	41330625	4096574082	75	100	NA	Paolo_Manghi
ThomasAM_2018b	CRC_MR_SBJ34H_17	SBJ34H	stool	no	control	healthy	58	adult	female	20.3125	ITA	Milan	no	IlluminaHiSeq	Gnome	30936548	38425974	3806976294	75	100	NA	Paolo_Manghi
ThomasAM_2018b	CRC_MR_SBJ35C_17	SBJ35C	stool	no	CRC	CRC	59	adult	male	27.58020032	ITA	Milan	no	IlluminaHiSeq	Gnome	30936548	42524787	4205409821	75	100	NA	Paolo_Manghi
ThomasAM_2018b	CRC_MR_SBJ36C_17	SBJ36C	stool	no	CRC	CRC	51	adult	female	19.43301326	ITA	Milan	no	IlluminaHiSeq	Gnome	30936548	31808126	3151820262	75	100	NA	Paolo_Manghi
ThomasAM_2018b	CRC_MR_SBJ37H_17	SBJ37H	stool	no	control	healthy	58	adult	female	17.68978885	ITA	Milan	no	IlluminaHiSeq	Gnome	30936548	10456845	1034879683	75	100	NA	Paolo_Manghi
ThomasAM_2018b	CRC_MR_SBJ39C_17	SBJ39C	stool	no	CRC	CRC	58	adult	male	34.68609088	ITA	Milan	no	IlluminaHiSeq	Gnome	30936548	30131718	2982949375	75	100	NA	Paolo_Manghi
ThomasAM_2018b	CRC_MR_SBJ40C_17	SBJ40C	stool	no	CRC	CRC	59	adult	male	38.53061224	ITA	Milan	no	IlluminaHiSeq	Gnome	30936548	35163513	3483587316	75	100	NA	Paolo_Manghi
ThomasAM_2018b	CRC_MR_SBJ42C_17	SBJ42C	stool	no	CRC	CRC	64	adult	male	24.93372049	ITA	Milan	no	IlluminaHiSeq	Gnome	30936548	59944791	5954642751	75	100	NA	Paolo_Manghi
ThomasAM_2018b	CRC_MR_SBJ45H_17	SBJ45H	stool	no	control	healthy	54	adult	male	24.48979592	ITA	Milan	no	IlluminaHiSeq	Gnome	30936548	92522014	9200046372	75	100	NA	Paolo_Manghi
ThomasAM_2018b	CRC_MR_SBJ46H_17	SBJ46H	stool	no	control	healthy	66	senior	male	21.70512943	ITA	Milan	no	IlluminaHiSeq	Gnome	30936548	45756759	4548795487	75	100	NA	Paolo_Manghi
ThomasAM_2018b	CRC_MR_SBJ47C_17	SBJ47C	stool	no	CRC	CRC	50	adult	female	19.81784449	ITA	Milan	no	IlluminaHiSeq	Gnome	30936548	33645368	3342496938	75	100	NA	Paolo_Manghi
ThomasAM_2018b	CRC_MR_SBJ49C_17	SBJ49C	stool	no	CRC	CRC	69	senior	male	22.64219297	ITA	Milan	no	IlluminaHiSeq	Gnome	30936548	47699523	4733537457	75	100	NA	Paolo_Manghi
ThomasAM_2018b	CRC_MR_SBJ50C_17	SBJ50C	stool	no	CRC	CRC	56	adult	male	25.18078512	ITA	Milan	no	IlluminaHiSeq	Gnome	30936548	56181745	5573403305	75	100	NA	Paolo_Manghi
ThomasAM_2018b	CRC_MR_SBJ51C_17	SBJ51C	stool	no	CRC	CRC	62	adult	female	20.95717116	ITA	Milan	no	IlluminaHiSeq	Gnome	30936548	24668831	2448286377	75	100	NA	Paolo_Manghi
ThomasAM_2018b	CRC_MR_SBJ52C_17	SBJ52C	stool	no	CRC	CRC	66	senior	female	28.08433211	ITA	Milan	no	IlluminaHiSeq	Gnome	30936548	31846171	3158066958	75	100	NA	Paolo_Manghi
ThomasAM_2018b	CRC_MR_SBJ53C_17	SBJ53C	stool	no	CRC	CRC	55	adult	male	29.36576335	ITA	Milan	no	IlluminaHiSeq	Gnome	30936548	46264048	4591336105	75	100	NA	Paolo_Manghi
ThomasAM_2018b	CRC_MR_SBJ55C_17	SBJ55C	stool	no	CRC	CRC	67	senior	male	29.06976744	ITA	Milan	no	IlluminaHiSeq	Gnome	30936548	35636732	3534484981	75	100	NA	Paolo_Manghi
ThomasAM_2018b	CRC_MR_SBJ57H_17	SBJ57H	stool	no	control	healthy	66	senior	female	21.09375	ITA	Milan	no	IlluminaHiSeq	Gnome	30936548	43890117	4354149935	75	100	NA	Paolo_Manghi
ThomasAM_2018b	CRC_MR_SBJ60H_17	SBJ60H	stool	no	control	healthy	56	adult	male	23.45091822	ITA	Milan	no	IlluminaHiSeq	Gnome	30936548	107211531	10646203801	75	100	NA	Paolo_Manghi
ThomasAM_2018b	CRC_MR_SBJ61C_17	SBJ61C	stool	no	CRC	CRC	56	adult	female	25.390625	ITA	Milan	no	IlluminaHiSeq	Gnome	30936548	63115792	6265536349	75	100	NA	Paolo_Manghi
ThomasAM_2018b	CRC_MR_SBJ63H_17	SBJ63H	stool	no	control	healthy	NA	adult	female	NA	ITA	Milan	no	IlluminaHiSeq	Gnome	30936548	85236126	8455482154	75	100	NA	Paolo_Manghi
ThomasAM_2018b	CRC_MR_SBJ64C_17	SBJ64C	stool	no	CRC	CRC	48	adult	male	25.2675737	ITA	Milan	no	IlluminaHiSeq	Gnome	30936548	75825202	7519969732	75	100	NA	Paolo_Manghi
ThomasAM_2018b	CRC_MR_SBJ65H_17	SBJ65H	stool	no	control	healthy	53	adult	male	32.44997296	ITA	Milan	no	IlluminaHiSeq	Gnome	30936548	41052376	4072990715	75	100	NA	Paolo_Manghi
ThomasAM_2018b	CRC_MR_SBJ67H_17	SBJ67H	stool	no	control	healthy	46	adult	male	34.52708907	ITA	Milan	no	IlluminaHiSeq	Gnome	30936548	40868929	4055457779	75	100	NA	Paolo_Manghi
ThomasAM_2018b	CRC_MR_SBJ68H_17	SBJ68H	stool	no	control	healthy	60	adult	female	28.125	ITA	Milan	no	IlluminaHiSeq	Gnome	30936548	22066831	2190922951	75	100	NA	Paolo_Manghi
ThomasAM_2018b	CRC_MR_SBJ69H_17	SBJ69H	stool	no	control	healthy	62	adult	male	28.69265285	ITA	Milan	no	IlluminaHiSeq	Gnome	30936548	33651354	3342450892	75	100	NA	Paolo_Manghi
ThomasAM_2018b	CRC_MR_SBJ73H_17	SBJ73H	stool	no	control	healthy	61	adult	female	21.96712018	ITA	Milan	no	IlluminaHiSeq	Gnome	30936548	48210550	4788180713	75	100	NA	Paolo_Manghi
ThomasAM_2018b	CRC_MR_SBJ74H_17	SBJ74H	stool	no	control	healthy	69	senior	female	26.36560303	ITA	Milan	no	IlluminaHiSeq	Gnome	30936548	30312297	3010192567	75	100	NA	Paolo_Manghi
ThomasAM_2018b	CRC_MR_SBJ75H_17	SBJ75H	stool	no	control	healthy	65	adult	female	23.38435374	ITA	Milan	no	IlluminaHiSeq	Gnome	30936548	24018036	2383792100	75	100	NA	Paolo_Manghi
ThomasAM_2018b	CRC_MR_SBJ77H_17	SBJ77H	stool	no	control	healthy	64	adult	female	21.3251339	ITA	Milan	no	IlluminaHiSeq	Gnome	30936548	27868520	2766975730	75	100	NA	Paolo_Manghi
ThomasAM_2018b	CRC_MR_SBJ78H_17	SBJ78H	stool	no	control	healthy	54	adult	male	24.69135802	ITA	Milan	no	IlluminaHiSeq	Gnome	30936548	23707897	2355228152	75	100	NA	Paolo_Manghi
ThomasAM_2018b	CRC_MR_SBJ79H_17	SBJ79H	stool	no	control	healthy	67	senior	male	26.36560303	ITA	Milan	no	IlluminaHiSeq	Gnome	30936548	35362694	3511808501	75	100	NA	Paolo_Manghi
ThomasAM_2018b	CRC_MR_SBJ80H_17	SBJ80H	stool	no	control	healthy	40	adult	male	26.14927686	ITA	Milan	no	IlluminaHiSeq	Gnome	30936548	26117282	2593547633	75	100	NA	Paolo_Manghi
ThomasAM_2018b	CRC_MR_SBJ81H_17	SBJ81H	stool	no	control	healthy	60	adult	female	23.87511478	ITA	Milan	no	IlluminaHiSeq	Gnome	30936548	57480181	5705640120	75	100	NA	Paolo_Manghi
ThomasAM_2018b	CRC_MR_SBJ82H_17	SBJ82H	stool	no	control	healthy	69	senior	female	28.65013774	ITA	Milan	no	IlluminaHiSeq	Gnome	30936548	37993796	3774609997	75	100	NA	Paolo_Manghi
ThomasAM_2018b	CRC_MR_SBJ83H_17	SBJ83H	stool	no	control	healthy	47	adult	male	26.29757785	ITA	Milan	no	IlluminaHiSeq	Gnome	30936548	25118095	2493911666	75	100	NA	Paolo_Manghi
ThomasAM_2018b	CRC_MR_SBJ84H_17	SBJ84H	stool	no	control	healthy	41	adult	male	24.16326531	ITA	Milan	no	IlluminaHiSeq	Gnome	30936548	39194253	3891624174	75	100	NA	Paolo_Manghi
