study_name	sample_id	subject_id	body_site	antibiotics_current_use	study_condition	disease	disease_subtype	age	age_category	gender	BMI	country	non_westernized	sequencing_platform	DNA_extraction_kit	PMID	number_reads	number_bases	minimum_read_length	median_read_length	NCBI_accession	smoker	ever_smoker	alcohol	curator
ThomasAM_2018a	LILT_GF06_16	GF06	stool	no	control	metastases	NA	77	senior	female	25	ITA	no	IlluminaHiSeq	Qiagen	30936548	168171670	16627043626	75	100	NA	no	no	no	Paolo_Manghi;Marisa_Metzger
ThomasAM_2018a	LILT_GF12_16	GF12	stool	no	adenoma	adenoma	adenoma	68	senior	female	30	ITA	no	IlluminaHiSeq	Qiagen	30936548	129054410	12772253934	75	100	NA	no	no	no	Paolo_Manghi;Marisa_Metzger
ThomasAM_2018a	LILT_GF15_16	GF15	stool	no	CRC	CRC;hypercholesterolemia	adenocarcinoma	75	senior	male	NA	ITA	no	IlluminaHiSeq	Qiagen	30936548	132351728	13091772784	75	100	NA	no	no	no	Paolo_Manghi;Marisa_Metzger
ThomasAM_2018a	LILT_GF16_T017	GF16	stool	no	adenoma	adenoma;hypertension	adenoma	77	senior	female	20	ITA	no	IlluminaHiSeq	Qiagen	30936548	86578300	8612958984	75	100	NA	no	no	no	Paolo_Manghi;Marisa_Metzger
ThomasAM_2018a	LILT_GF17_16	GF17	stool	no	adenoma	adenoma	adenoma	62	adult	female	29	ITA	no	IlluminaHiSeq	Qiagen	30936548	67202998	6647242890	75	100	NA	no	no	no	Paolo_Manghi;Marisa_Metzger
ThomasAM_2018a	LILT_GF18_T016	GF18	stool	no	adenoma	adenoma	adenoma	55	adult	male	19	ITA	no	IlluminaHiSeq	Qiagen	30936548	60734114	6033609356	75	100	NA	no	no	no	Paolo_Manghi;Marisa_Metzger
ThomasAM_2018a	LILT_VF00TL_16	VF00TL	stool	no	control	hypercholesterolemia	NA	71	senior	male	25	ITA	no	IlluminaHiSeq	Qiagen	30936548	208138088	20599056332	75	100	NA	no	no	no	Paolo_Manghi;Marisa_Metzger
ThomasAM_2018a	LILT_VF02_T016	VF02	stool	no	adenoma	adenoma;hypertension	adenoma	73	senior	female	31	ITA	no	IlluminaHiSeq	Qiagen	30936548	58176306	5781837652	75	100	NA	no	no	no	Paolo_Manghi;Marisa_Metzger
ThomasAM_2018a	LILT_VF04_16	VF04	stool	no	adenoma	adenoma;hypercholesterolemia	adenoma	70	senior	female	21	ITA	no	IlluminaHiSeq	Qiagen	30936548	130011006	12879282556	75	100	NA	no	no	no	Paolo_Manghi;Marisa_Metzger
ThomasAM_2018a	LILT_VF06_16	VF06	stool	no	control	hypertension	NA	70	senior	female	20	ITA	no	IlluminaHiSeq	Qiagen	30936548	133302610	13191878458	75	100	NA	no	no	no	Paolo_Manghi;Marisa_Metzger
ThomasAM_2018a	LILT_VF07_16	VF07	stool	no	adenoma	adenoma	adenoma	64	adult	female	25	ITA	no	IlluminaHiSeq	Qiagen	30936548	56710086	5607203870	75	100	NA	no	no	no	Paolo_Manghi;Marisa_Metzger
ThomasAM_2018a	LILT_VF100_T016	VF100	stool	no	CRC	CRC	adenocarcinoma	64	adult	male	30	ITA	no	IlluminaHiSeq	Qiagen	30936548	133912406	13276646416	75	100	NA	no	no	no	Paolo_Manghi;Marisa_Metzger
ThomasAM_2018a	LILT_VF102_T017	VF102	stool	no	adenoma	adenoma;hypertension	adenoma	50	adult	male	26	ITA	no	IlluminaHiSeq	Qiagen	30936548	67149250	6672306720	75	100	NA	no	no	no	Paolo_Manghi;Marisa_Metzger
ThomasAM_2018a	LILT_VF107_16	VF107	stool	no	CRC	CRC	adenocarcinoma	78	senior	male	30	ITA	no	IlluminaHiSeq	Qiagen	30936548	87100526	8617506418	75	100	NA	no	no	no	Paolo_Manghi;Marisa_Metzger
ThomasAM_2018a	LILT_VF114_T017	VF114	stool	no	CRC	CRC;hypertension	adenocarcinoma	77	senior	male	23	ITA	no	IlluminaHiSeq	Qiagen	30936548	68802460	6818636578	75	100	NA	no	no	no	Paolo_Manghi;Marisa_Metzger
ThomasAM_2018a	LILT_VF120_16	VF120	stool	no	CRC	CRC;hypercholesterolemia	adenocarcinoma	63	adult	male	37	ITA	no	IlluminaHiSeq	Qiagen	30936548	69511276	6857565286	75	100	NA	no	no	no	Paolo_Manghi;Marisa_Metzger
ThomasAM_2018a	LILT_VF145_T017	VF145	stool	no	CRC	CRC;hypertension	adenocarcinoma	67	senior	male	35	ITA	no	IlluminaHiSeq	Qiagen	30936548	83426964	8282373224	75	100	NA	no	no	no	Paolo_Manghi;Marisa_Metzger
ThomasAM_2018a	LILT_VF154_T017	VF154	stool	no	CRC	CRC	adenocarcinoma	77	senior	male	22	ITA	no	IlluminaHiSeq	Qiagen	30936548	91215084	9035509454	75	100	NA	no	no	no	Paolo_Manghi;Marisa_Metzger
ThomasAM_2018a	LILT_VF166_T017	VF166	stool	no	CRC	CRC	adenocarcinoma	83	senior	female	19	ITA	no	IlluminaHiSeq	Qiagen	30936548	59541712	5906211662	75	100	NA	no	no	no	Paolo_Manghi;Marisa_Metzger
ThomasAM_2018a	LILT_VF174_T017	VF174	stool	no	CRC	CRC	adenocarcinoma	66	senior	male	24	ITA	no	IlluminaHiSeq	Qiagen	30936548	88876004	8808726504	75	100	NA	no	no	no	Paolo_Manghi;Marisa_Metzger
ThomasAM_2018a	LILT_VF176_T017	VF176	stool	no	CRC	CRC;cholesterolemia	adenocarcinoma	64	adult	male	23	ITA	no	IlluminaHiSeq	Qiagen	30936548	51961332	5159137714	75	100	NA	no	no	no	Paolo_Manghi;Marisa_Metzger
ThomasAM_2018a	LILT_VF192_T017	VF192	stool	no	CRC	CRC;hypertension	adenocarcinoma	78	senior	male	26	ITA	no	IlluminaHiSeq	Qiagen	30936548	50190940	4974888498	75	100	NA	no	no	no	Paolo_Manghi;Marisa_Metzger
ThomasAM_2018a	LILT_VF197_T017	VF197	stool	no	adenoma	adenoma	adenoma	77	senior	male	36	ITA	no	IlluminaHiSeq	Qiagen	30936548	64218978	6373570704	75	100	NA	no	no	no	Paolo_Manghi;Marisa_Metzger
ThomasAM_2018a	LILT_VF29_16	VF29	stool	no	CRC	CRC;hypertension	adenocarcinoma	74	senior	male	25	ITA	no	IlluminaHiSeq	Qiagen	30936548	122954238	12203647560	75	100	NA	no	no	no	Paolo_Manghi;Marisa_Metzger
ThomasAM_2018a	LILT_VF30_16	VF30	stool	no	adenoma	adenoma	adenoma	53	adult	female	21	ITA	no	IlluminaHiSeq	Qiagen	30936548	119338584	11832438294	75	100	NA	no	no	no	Paolo_Manghi;Marisa_Metzger
ThomasAM_2018a	LILT_VF31_16	VF31	stool	no	control	healthy	NA	59	adult	male	26	ITA	no	IlluminaHiSeq	Qiagen	30936548	77957436	7733156120	75	100	NA	no	no	no	Paolo_Manghi;Marisa_Metzger
ThomasAM_2018a	LILT_VF32_T016	VF32	stool	no	adenoma	adenoma	adenoma	56	adult	female	30	ITA	no	IlluminaHiSeq	Qiagen	30936548	57754576	5739702184	75	100	NA	no	no	no	Paolo_Manghi;Marisa_Metzger
ThomasAM_2018a	LILT_VF35_16	VF35	stool	no	adenoma	adenoma	adenoma	59	adult	male	22	ITA	no	IlluminaHiSeq	Qiagen	30936548	54306182	5388346712	75	100	NA	no	no	no	Paolo_Manghi;Marisa_Metzger
ThomasAM_2018a	LILT_VF37_16	VF37	stool	no	adenoma	adenoma	adenoma	57	adult	male	29	ITA	no	IlluminaHiSeq	Qiagen	30936548	192637536	19110973670	75	100	NA	no	no	no	Paolo_Manghi;Marisa_Metzger
ThomasAM_2018a	LILT_VF38_16	VF38	stool	no	adenoma	adenoma	adenoma	79	senior	male	22	ITA	no	IlluminaHiSeq	Qiagen	30936548	62447528	6199839066	75	100	NA	no	no	no	Paolo_Manghi;Marisa_Metzger
ThomasAM_2018a	LILT_VF40_16	VF40	stool	no	control	hypercholesterolemia	NA	68	senior	female	22	ITA	no	IlluminaHiSeq	Qiagen	30936548	114077394	11318266372	75	100	NA	no	no	no	Paolo_Manghi;Marisa_Metzger
ThomasAM_2018a	LILT_VF43_16	VF43	stool	no	control	hypertension	NA	60	adult	male	22	ITA	no	IlluminaHiSeq	Qiagen	30936548	69754922	6932812452	75	100	NA	no	no	no	Paolo_Manghi;Marisa_Metzger
ThomasAM_2018a	LILT_VF47_16	VF47	stool	no	adenoma	adenoma	adenoma	53	adult	female	23	ITA	no	IlluminaHiSeq	Qiagen	30936548	150355184	14951737602	75	100	NA	no	no	no	Paolo_Manghi;Marisa_Metzger
ThomasAM_2018a	LILT_VF50_16	VF50	stool	no	adenoma	adenoma	adenoma	58	adult	male	23	ITA	no	IlluminaHiSeq	Qiagen	30936548	80721806	8013368722	75	100	NA	no	no	no	Paolo_Manghi;Marisa_Metzger
ThomasAM_2018a	LILT_VF55_T017	VF55	stool	no	adenoma	T2D;adenoma	adenoma	77	senior	male	24	ITA	no	IlluminaHiSeq	Qiagen	30936548	87057802	8654388646	75	100	NA	no	no	no	Paolo_Manghi;Marisa_Metzger
ThomasAM_2018a	LILT_VF56_16	VF56	stool	no	adenoma	adenoma;metastases	adenoma	58	adult	male	26	ITA	no	IlluminaHiSeq	Qiagen	30936548	111092954	11012728796	75	100	NA	no	no	no	Paolo_Manghi;Marisa_Metzger
ThomasAM_2018a	LILT_VF60_T016	VF60	stool	no	adenoma	adenoma;hypercholesterolemia	adenoma	63	adult	female	21	ITA	no	IlluminaHiSeq	Qiagen	30936548	75609304	7518977822	75	100	NA	no	no	no	Paolo_Manghi;Marisa_Metzger
ThomasAM_2018a	LILT_VF65_16	VF65	stool	no	CRC	CRC;hypercholesterolemia;hypertension	adenocarcinoma	69	senior	female	29	ITA	no	IlluminaHiSeq	Qiagen	30936548	55363092	5476270020	75	100	NA	no	no	no	Paolo_Manghi;Marisa_Metzger
ThomasAM_2018a	LILT_VF66_T017	VF66	stool	no	adenoma	adenoma;hypercholesterolemia;metastases	adenoma	58	adult	female	25	ITA	no	IlluminaHiSeq	Qiagen	30936548	69659116	6925474708	75	100	NA	no	no	no	Paolo_Manghi;Marisa_Metzger
ThomasAM_2018a	LILT_VF69_16	VF69	stool	no	adenoma	adenoma	adenoma	49	adult	male	21	ITA	no	IlluminaHiSeq	Qiagen	30936548	118580530	11770496546	75	100	NA	no	no	no	Paolo_Manghi;Marisa_Metzger
ThomasAM_2018a	LILT_VF70_16	VF70	stool	no	adenoma	adenoma	adenoma	61	adult	male	29	ITA	no	IlluminaHiSeq	Qiagen	30936548	79349706	7874777528	75	100	NA	no	no	no	Paolo_Manghi;Marisa_Metzger
ThomasAM_2018a	LILT_VF71_16	VF71	stool	no	CRC	CRC;metastases	adenocarcinoma	67	senior	female	21	ITA	no	IlluminaHiSeq	Qiagen	30936548	79793550	7902317024	75	100	NA	no	no	no	Paolo_Manghi;Marisa_Metzger
ThomasAM_2018a	LILT_VF73_16	VF73	stool	no	CRC	CRC;hypercholesterolemia	adenocarcinoma	58	adult	male	25	ITA	no	IlluminaHiSeq	Qiagen	30936548	92904026	9208805594	75	100	NA	no	no	no	Paolo_Manghi;Marisa_Metzger
ThomasAM_2018a	LILT_VF77_16	VF77	stool	no	CRC	CRC	adenocarcinoma	70	senior	male	24	ITA	no	IlluminaHiSeq	Qiagen	30936548	153585374	15258226958	75	100	NA	no	no	no	Paolo_Manghi;Marisa_Metzger
ThomasAM_2018a	LILT_VF84_16	VF84	stool	no	control	hypertension	NA	58	adult	male	24	ITA	no	IlluminaHiSeq	Qiagen	30936548	76085886	7555848636	75	100	NA	no	no	no	Paolo_Manghi;Marisa_Metzger
ThomasAM_2018a	LILT_VF90_16	VF90	stool	no	adenoma	adenoma;hypercholesterolemia	adenoma	57	adult	male	29	ITA	no	IlluminaHiSeq	Qiagen	30936548	98668680	9812179942	75	100	NA	no	no	no	Paolo_Manghi;Marisa_Metzger
ThomasAM_2018a	LILT_VF95_16	VF95	stool	no	CRC	CRC	adenocarcinoma	71	senior	female	30	ITA	no	IlluminaHiSeq	Qiagen	30936548	78354990	7785120980	75	100	NA	no	no	no	Paolo_Manghi;Marisa_Metzger
ThomasAM_2018a	LILT_VF97_16	VF97	stool	no	adenoma	adenoma;hypertension	adenoma	70	senior	male	28	ITA	no	IlluminaHiSeq	Qiagen	30936548	99984042	9942430726	75	100	NA	no	no	no	Paolo_Manghi;Marisa_Metzger
ThomasAM_2018a	LILT_VF270_T017	VF270	stool	no	CRC	CRC	adenocarcinoma	60	adult	male	22	ITA	no	IlluminaHiSeq	Qiagen	30936548	74406936	7397852902	75	100	NA	no	no	no	Paolo_Manghi;Marisa_Metzger
ThomasAM_2018a	LILT_VF207_T017	VF207	stool	no	CRC	CRC	adenocarcinoma	63	adult	male	25	ITA	no	IlluminaHiSeq	Qiagen	30936548	79900864	7936914746	75	100	NA	no	no	no	Paolo_Manghi;Marisa_Metzger
ThomasAM_2018a	LILT_VF234_T017	VF234	stool	no	CRC	CRC	adenocarcinoma	61	adult	male	23	ITA	no	IlluminaHiSeq	Qiagen	30936548	63130715	6264323571	75	100	NA	no	no	no	Paolo_Manghi;Marisa_Metzger
ThomasAM_2018a	LILT_VF217_T017	VF217	stool	no	CRC	CRC;hypertension	adenocarcinoma	82	senior	male	28	ITA	no	IlluminaHiSeq	Qiagen	30936548	102992638	10222753176	75	100	NA	no	no	no	Paolo_Manghi;Marisa_Metzger
ThomasAM_2018a	LILT_VF273_T017	VF273	stool	no	CRC	CRC;hypertension	adenocarcinoma	83	senior	female	24	ITA	no	IlluminaHiSeq	Qiagen	30936548	59049460	5862755402	75	100	NA	no	no	no	Paolo_Manghi;Marisa_Metzger
ThomasAM_2018a	LILT_VF208_T017	VF208	stool	no	CRC	CRC	adenocarcinoma	74	senior	male	23	ITA	no	IlluminaHiSeq	Qiagen	30936548	197907940	19642180890	75	100	NA	no	no	no	Paolo_Manghi;Marisa_Metzger
ThomasAM_2018a	LILT_VF281_T017	VF281	stool	no	CRC	CRC	adenocarcinoma	76	senior	male	26	ITA	no	IlluminaHiSeq	Qiagen	30936548	136972528	13612629160	75	100	NA	NA	NA	NA	Paolo_Manghi;Marisa_Metzger
ThomasAM_2018a	LILT_VF172_T017	VF172	stool	no	adenoma	adenoma	adenoma	67	senior	male	26	ITA	no	IlluminaHiSeq	Qiagen	30936548	101961964	10135254452	75	100	NA	no	no	no	Paolo_Manghi;Marisa_Metzger
ThomasAM_2018a	LILT_VF216_T017	VF216	stool	no	CRC	CRC	adenocarcinoma	84	senior	male	22	ITA	no	IlluminaHiSeq	Qiagen	30936548	140195504	13926989396	75	100	NA	no	no	no	Paolo_Manghi;Marisa_Metzger
ThomasAM_2018a	LILT_VF232_T017	VF232	stool	no	CRC	CRC;hypertension	adenocarcinoma	69	senior	male	27	ITA	no	IlluminaHiSeq	Qiagen	30936548	47791816	4745232212	75	100	NA	no	no	no	Paolo_Manghi;Marisa_Metzger
ThomasAM_2018a	LILT_VF264_T017	VF264	stool	no	CRC	CRC	adenocarcinoma	78	senior	male	24	ITA	no	IlluminaHiSeq	Qiagen	30936548	190490540	18935403182	75	100	NA	no	no	no	Paolo_Manghi;Marisa_Metzger
ThomasAM_2018a	LILT_VF251_T017	VF251	stool	no	CRC	CRC	adenocarcinoma	84	senior	female	23	ITA	no	IlluminaHiSeq	Qiagen	30936548	97021922	9638732712	75	100	NA	no	no	no	Paolo_Manghi;Marisa_Metzger
ThomasAM_2018a	LILT_VF259_T016	VF259	stool	no	control	healthy	NA	71	senior	male	24	ITA	no	IlluminaHiSeq	Qiagen	30936548	54199996	5376905682	75	100	NA	no	no	no	Paolo_Manghi;Marisa_Metzger
ThomasAM_2018a	LILT_VF255_T016	VF255	stool	no	control	healthy	NA	69	senior	male	30	ITA	no	IlluminaHiSeq	Qiagen	30936548	51786786	5141254888	75	100	NA	no	no	no	Paolo_Manghi;Marisa_Metzger
ThomasAM_2018a	LILT_VF170_T016	VF170	stool	no	control	hypercholesterolemia	NA	70	senior	female	25	ITA	no	IlluminaHiSeq	Qiagen	30936548	83281818	8243012850	75	100	NA	no	no	no	Paolo_Manghi;Marisa_Metzger
ThomasAM_2018a	LILT_VF206_T016	VF206	stool	no	control	hypercholesterolemia	NA	80	senior	male	24	ITA	no	IlluminaHiSeq	Qiagen	30936548	168825354	16782484254	75	100	NA	no	no	no	Paolo_Manghi;Marisa_Metzger
ThomasAM_2018a	LILT_VF212_T016	VF212	stool	no	control	healthy	NA	80	senior	female	32	ITA	no	IlluminaHiSeq	Qiagen	30936548	70760642	7016890308	75	100	NA	no	no	no	Paolo_Manghi;Marisa_Metzger
ThomasAM_2018a	LILT_VF214_T016	VF214	stool	no	adenoma	adenoma;hypercholesterolemia	adenoma	60	adult	male	24	ITA	no	IlluminaHiSeq	Qiagen	30936548	29113632	2891054416	75	100	NA	no	no	no	Paolo_Manghi;Marisa_Metzger
ThomasAM_2018a	LILT_VF261_T016	VF261	stool	no	control	healthy	NA	69	senior	male	24	ITA	no	IlluminaHiSeq	Qiagen	30936548	46788848	4644638366	75	100	NA	no	no	no	Paolo_Manghi;Marisa_Metzger
ThomasAM_2018a	LILT_VF262_T016	VF262	stool	no	control	healthy	NA	64	adult	male	27	ITA	no	IlluminaHiSeq	Qiagen	30936548	119440344	11861266938	75	100	NA	no	no	no	Paolo_Manghi;Marisa_Metzger
ThomasAM_2018a	LILT_VF263_T016	VF263	stool	no	control	healthy	NA	81	senior	female	28	ITA	no	IlluminaHiSeq	Qiagen	30936548	157270336	15626665916	75	100	NA	no	no	no	Paolo_Manghi;Marisa_Metzger
ThomasAM_2018a	LILT_VF265_T016	VF265	stool	no	control	hypercholesterolemia	NA	64	adult	male	25	ITA	no	IlluminaHiSeq	Qiagen	30936548	36753696	3644716602	75	100	NA	no	no	no	Paolo_Manghi;Marisa_Metzger
ThomasAM_2018a	LILT_VF279_T016	VF279	stool	no	control	healthy	NA	61	adult	male	22	ITA	no	IlluminaHiSeq	Qiagen	30936548	159113906	15817515118	75	100	NA	no	no	no	Paolo_Manghi;Marisa_Metzger
ThomasAM_2018a	LILT_VF300_T016	VF300	stool	no	CRC	CRC;hypertension	adenocarcinoma	57	adult	male	30	ITA	no	IlluminaHiSeq	Qiagen	30936548	170791788	16969685870	75	100	NA	no	no	no	Paolo_Manghi;Marisa_Metzger
ThomasAM_2018a	LILT_VF301_T016	VF301	stool	no	adenoma	adenoma	adenoma	67	senior	male	NA	ITA	no	IlluminaHiSeq	Qiagen	30936548	47891658	4755821364	75	100	NA	NA	NA	NA	Paolo_Manghi;Marisa_Metzger
ThomasAM_2018a	LILT_VF10_T016	VF10	stool	no	control	healthy	NA	60	adult	female	20	ITA	no	IlluminaHiSeq	Qiagen	30936548	60515600	6006120776	75	100	NA	no	no	no	Paolo_Manghi;Marisa_Metzger
ThomasAM_2018a	LILT_VF140_T016	VF140	stool	no	control	healthy	NA	67	senior	female	24	ITA	no	IlluminaHiSeq	Qiagen	30936548	45553940	4516925822	75	100	NA	no	no	no	Paolo_Manghi;Marisa_Metzger
ThomasAM_2018a	LILT_VF171_T016	VF171	stool	no	control	healthy	NA	77	senior	female	NA	ITA	no	IlluminaHiSeq	Qiagen	30936548	268665478	26692365132	75	100	NA	NA	NA	NA	Paolo_Manghi;Marisa_Metzger
ThomasAM_2018a	LILT_VF18_T016	VF18	stool	no	control	healthy	NA	64	adult	male	26	ITA	no	IlluminaHiSeq	Qiagen	30936548	375721418	37358543174	75	100	NA	no	no	no	Paolo_Manghi;Marisa_Metzger
ThomasAM_2018a	LILT_VF189_T016	VF189	stool	no	control	healthy	NA	66	senior	male	34	ITA	no	IlluminaHiSeq	Qiagen	30936548	159674438	15838227946	75	100	NA	no	no	no	Paolo_Manghi;Marisa_Metzger
ThomasAM_2018a	LILT_VF28_T016	VF28	stool	no	control	hypertension;metastases	NA	63	adult	female	28	ITA	no	IlluminaHiSeq	Qiagen	30936548	219493156	21819100572	75	100	NA	no	no	no	Paolo_Manghi;Marisa_Metzger
ThomasAM_2018a	LILT_VF82_T016	VF82	stool	no	control	healthy	NA	61	adult	female	NA	ITA	no	IlluminaHiSeq	Qiagen	30936548	46305044	4602808946	75	100	NA	NA	NA	NA	Paolo_Manghi;Marisa_Metzger
