study_name	sample_id	subject_id	body_site	antibiotics_current_use	study_condition	disease	disease_subtype	age	age_category	gender	BMI	country	non_westernized	sequencing_platform	DNA_extraction_kit	PMID	number_reads	number_bases	minimum_read_length	median_read_length	NCBI_accession	smoker	ever_smoker	ajcc	tnm	triglycerides	cholesterol	hdl	ldl	ALT	eGFR	fasting_glucose	creatinine	disease_location	curator	diet
YuJ_2015	SZAXPI003409-8	SZAXPI003409-8	stool	no	CRC	CRC;T2D	carcinoma	64	adult	male	23.1	CHN	no	IlluminaHiSeq	Qiagen	26408641	60749206	5782402056	30	100	ERR1018185	yes	yes	iii	t3n1m0	115.141	135.345	50.271	61.87200000000001	25.0	88.74	129.6	70.0	rectum	Paolo_Manghi	omnivore
YuJ_2015	SZAXPI003410-3	SZAXPI003410-3	stool	no	CRC	CRC	carcinoma	73	senior	male	23.8	CHN	no	IlluminaHiSeq	Qiagen	26408641	52854792	4958196559	30	100	ERR1018186	yes	yes	i	t2n0m0	79.71300000000002	220.419	69.60600000000001	139.21200000000002	17.0	63.65	99.0	74.0	rectum	Paolo_Manghi	omnivore
YuJ_2015	SZAXPI003411-6	SZAXPI003411-6	stool	no	CRC	CRC	carcinoma	67	senior	female	24.7	CHN	no	IlluminaHiSeq	Qiagen	26408641	59873382	5674034861	30	100	ERR1018187	NA	NA	iii	t3n1m0	53.141999999999996	177.882	50.271	116.01	17.0	78.11	84.60000000000002	58.0	left_colon	Paolo_Manghi	omnivore
YuJ_2015	SZAXPI003412-1	SZAXPI003412-1	stool	no	CRC	CRC	carcinoma	56	adult	male	25.6	CHN	no	IlluminaHiSeq	Qiagen	26408641	55761702	5343486861	30	100	ERR1018188	no	no	iii	t3n1m0	132.855	104.409	19.335	58.005	33.0	94.2	100.8	89.0	rectum	Paolo_Manghi	omnivore
YuJ_2015	SZAXPI003413-4	SZAXPI003413-4	stool	no	CRC	CRC	carcinoma	59	adult	female	20.7	CHN	no	IlluminaHiSeq	Qiagen	26408641	64434830	6090719237	30	100	ERR1018189	no	no	iv	t3n3m1	79.71300000000002	332.5619999999999	46.404	27.069000000000006	69.0	69.04	82.8	NA	left_colon	Paolo_Manghi	omnivore
YuJ_2015	SZAXPI003414-3	SZAXPI003414-3	stool	no	CRC	CRC	carcinoma	61	adult	male	25.2	CHN	no	IlluminaHiSeq	Qiagen	26408641	52102228	4952005733	30	100	ERR1018190	no	no	iii	t3n1m0	159.42600000000004	239.75400000000002	42.537000000000006	166.28099999999995	34.0	70.48	84.60000000000002	89.0	left_colon	Paolo_Manghi	omnivore
YuJ_2015	SZAXPI003415-12	SZAXPI003415-12	stool	no	CRC	CRC	carcinoma	60	adult	male	23.2	CHN	no	IlluminaHiSeq	Qiagen	26408641	62456910	5958738352	30	100	ERR1018191	yes	yes	iii	t3n2m0	88.57	189.48300000000003	46.404	127.611	19.0	83.4	99.0	81.0	rectum	Paolo_Manghi	omnivore
YuJ_2015	SZAXPI003416-4	SZAXPI003416-4	stool	no	CRC	CRC	carcinoma	73	senior	female	17.7	CHN	no	IlluminaHiSeq	Qiagen	26408641	60073374	5634395962	30	100	ERR1018192	no	no	i	t2n0m0	97.427	189.48300000000003	85.07400000000001	85.07400000000001	19.0	18.88	95.4	152.0	rectum	Paolo_Manghi	omnivore
YuJ_2015	SZAXPI003417-4	SZAXPI003417-4	stool	no	control	healthy	NA	62	adult	male	21.7	CHN	no	IlluminaHiSeq	Qiagen	26408641	61229038	5802081901	30	100	ERR1018193	no	no	NA	NA	NA	NA	NA	NA	23.0	65.88	NA	86.0	NA	Paolo_Manghi	omnivore
YuJ_2015	SZAXPI003418-8	SZAXPI003418-8	stool	no	CRC	CRC;T2D	carcinoma	72	senior	female	26.3	CHN	no	IlluminaHiSeq	Qiagen	26408641	61472286	5848388244	30	100	ERR1018194	no	no	ii	t3n0m0	115.141	170.14800000000002	42.537000000000006	104.409	18.0	84.07	140.4	48.0	right_colon	Paolo_Manghi	omnivore
YuJ_2015	SZAXPI003419-6	SZAXPI003419-6	stool	no	control	healthy	NA	65	adult	male	20.7	CHN	no	IlluminaHiSeq	Qiagen	26408641	64164216	6128118370	30	100	ERR1018195	NA	NA	NA	NA	97.427	123.744	30.936000000000003	73.473	28.0	59.65	77.39999999999998	85.0	NA	Paolo_Manghi	omnivore
YuJ_2015	SZAXPI003420-4	SZAXPI003420-4	stool	no	CRC	CRC;T2D	carcinoma	65	adult	male	24.8	CHN	no	IlluminaHiSeq	Qiagen	26408641	66150638	6312390149	30	100	ERR1018196	no	no	i	t1n0m0	53.141999999999996	131.47799999999998	54.13800000000001	69.60600000000001	19.0	62.46	147.6	107.0	left_colon	Paolo_Manghi	omnivore
YuJ_2015	SZAXPI003421-5	SZAXPI003421-5	stool	no	CRC	CRC	carcinoma	71	senior	male	25.8	CHN	no	IlluminaHiSeq	Qiagen	26408641	60074902	5750793357	30	100	ERR1018197	yes	yes	i	t2n0m0	97.427	193.35	50.271	123.744	27.0	70.19	82.8	87.0	rectum	Paolo_Manghi	omnivore
YuJ_2015	SZAXPI003422-11	SZAXPI003422-11	stool	no	CRC	CRC;T2D	carcinoma	50	adult	male	25.2	CHN	no	IlluminaHiSeq	Qiagen	26408641	57351612	5366059753	30	100	ERR1018198	no	no	i	t1n0m0	115.141	162.41400000000004	42.537000000000006	96.675	23.0	106.28	NA	74.0	rectum	Paolo_Manghi	omnivore
YuJ_2015	SZAXPI003423-8	SZAXPI003423-8	stool	no	CRC	CRC	carcinoma	55	adult	male	22.2	CHN	no	IlluminaHiSeq	Qiagen	26408641	29589862	2820598675	30	100	ERR1018199	NA	NA	iv	t3n1m1	115.141	189.48300000000003	46.404	119.87700000000001	21.0	94.32	102.6	72.0	rectum	Paolo_Manghi	omnivore
YuJ_2015	SZAXPI003424-12	SZAXPI003424-12	stool	no	CRC	CRC	carcinoma	77	senior	male	21.7	CHN	no	IlluminaHiSeq	Qiagen	26408641	58546892	5593003062	30	100	ERR1018200	no	no	iii	t3n1m0	123.99799999999998	201.084	34.803000000000004	143.079	10.0	42.22	95.4	104.0	left_colon	Paolo_Manghi	omnivore
YuJ_2015	SZAXPI003425-1	SZAXPI003425-1	stool	no	CRC	CRC;T2D	carcinoma	45	adult	female	23.0	CHN	no	IlluminaHiSeq	Qiagen	26408641	56584998	5352993848	30	100	ERR1018201	no	no	i	t1n0m0	88.57	177.882	54.13800000000001	108.276	13.0	109.84	237.6	45.0	left_colon	Paolo_Manghi	omnivore
YuJ_2015	SZAXPI003426-11	SZAXPI003426-11	stool	no	CRC	CRC;T2D	carcinoma	89	senior	female	23.7	CHN	no	IlluminaHiSeq	Qiagen	26408641	51292156	4898058708	30	100	ERR1018202	NA	NA	ii	t3n0m0	123.99799999999998	177.882	54.13800000000001	96.675	10.0	32.87	NA	71.0	right_colon	Paolo_Manghi	omnivore
YuJ_2015	SZAXPI003427-1	SZAXPI003427-1	stool	no	control	healthy	NA	58	adult	female	21.6	CHN	no	IlluminaHiSeq	Qiagen	26408641	54116632	5167203436	30	100	ERR1018203	no	no	NA	NA	NA	193.35	104.409	81.20700000000002	28.0	56.36	84.60000000000002	76.0	NA	Paolo_Manghi	omnivore
YuJ_2015	SZAXPI003428-6	SZAXPI003428-6	stool	no	CRC	CRC	carcinoma	58	adult	female	23.9	CHN	no	IlluminaHiSeq	Qiagen	26408641	56648482	5260734071	30	100	ERR1018204	NA	NA	iii	t2n1m0	265.71	220.419	42.537000000000006	127.611	31.0	70.08	104.4	72.0	rectum	Paolo_Manghi	omnivore
YuJ_2015	SZAXPI003429-3	SZAXPI003429-3	stool	no	control	healthy	NA	68	senior	male	21.7	CHN	no	IlluminaHiSeq	Qiagen	26408641	57035188	5434611996	30	100	ERR1018205	NA	NA	NA	NA	NA	NA	NA	NA	NA	63.98	NA	NA	NA	Paolo_Manghi	omnivore
YuJ_2015	SZAXPI003430-5	SZAXPI003430-5	stool	no	CRC	CRC	carcinoma	64	adult	female	29.1	CHN	no	IlluminaHiSeq	Qiagen	26408641	62258080	5963691551	30	100	ERR1018206	NA	NA	iii	t3n1m0	177.14	247.48800000000003	42.537000000000006	166.28099999999995	15.0	91.82	90.0	62.0	left_colon	Paolo_Manghi	omnivore
YuJ_2015	SZAXPI003431-1	SZAXPI003431-1	stool	no	CRC	CRC;T2D	carcinoma	75	senior	female	28.7	CHN	no	IlluminaHiSeq	Qiagen	26408641	45637278	4319033464	30	100	ERR1018207	no	no	ii	t3n0m0	159.42600000000004	228.153	42.537000000000006	154.68	21.0	61.67	151.20000000000005	74.0	left_colon	Paolo_Manghi	omnivore
YuJ_2015	SZAXPI003432-12	SZAXPI003432-12	stool	no	CRC	CRC	carcinoma	73	senior	male	22.7	CHN	no	IlluminaHiSeq	Qiagen	26408641	58822118	5458804627	30	100	ERR1018208	no	no	ii	t3n0m0	150.569	197.217	42.537000000000006	123.744	31.0	51.79	124.2	97.0	right_colon	Paolo_Manghi	omnivore
YuJ_2015	SZAXPI003433-7	SZAXPI003433-7	stool	no	control	healthy	NA	62	adult	female	21.4	CHN	no	IlluminaHiSeq	Qiagen	26408641	56134340	5409995654	30	100	ERR1018209	NA	NA	NA	NA	42.5136	154.68	81.20700000000002	65.73899999999999	23.0	94.76	93.6	43.0	NA	Paolo_Manghi	omnivore
YuJ_2015	SZAXPI003434-7	SZAXPI003434-7	stool	no	CRC	CRC	carcinoma	80	senior	male	24.0	CHN	no	IlluminaHiSeq	Qiagen	26408641	60820472	5746098424	30	100	ERR1018210	no	no	i	t1n0m0	123.99799999999998	150.81300000000005	55.6848	73.473	13.0	37.62	77.39999999999998	128.0	rectum	Paolo_Manghi	omnivore
YuJ_2015	SZAXPI003435-11	SZAXPI003435-11	stool	no	CRC	CRC	carcinoma	67	senior	male	23.1	CHN	no	IlluminaHiSeq	Qiagen	26408641	61937738	5870370380	30	100	ERR1018211	no	no	ii	t3n0m0	115.141	174.015	54.13800000000001	92.808	25.0	71.78	93.6	74.0	left_colon	Paolo_Manghi	omnivore
YuJ_2015	SZAXPI003436-7	SZAXPI003436-7	stool	no	CRC	CRC	carcinoma	61	adult	female	22.0	CHN	no	IlluminaHiSeq	Qiagen	26408641	59665954	5620259779	30	100	ERR1018212	no	no	i	t1n0m0	97.427	193.35	58.005	116.01	18.0	73.39	93.6	65.0	rectum	Paolo_Manghi	omnivore
YuJ_2015	SZAXPI003437-3	SZAXPI003437-3	stool	no	CRC	CRC	carcinoma	63	adult	male	24.4	CHN	no	IlluminaHiSeq	Qiagen	26408641	57476278	5477743161	30	100	ERR1018213	yes	yes	i	t1n0m0	212.56799999999998	162.41400000000004	38.67	85.07400000000001	23.0	59.0	113.4	94.0	rectum	Paolo_Manghi	omnivore
YuJ_2015	SZAXPI015209-133	SZAXPI015209-133	stool	no	CRC	CRC;T2D	carcinoma	51	adult	female	19.6	CHN	no	IlluminaHiSeq	Qiagen	26408641	62349482	5867266433	30	100	ERR1018214	no	no	i	t1n0m0	NA	NA	NA	NA	11.0	101.33	NA	49.0	left_colon	Paolo_Manghi	omnivore
YuJ_2015	SZAXPI015210-17	SZAXPI015210-17	stool	no	CRC	CRC	carcinoma	64	adult	male	NA	CHN	no	IlluminaHiSeq	Qiagen	26408641	71617186	6779395176	30	100	ERR1018215	yes	yes	i	t1n0m0	309.995	232.02	42.537000000000006	127.611	24.0	87.92	108.0	85.0	NA	Paolo_Manghi	omnivore
YuJ_2015	SZAXPI015211-166	SZAXPI015211-166	stool	no	CRC	CRC;T2D	carcinoma	74	senior	female	28.7	CHN	no	IlluminaHiSeq	Qiagen	26408641	47029284	4324269958	30	100	ERR1018216	no	no	iii	t4n2m0	138.1692	189.48300000000003	61.87200000000001	100.542	14.0	86.49	151.20000000000005	57.0	rectum	Paolo_Manghi	omnivore
YuJ_2015	SZAXPI015212-113	SZAXPI015212-113	stool	no	control	healthy	NA	68	senior	male	20.4	CHN	no	IlluminaHiSeq	Qiagen	26408641	63330138	5953975242	30	100	ERR1018217	NA	NA	NA	NA	106.28399999999999	201.084	77.34	104.409	19.0	NA	81.0	NA	NA	Paolo_Manghi	omnivore
YuJ_2015	SZAXPI015213-15	SZAXPI015213-15	stool	no	CRC	CRC	carcinoma	83	senior	female	30.4	CHN	no	IlluminaHiSeq	Qiagen	26408641	62319068	6116520802	30	100	ERR1018218	NA	NA	iii	t3n1m0	97.427	174.015	38.67	112.143	27.0	78.33	93.6	52.0	right_colon	Paolo_Manghi	omnivore
YuJ_2015	SZAXPI015214-19	SZAXPI015214-19	stool	no	CRC	CRC;T2D	carcinoma	70	senior	male	24.6	CHN	no	IlluminaHiSeq	Qiagen	26408641	72370444	7071081405	30	100	ERR1018219	yes	yes	i	t1n0m0	79.71300000000002	166.28099999999995	50.271	100.542	16.0	NA	126.0	85.0	NA	Paolo_Manghi	omnivore
YuJ_2015	SZAXPI015215-20	SZAXPI015215-20	stool	no	CRC	CRC;T2D	carcinoma	56	adult	male	25.9	CHN	no	IlluminaHiSeq	Qiagen	26408641	68159682	6648869146	30	100	ERR1018220	NA	NA	i	t1n0m0	NA	NA	NA	NA	NA	NA	NA	NA	NA	Paolo_Manghi	omnivore
YuJ_2015	SZAXPI015216-169	SZAXPI015216-169	stool	no	CRC	CRC;T2D	carcinoma	54	adult	male	17.9	CHN	no	IlluminaHiSeq	Qiagen	26408641	61187040	5583533631	30	100	ERR1018221	yes	yes	ii	t3n0m0	79.71300000000002	201.084	58.005	127.611	20.0	79.2	189.0	65.0	rectum	Paolo_Manghi	omnivore
YuJ_2015	SZAXPI015217-140	SZAXPI015217-140	stool	no	CRC	CRC;T2D	carcinoma	74	senior	male	26.8	CHN	no	IlluminaHiSeq	Qiagen	26408641	57034986	5490157283	30	100	ERR1018222	yes	yes	iii	t4n2m0	61.99899999999999	146.946	61.87200000000001	77.34	15.0	62.6	133.20000000000002	99.0	left_colon	Paolo_Manghi	omnivore
YuJ_2015	SZAXPI015218-16	SZAXPI015218-16	stool	no	CRC	CRC;T2D	carcinoma	57	adult	male	23.2	CHN	no	IlluminaHiSeq	Qiagen	26408641	61334626	6005812224	30	100	ERR1018223	no	no	ii	t3n0m0	194.854	278.42400000000004	42.537000000000006	193.35	12.0	60.77	172.79999999999995	115.0	left_colon	Paolo_Manghi	omnivore
YuJ_2015	SZAXPI015219-129	SZAXPI015219-129	stool	no	CRC	CRC	carcinoma	54	adult	female	29.7	CHN	no	IlluminaHiSeq	Qiagen	26408641	50308904	4798011366	30	100	ERR1018224	no	no	ii	t3n0m0	123.99799999999998	204.951	50.271	131.47799999999998	12.0	103.6	108.0	66.0	left_colon	Paolo_Manghi	omnivore
YuJ_2015	SZAXPI015220-136	SZAXPI015220-136	stool	no	CRC	CRC;T2D	carcinoma	62	adult	male	22.7	CHN	no	IlluminaHiSeq	Qiagen	26408641	43205192	4215741721	30	100	ERR1018225	NA	NA	iii	t3n1m0	NA	NA	NA	NA	12.0	104.63	NA	58.0	rectum	Paolo_Manghi	omnivore
YuJ_2015	SZAXPI015221-142	SZAXPI015221-142	stool	no	CRC	CRC	carcinoma	54	adult	female	25.6	CHN	no	IlluminaHiSeq	Qiagen	26408641	68438974	6659496745	30	100	ERR1018226	no	no	iv	t4n1m1	97.427	193.35	42.537000000000006	127.611	16.0	136.52	79.2	41.0	left_colon	Paolo_Manghi	omnivore
YuJ_2015	SZAXPI015222-123	SZAXPI015222-123	stool	no	CRC	CRC	carcinoma	69	senior	male	29.0	CHN	no	IlluminaHiSeq	Qiagen	26408641	72260226	7063847425	30	100	ERR1018227	yes	yes	i	t2n0m0	177.14	116.01	54.13800000000001	27.069000000000006	NA	129.0	108.0	NA	rectum	Paolo_Manghi	omnivore
YuJ_2015	SZAXPI015223-158	SZAXPI015223-158	stool	no	CRC	CRC;T2D	carcinoma	64	adult	male	24.8	CHN	no	IlluminaHiSeq	Qiagen	26408641	62569760	6074413096	30	100	ERR1018228	yes	yes	ii	t3n0m0	79.71300000000002	181.74900000000002	38.67	127.611	13.0	83.95	126.0	76.0	rectum	Paolo_Manghi	omnivore
YuJ_2015	SZAXPI015224-13	SZAXPI015224-13	stool	no	CRC	CRC	carcinoma	44	adult	male	22.5	CHN	no	IlluminaHiSeq	Qiagen	26408641	58539128	5388058294	30	100	ERR1018229	NA	NA	i	t2n0m0	44.285	228.153	58.005	158.547	27.0	89.3	108.0	88.0	left_colon	Paolo_Manghi	omnivore
YuJ_2015	SZAXPI015225-18	SZAXPI015225-18	stool	no	CRC	CRC;T2D	carcinoma	60	adult	male	17.3	CHN	no	IlluminaHiSeq	Qiagen	26408641	59984388	5805169579	30	100	ERR1018230	NA	NA	iv	t3n3m1	NA	NA	NA	NA	12.0	53.79	NA	85.0	left_colon	Paolo_Manghi	omnivore
YuJ_2015	SZAXPI015226-14	SZAXPI015226-14	stool	no	CRC	CRC	carcinoma	73	senior	male	24.5	CHN	no	IlluminaHiSeq	Qiagen	26408641	53627618	5270117008	30	100	ERR1018231	no	no	ii	t4n0m0	70.85600000000002	224.286	50.271	158.547	55.0	67.68	106.2	87.0	left_colon	Paolo_Manghi	omnivore
YuJ_2015	SZAXPI015227-13	SZAXPI015227-13	stool	no	control	healthy	NA	62	adult	female	32.5	CHN	no	IlluminaHiSeq	Qiagen	26408641	66064102	6435852633	30	100	ERR1018232	NA	NA	NA	NA	117.7981	208.818	49.49760000000001	135.345	19.0	84.84	90.0	73.0	NA	Paolo_Manghi	omnivore
YuJ_2015	SZAXPI015228-14	SZAXPI015228-14	stool	no	control	T2D	NA	58	adult	male	22.3	CHN	no	IlluminaHiSeq	Qiagen	26408641	70428992	6895320232	30	100	ERR1018233	NA	NA	NA	NA	NA	NA	NA	NA	NA	NA	NA	NA	NA	Paolo_Manghi	omnivore
YuJ_2015	SZAXPI015229-15	SZAXPI015229-15	stool	no	control	healthy	NA	64	adult	male	24.8	CHN	no	IlluminaHiSeq	Qiagen	26408641	61617318	5938321460	30	100	ERR1018234	NA	NA	NA	NA	106.28399999999999	259.089	54.13800000000001	185.616	19.0	79.04	88.2	78.0	NA	Paolo_Manghi	omnivore
YuJ_2015	SZAXPI015230-16	SZAXPI015230-16	stool	no	control	healthy	NA	65	adult	female	35.1	CHN	no	IlluminaHiSeq	Qiagen	26408641	68472136	6673610903	30	100	ERR1018235	no	no	NA	NA	115.141	239.75400000000002	65.73899999999999	150.81300000000005	15.0	96.44	86.39999999999998	65.0	NA	Paolo_Manghi	omnivore
YuJ_2015	SZAXPI015231-17	SZAXPI015231-17	stool	no	control	healthy	NA	62	adult	male	23.5	CHN	no	IlluminaHiSeq	Qiagen	26408641	69534266	6814348601	30	100	ERR1018236	no	no	NA	NA	79.71300000000002	166.28099999999995	73.473	77.34	68.0	60.75	91.8	101.0	NA	Paolo_Manghi	omnivore
YuJ_2015	SZAXPI015232-18	SZAXPI015232-18	stool	no	control	healthy	NA	69	senior	female	24.9	CHN	no	IlluminaHiSeq	Qiagen	26408641	68004090	6660180016	30	100	ERR1018237	NA	NA	NA	NA	191.3112	177.882	38.67	100.542	27.0	83.45	95.4	56.0	NA	Paolo_Manghi	omnivore
YuJ_2015	SZAXPI015233-19	SZAXPI015233-19	stool	no	control	T2D	NA	55	adult	male	26.4	CHN	no	IlluminaHiSeq	Qiagen	26408641	72077438	7024760687	30	100	ERR1018238	NA	NA	NA	NA	NA	NA	NA	NA	NA	NA	NA	NA	NA	Paolo_Manghi	omnivore
YuJ_2015	SZAXPI015234-20	SZAXPI015234-20	stool	no	control	healthy	NA	64	adult	female	26.4	CHN	no	IlluminaHiSeq	Qiagen	26408641	59159772	5749744210	30	100	ERR1018239	NA	NA	NA	NA	53.141999999999996	158.547	92.808	58.005	NA	78.2	111.6	66.0	NA	Paolo_Manghi	omnivore
YuJ_2015	SZAXPI015235-21	SZAXPI015235-21	stool	no	control	healthy	NA	59	adult	male	25.6	CHN	no	IlluminaHiSeq	Qiagen	26408641	67478554	6628831167	30	100	ERR1018240	NA	NA	NA	NA	74.3988	146.946	38.67	92.808	22.0	105.25	84.60000000000002	70.0	NA	Paolo_Manghi	omnivore
YuJ_2015	SZAXPI015237-23	SZAXPI015237-23	stool	no	CRC	CRC;T2D	carcinoma	70	senior	male	21.0	CHN	no	IlluminaHiSeq	Qiagen	26408641	67318902	6575946140	30	100	ERR1018241	yes	yes	iii	t3n1m0	70.85600000000002	127.611	54.13800000000001	58.005	30.0	55.6	138.6	93.0	right_colon	Paolo_Manghi	omnivore
YuJ_2015	SZAXPI015238-24	SZAXPI015238-24	stool	no	control	healthy	NA	71	senior	female	26.7	CHN	no	IlluminaHiSeq	Qiagen	26408641	63843786	5974605135	30	100	ERR1018242	no	no	NA	NA	70.85600000000002	162.41400000000004	73.473	73.473	20.0	76.09	102.6	54.0	NA	Paolo_Manghi	omnivore
YuJ_2015	SZAXPI015239-25	SZAXPI015239-25	stool	no	control	T2D	NA	51	adult	male	21.9	CHN	no	IlluminaHiSeq	Qiagen	26408641	63808150	6256894354	30	100	ERR1018243	no	no	NA	NA	NA	NA	NA	NA	NA	NA	NA	NA	NA	Paolo_Manghi	omnivore
YuJ_2015	SZAXPI015240-26	SZAXPI015240-26	stool	no	control	T2D	NA	50	adult	male	20.5	CHN	no	IlluminaHiSeq	Qiagen	26408641	60520634	5934000840	30	100	ERR1018244	NA	NA	NA	NA	NA	NA	NA	NA	NA	NA	NA	NA	NA	Paolo_Manghi	omnivore
YuJ_2015	SZAXPI015241-27	SZAXPI015241-27	stool	no	control	healthy	NA	64	adult	male	24.7	CHN	no	IlluminaHiSeq	Qiagen	26408641	52698148	4931948740	30	100	ERR1018245	no	no	NA	NA	88.57	232.02	61.87200000000001	154.68	22.0	63.52	84.60000000000002	100.0	NA	Paolo_Manghi	omnivore
YuJ_2015	SZAXPI015242-30	SZAXPI015242-30	stool	no	control	T2D	NA	50	adult	male	23.3	CHN	no	IlluminaHiSeq	Qiagen	26408641	52788942	5154274247	30	100	ERR1018246	NA	NA	NA	NA	NA	NA	NA	NA	NA	NA	NA	NA	NA	Paolo_Manghi	omnivore
YuJ_2015	SZAXPI015243-31	SZAXPI015243-31	stool	no	control	T2D	NA	66	senior	female	22.4	CHN	no	IlluminaHiSeq	Qiagen	26408641	57114396	5567635662	30	100	ERR1018247	NA	NA	NA	NA	NA	NA	NA	NA	16.0	75.76	NA	50.0	NA	Paolo_Manghi	omnivore
YuJ_2015	SZAXPI015244-32	SZAXPI015244-32	stool	no	control	T2D	NA	52	adult	male	28.4	CHN	no	IlluminaHiSeq	Qiagen	26408641	58591508	5725708568	30	100	ERR1018248	no	no	NA	NA	NA	NA	NA	NA	NA	NA	NA	NA	NA	Paolo_Manghi	omnivore
YuJ_2015	SZAXPI015245-33	SZAXPI015245-33	stool	no	control	healthy	NA	64	adult	male	25.6	CHN	no	IlluminaHiSeq	Qiagen	26408641	49693868	4743989231	30	100	ERR1018249	no	no	NA	NA	79.71300000000002	139.21200000000002	69.60600000000001	54.13800000000001	9.0	NA	91.8	NA	NA	Paolo_Manghi	omnivore
YuJ_2015	SZAXPI015246-34	SZAXPI015246-34	stool	no	control	healthy	NA	58	adult	male	23.1	CHN	no	IlluminaHiSeq	Qiagen	26408641	47524484	4605248434	30	100	ERR1018250	no	no	NA	NA	95.6556	174.015	53.7513	100.542	22.0	69.51	82.8	87.0	NA	Paolo_Manghi	omnivore
YuJ_2015	SZAXPI015247-35	SZAXPI015247-35	stool	no	control	healthy	NA	64	adult	female	17.1	CHN	no	IlluminaHiSeq	Qiagen	26408641	55499678	5228553296	30	100	ERR1018251	no	no	NA	NA	44.285	224.286	92.808	123.744	22.0	56.71	108.0	56.0	NA	Paolo_Manghi	omnivore
YuJ_2015	SZAXPI015248-36	SZAXPI015248-36	stool	no	control	healthy	NA	65	adult	male	22.4	CHN	no	IlluminaHiSeq	Qiagen	26408641	46313860	4284823360	30	100	ERR1018252	NA	NA	NA	NA	NA	NA	NA	NA	19.0	63.73	97.2	81.0	NA	Paolo_Manghi	omnivore
YuJ_2015	SZAXPI015249-37	SZAXPI015249-37	stool	no	control	T2D	NA	53	adult	male	19.7	CHN	no	IlluminaHiSeq	Qiagen	26408641	48490500	4421327366	30	100	ERR1018253	NA	NA	NA	NA	NA	NA	NA	NA	NA	NA	NA	NA	NA	Paolo_Manghi	omnivore
YuJ_2015	SZAXPI015250-39	SZAXPI015250-39	stool	no	control	healthy	NA	64	adult	female	21.1	CHN	no	IlluminaHiSeq	Qiagen	26408641	56707948	5532795294	30	100	ERR1018254	no	no	NA	NA	70.85600000000002	158.547	85.07400000000001	61.87200000000001	NA	77.96	88.2	55.0	NA	Paolo_Manghi	omnivore
YuJ_2015	SZAXPI015251-41	SZAXPI015251-41	stool	no	control	healthy	NA	68	senior	female	24.9	CHN	no	IlluminaHiSeq	Qiagen	26408641	44019090	4087572754	30	100	ERR1018255	NA	NA	NA	NA	53.141999999999996	255.222	135.345	108.276	18.0	73.97	93.6	60.0	NA	Paolo_Manghi	omnivore
YuJ_2015	SZAXPI015252-43	SZAXPI015252-43	stool	no	control	T2D	NA	53	adult	male	23.4	CHN	no	IlluminaHiSeq	Qiagen	26408641	44904362	4378527165	30	100	ERR1018256	NA	NA	NA	NA	44.285	170.14800000000002	73.473	88.941	17.0	73.23	NA	92.0	NA	Paolo_Manghi	omnivore
YuJ_2015	SZAXPI015253-44	SZAXPI015253-44	stool	no	control	healthy	NA	64	adult	female	22.7	CHN	no	IlluminaHiSeq	Qiagen	26408641	61595372	6031404940	30	100	ERR1018257	no	no	NA	NA	203.71099999999998	228.153	42.537000000000006	146.946	28.0	70.19	108.0	69.0	NA	Paolo_Manghi	omnivore
YuJ_2015	SZAXPI015254-45	SZAXPI015254-45	stool	no	control	healthy	NA	61	adult	male	21.5	CHN	no	IlluminaHiSeq	Qiagen	26408641	57962360	5452370978	30	100	ERR1018258	no	no	NA	NA	53.141999999999996	220.419	88.941	119.87700000000001	NA	64.36	82.8	86.0	NA	Paolo_Manghi	omnivore
YuJ_2015	SZAXPI015255-46	SZAXPI015255-46	stool	no	control	healthy	NA	62	adult	female	21.1	CHN	no	IlluminaHiSeq	Qiagen	26408641	56561906	5286392158	30	100	ERR1018259	NA	NA	NA	NA	92.1128	235.887	50.65770000000001	165.50760000000002	25.0	NA	124.2	NA	NA	Paolo_Manghi	omnivore
YuJ_2015	SZAXPI015256-47	SZAXPI015256-47	stool	no	control	healthy	NA	64	adult	male	24.1	CHN	no	IlluminaHiSeq	Qiagen	26408641	61955812	5913649423	30	100	ERR1018260	yes	yes	NA	NA	123.99799999999998	177.882	73.473	81.20700000000002	NA	63.74	86.39999999999998	85.0	NA	Paolo_Manghi	omnivore
YuJ_2015	SZAXPI015257-56	SZAXPI015257-56	stool	no	control	T2D	NA	55	adult	male	22.3	CHN	no	IlluminaHiSeq	Qiagen	26408641	54321366	5122974616	30	100	ERR1018261	NA	NA	NA	NA	NA	NA	NA	NA	NA	NA	NA	NA	NA	Paolo_Manghi	omnivore
YuJ_2015	SZAXPI015258-57	SZAXPI015258-57	stool	no	control	healthy	NA	64	adult	female	22.6	CHN	no	IlluminaHiSeq	Qiagen	26408641	77263508	7565053111	30	100	ERR1018262	no	no	NA	NA	61.99899999999999	243.621	85.07400000000001	146.946	16.0	62.81	97.2	67.0	NA	Paolo_Manghi	omnivore
YuJ_2015	SZAXPI015259-62	SZAXPI015259-62	stool	no	control	healthy	NA	71	senior	female	23.0	CHN	no	IlluminaHiSeq	Qiagen	26408641	55579348	5461060156	30	100	ERR1018263	NA	NA	NA	NA	118.6838	NA	NA	201.084	39.0	NA	99.0	NA	NA	Paolo_Manghi	omnivore
YuJ_2015	SZAXPI015260-74	SZAXPI015260-74	stool	no	control	T2D	NA	64	adult	female	22.2	CHN	no	IlluminaHiSeq	Qiagen	26408641	59038886	5409790102	30	100	ERR1018264	NA	NA	NA	NA	NA	NA	NA	NA	18.0	50.82	NA	75.0	NA	Paolo_Manghi	omnivore
YuJ_2015	SZAXPI015261-75	SZAXPI015261-75	stool	no	control	healthy	NA	65	adult	male	22.5	CHN	no	IlluminaHiSeq	Qiagen	26408641	62784088	6142339703	30	100	ERR1018265	no	no	NA	NA	35.42800000000001	177.882	77.34	100.542	40.0	96.64	115.2	62.0	NA	Paolo_Manghi	omnivore
YuJ_2015	SZAXPI015262-79	SZAXPI015262-79	stool	no	control	T2D	NA	73	senior	female	24.1	CHN	no	IlluminaHiSeq	Qiagen	26408641	61975626	6072275849	30	100	ERR1018266	NA	NA	NA	NA	NA	NA	NA	NA	NA	NA	NA	NA	NA	Paolo_Manghi	omnivore
YuJ_2015	SZAXPI015263-84	SZAXPI015263-84	stool	no	control	T2D	NA	54	adult	male	27.7	CHN	no	IlluminaHiSeq	Qiagen	26408641	51471774	4783479071	30	100	ERR1018267	NA	NA	NA	NA	NA	NA	NA	NA	NA	NA	NA	NA	NA	Paolo_Manghi	omnivore
YuJ_2015	SZAXPI015264-87	SZAXPI015264-87	stool	no	control	healthy	NA	65	adult	female	21.2	CHN	no	IlluminaHiSeq	Qiagen	26408641	58364678	5705212005	30	100	ERR1018268	NA	NA	NA	NA	88.57	255.222	65.73899999999999	170.14800000000002	11.0	65.3	90.0	66.0	NA	Paolo_Manghi	omnivore
YuJ_2015	SZAXPI015265-88	SZAXPI015265-88	stool	no	control	healthy	NA	60	adult	male	22.5	CHN	no	IlluminaHiSeq	Qiagen	26408641	60676490	5953705467	30	100	ERR1018269	no	no	NA	NA	97.427	193.35	73.473	100.542	25.0	69.47	91.8	92.0	NA	Paolo_Manghi	omnivore
YuJ_2015	SZAXPI015266-89	SZAXPI015266-89	stool	no	control	T2D	NA	58	adult	male	26.3	CHN	no	IlluminaHiSeq	Qiagen	26408641	63341086	6214859452	30	100	ERR1018270	NA	NA	NA	NA	NA	NA	NA	NA	NA	NA	NA	NA	NA	Paolo_Manghi	omnivore
YuJ_2015	SZAXPI015267-102	SZAXPI015267-102	stool	no	control	healthy	NA	64	adult	female	21.3	CHN	no	IlluminaHiSeq	Qiagen	26408641	55190022	5067016252	30	100	ERR1018271	NA	NA	NA	NA	80.5987	224.286	51.43110000000001	157.00019999999995	15.0	53.68	82.8	71.0	NA	Paolo_Manghi	omnivore
YuJ_2015	SZAXPI015268-109	SZAXPI015268-109	stool	no	control	T2D	NA	69	senior	male	23.8	CHN	no	IlluminaHiSeq	Qiagen	26408641	60252226	5847463811	30	100	ERR1018272	NA	NA	NA	NA	NA	NA	NA	NA	NA	NA	NA	NA	NA	Paolo_Manghi	omnivore
YuJ_2015	SZAXPI015269-94	SZAXPI015269-94	stool	no	control	T2D	NA	65	adult	female	20.0	CHN	no	IlluminaHiSeq	Qiagen	26408641	62929376	5841330956	30	100	ERR1018273	NA	NA	NA	NA	NA	NA	NA	NA	NA	NA	NA	NA	NA	Paolo_Manghi	omnivore
YuJ_2015	SZAXPI015270-90	SZAXPI015270-90	stool	no	control	healthy	NA	59	adult	male	23.7	CHN	no	IlluminaHiSeq	Qiagen	26408641	63280364	5963817711	30	100	ERR1018274	NA	NA	NA	NA	67.3132	224.286	46.404	162.41400000000004	43.0	95.52	113.4	74.0	NA	Paolo_Manghi	omnivore
YuJ_2015	SZAXPI015271-93	SZAXPI015271-93	stool	no	control	healthy	NA	70	senior	female	22.2	CHN	no	IlluminaHiSeq	Qiagen	26408641	43217884	4208577504	30	100	ERR1018275	no	no	NA	NA	141.71200000000005	197.217	54.13800000000001	116.01	18.0	68.09	90.0	58.0	NA	Paolo_Manghi	omnivore
YuJ_2015	SZAXPI015272-108	SZAXPI015272-108	stool	no	control	healthy	NA	61	adult	male	23.7	CHN	no	IlluminaHiSeq	Qiagen	26408641	44188276	4325874871	30	100	ERR1018276	NA	NA	NA	NA	115.141	162.41400000000004	50.271	92.808	14.0	84.96	91.8	72.0	NA	Paolo_Manghi	omnivore
YuJ_2015	SZAXPI015273-95	SZAXPI015273-95	stool	no	control	healthy	NA	52	adult	male	24.6	CHN	no	IlluminaHiSeq	Qiagen	26408641	60671012	5963396124	30	100	ERR1018277	no	no	NA	NA	256.85299999999995	220.419	38.67	127.611	24.0	115.04	106.2	66.0	NA	Paolo_Manghi	omnivore
YuJ_2015	SZAXPI015274-111	SZAXPI015274-111	stool	no	control	healthy	NA	58	adult	male	24.5	CHN	no	IlluminaHiSeq	Qiagen	26408641	63322690	5988073670	30	100	ERR1018278	no	no	NA	NA	106.28399999999999	204.951	69.60600000000001	116.01	27.0	95.03	84.60000000000002	70.0	NA	Paolo_Manghi	omnivore
YuJ_2015	SZAXPI017451-16	SZAXPI017451-16	stool	no	CRC	CRC	carcinoma	60	adult	male	20.0	CHN	no	IlluminaHiSeq	Qiagen	26408641	63781394	6159612826	30	100	ERR1018279	NA	NA	i	t1n0m0	123.99799999999998	162.41400000000004	38.67	96.675	27.0	101.92	99.0	52.0	NA	Paolo_Manghi	omnivore
YuJ_2015	SZAXPI017452-17	SZAXPI017452-17	stool	no	CRC	CRC	carcinoma	77	senior	male	24.5	CHN	no	IlluminaHiSeq	Qiagen	26408641	65133586	6291809354	30	100	ERR1018280	no	no	ii	t3n0m0	79.71300000000002	100.542	34.803000000000004	46.404	13.0	53.15	97.2	96.0	NA	Paolo_Manghi	omnivore
YuJ_2015	SZAXPI017453-19	SZAXPI017453-19	stool	no	CRC	CRC;T2D	carcinoma	59	adult	female	27.0	CHN	no	IlluminaHiSeq	Qiagen	26408641	52187750	4805566759	30	100	ERR1018281	NA	NA	ii	t3n0m0	141.71200000000005	274.557	58.005	189.48300000000003	24.0	102.44	178.20000000000005	57.0	NA	Paolo_Manghi	omnivore
YuJ_2015	SZAXPI017454-20	SZAXPI017454-20	stool	no	CRC	CRC	carcinoma	71	senior	female	21.2	CHN	no	IlluminaHiSeq	Qiagen	26408641	56903946	5300707451	30	100	ERR1018282	no	no	iii	t3n1m0	159.42600000000004	201.084	58.005	112.143	20.0	16.81	109.8	202.0	NA	Paolo_Manghi	omnivore
YuJ_2015	SZAXPI017455-21	SZAXPI017455-21	stool	no	CRC	CRC;T2D	carcinoma	56	adult	male	31.3	CHN	no	IlluminaHiSeq	Qiagen	26408641	51245744	4788302397	30	100	ERR1018283	NA	NA	iii	t3n1m0	79.71300000000002	197.217	61.87200000000001	119.87700000000001	35.0	117.99	144.0	70.0	right_colon	Paolo_Manghi	omnivore
YuJ_2015	SZAXPI017456-23	SZAXPI017456-23	stool	no	CRC	CRC	carcinoma	77	senior	male	22.0	CHN	no	IlluminaHiSeq	Qiagen	26408641	51812238	4853435538	30	100	ERR1018284	yes	yes	ii	t3n0m0	44.285	127.611	58.005	61.87200000000001	11.0	58.85	100.8	65.0	left_colon	Paolo_Manghi	omnivore
YuJ_2015	SZAXPI017457-24	SZAXPI017457-24	stool	no	CRC	CRC	carcinoma	77	senior	male	23.5	CHN	no	IlluminaHiSeq	Qiagen	26408641	62149784	5802726469	30	100	ERR1018285	yes	yes	ii	t3n0m0	115.141	112.143	19.335	69.60600000000001	33.0	39.48	109.8	121.0	left_colon	Paolo_Manghi	omnivore
YuJ_2015	SZAXPI017458-25	SZAXPI017458-25	stool	no	CRC	CRC	carcinoma	83	senior	female	22.8	CHN	no	IlluminaHiSeq	Qiagen	26408641	55720964	5228621466	30	100	ERR1018286	no	no	ii	t3n0m0	97.427	232.02	69.60600000000001	143.079	12.0	33.94	97.2	90.0	left_colon	Paolo_Manghi	omnivore
YuJ_2015	SZAXPI017459-26	SZAXPI017459-26	stool	no	CRC	CRC;T2D	carcinoma	79	senior	female	25.8	CHN	no	IlluminaHiSeq	Qiagen	26408641	36891208	3565318892	30	100	ERR1018287	no	no	iv	t3n0m1	123.99799999999998	224.286	54.13800000000001	143.079	24.0	79.35	131.4	51.0	NA	Paolo_Manghi	omnivore
YuJ_2015	SZAXPI017460-27	SZAXPI017460-27	stool	no	CRC	CRC	carcinoma	69	senior	female	28.3	CHN	no	IlluminaHiSeq	Qiagen	26408641	38931972	3719245972	30	100	ERR1018288	no	no	iv	t3n0m1	79.71300000000002	158.547	61.87200000000001	81.20700000000002	11.0	86.99	97.2	55.0	left_colon	Paolo_Manghi	omnivore
YuJ_2015	SZAXPI017461-32	SZAXPI017461-32	stool	no	CRC	CRC	carcinoma	62	adult	male	23.5	CHN	no	IlluminaHiSeq	Qiagen	26408641	35025672	3387430279	30	100	ERR1018289	no	no	i	t1n0m0	79.71300000000002	170.14800000000002	58.005	96.675	21.0	92.83	99.0	63.0	NA	Paolo_Manghi	omnivore
YuJ_2015	SZAXPI017462-33	SZAXPI017462-33	stool	no	CRC	CRC	carcinoma	78	senior	male	27.0	CHN	no	IlluminaHiSeq	Qiagen	26408641	38286210	3694689270	30	100	ERR1018290	no	no	iii	t3n2m0	106.28399999999999	158.547	42.537000000000006	92.808	16.0	62.03	97.2	86.0	rectum	Paolo_Manghi	omnivore
YuJ_2015	SZAXPI017463-36	SZAXPI017463-36	stool	no	CRC	CRC;T2D	carcinoma	49	adult	female	22.6	CHN	no	IlluminaHiSeq	Qiagen	26408641	38421068	3696564849	30	100	ERR1018291	NA	NA	iii	t3n0m0	115.141	255.222	54.13800000000001	177.882	21.0	93.51	131.4	61.0	rectum	Paolo_Manghi	omnivore
YuJ_2015	SZAXPI017464-37	SZAXPI017464-37	stool	no	CRC	CRC	carcinoma	81	senior	male	18.2	CHN	no	IlluminaHiSeq	Qiagen	26408641	36345768	3525605588	30	100	ERR1018292	yes	yes	iii	t3n0m0	159.42600000000004	154.68	42.537000000000006	81.20700000000002	17.0	58.5	93.6	74.0	rectum	Paolo_Manghi	omnivore
YuJ_2015	SZAXPI017465-43	SZAXPI017465-43	stool	no	CRC	CRC	carcinoma	63	adult	female	28.0	CHN	no	IlluminaHiSeq	Qiagen	26408641	37024436	3514766749	30	100	ERR1018293	NA	NA	iii	t3n1m0	53.141999999999996	170.14800000000002	46.404	116.01	10.0	82.09	97.2	49.0	rectum	Paolo_Manghi	omnivore
YuJ_2015	SZAXPI017466-84	SZAXPI017466-84	stool	no	CRC	CRC;T2D	carcinoma	59	adult	male	24.5	CHN	no	IlluminaHiSeq	Qiagen	26408641	40407172	3836371213	30	100	ERR1018294	NA	NA	ii	t3n0m0	NA	NA	NA	NA	35.0	66.58	NA	96.0	left_colon	Paolo_Manghi	omnivore
YuJ_2015	SZAXPI017467-87	SZAXPI017467-87	stool	no	CRC	CRC;T2D	carcinoma	73	senior	male	22.1	CHN	no	IlluminaHiSeq	Qiagen	26408641	42423706	4080498548	30	100	ERR1018295	NA	NA	ii	t3n0m0	451.707	135.345	30.936000000000003	NA	15.0	52.7	183.6	100.0	right_colon	Paolo_Manghi	omnivore
YuJ_2015	SZAXPI017468-88	SZAXPI017468-88	stool	no	CRC	CRC	carcinoma	76	senior	male	21.9	CHN	no	IlluminaHiSeq	Qiagen	26408641	10961564	1077534564	30	100	ERR1018296	no	no	iii	t3n1m0	88.57	189.48300000000003	77.34	92.808	17.0	64.75	109.8	69.0	rectum	Paolo_Manghi	omnivore
YuJ_2015	SZAXPI017580-90	SZAXPI017580-90	stool	no	CRC	CRC;T2D	carcinoma	74	senior	female	17.9	CHN	no	IlluminaHiSeq	Qiagen	26408641	48287820	4645971246	30	100	ERR1018297	no	no	iii	t3n2m0	141.71200000000005	158.547	38.67	92.808	15.0	48.49	169.20000000000005	61.0	rectum	Paolo_Manghi	omnivore
YuJ_2015	SZAXPI017581-93	SZAXPI017581-93	stool	no	CRC	CRC;T2D	carcinoma	51	adult	male	26.9	CHN	no	IlluminaHiSeq	Qiagen	26408641	37627614	3592068766	30	100	ERR1018298	no	yes	ii	t3n0m0	132.855	185.616	81.20700000000002	81.20700000000002	13.0	110.89	225.0	73.0	rectum	Paolo_Manghi	omnivore
YuJ_2015	SZAXPI017582-94	SZAXPI017582-94	stool	no	CRC	CRC	carcinoma	74	senior	male	24.2	CHN	no	IlluminaHiSeq	Qiagen	26408641	50539146	4977096921	30	100	ERR1018299	yes	yes	iii	t2n1m0	44.285	170.14800000000002	50.271	112.143	12.0	66.75	100.8	79.0	right_colon	Paolo_Manghi	omnivore
YuJ_2015	SZAXPI017583-102	SZAXPI017583-102	stool	no	CRC	CRC	carcinoma	77	senior	male	20.2	CHN	no	IlluminaHiSeq	Qiagen	26408641	40240288	3861481843	30	100	ERR1018300	no	yes	ii	t3n0m0	70.85600000000002	197.217	69.60600000000001	112.143	20.0	55.31	86.39999999999998	77.0	rectum	Paolo_Manghi	omnivore
YuJ_2015	SZAXPI017584-108	SZAXPI017584-108	stool	no	CRC	CRC;T2D	carcinoma	34	adult	male	19.4	CHN	no	IlluminaHiSeq	Qiagen	26408641	44341480	4339363261	30	100	ERR1018301	NA	NA	ii	t3n0m0	NA	NA	NA	NA	10.0	76.45	NA	91.0	right_colon	Paolo_Manghi	omnivore
YuJ_2015	SZAXPI017585-109	SZAXPI017585-109	stool	no	CRC	CRC	carcinoma	70	senior	female	26.7	CHN	no	IlluminaHiSeq	Qiagen	26408641	65450728	6454082758	30	100	ERR1018302	NA	NA	i	t2n0m0	203.71099999999998	235.887	50.271	146.946	15.0	83.35	102.6	63.0	rectum	Paolo_Manghi	omnivore
YuJ_2015	SZAXPI017586-111	SZAXPI017586-111	stool	no	CRC	CRC	carcinoma	83	senior	female	18.9	CHN	no	IlluminaHiSeq	Qiagen	26408641	57315876	5593184628	30	100	ERR1018303	NA	NA	iii	t3n2m0	79.71300000000002	170.14800000000002	65.73899999999999	88.941	10.0	43.12	115.2	58.0	rectum	Paolo_Manghi	omnivore
YuJ_2015	SZAXPI017587-113	SZAXPI017587-113	stool	no	CRC	CRC	carcinoma	68	senior	male	21.5	CHN	no	IlluminaHiSeq	Qiagen	26408641	59042440	5796676630	30	100	ERR1018304	yes	yes	ii	t3n0m0	79.71300000000002	220.419	81.20700000000002	123.744	15.0	65.77	79.2	74.0	left_colon	Paolo_Manghi	omnivore
YuJ_2015	SZAXPI017588-123	SZAXPI017588-123	stool	no	CRC	CRC	carcinoma	79	senior	male	26.8	CHN	no	IlluminaHiSeq	Qiagen	26408641	58518194	5738342166	30	100	ERR1018305	no	no	ii	t3n0m0	53.141999999999996	112.143	42.537000000000006	58.005	16.0	58.29	91.8	102.0	right_colon	Paolo_Manghi	omnivore
YuJ_2015	SZAXPI017589-133	SZAXPI017589-133	stool	no	CRC	CRC	carcinoma	64	adult	female	28.3	CHN	no	IlluminaHiSeq	Qiagen	26408641	49356502	4855210014	30	100	ERR1018306	NA	NA	iv	t4n2m1	265.71	232.02	34.803000000000004	146.946	21.0	88.18	90.0	66.0	right_colon	Paolo_Manghi	omnivore
YuJ_2015	SZAXPI017590-136	SZAXPI017590-136	stool	no	CRC	CRC	carcinoma	67	senior	male	24.9	CHN	no	IlluminaHiSeq	Qiagen	26408641	51070446	4993945911	30	100	ERR1018307	NA	NA	iii	t2n1m0	70.85600000000002	193.35	42.537000000000006	135.345	31.0	83.49	104.4	82.0	rectum	Paolo_Manghi	omnivore
YuJ_2015	SZAXPI017591-140	SZAXPI017591-140	stool	no	control	healthy	NA	61	adult	male	23.8	CHN	no	IlluminaHiSeq	Qiagen	26408641	58080274	5690446732	30	100	ERR1018308	no	no	NA	NA	32.7709	163.9608	78.88680000000002	78.50009999999997	20.0	66.82	108.0	93.0	NA	Paolo_Manghi	omnivore
YuJ_2015	SZAXPI017592-142	SZAXPI017592-142	stool	no	control	healthy	NA	62	adult	male	21.5	CHN	no	IlluminaHiSeq	Qiagen	26408641	57219434	5584524714	30	100	ERR1018309	yes	yes	NA	NA	61.99899999999999	146.946	50.271	85.07400000000001	20.0	65.37	90.0	88.0	NA	Paolo_Manghi	omnivore
YuJ_2015	SZAXPI017593-158	SZAXPI017593-158	stool	no	CRC	CRC	carcinoma	68	senior	male	23.7	CHN	no	IlluminaHiSeq	Qiagen	26408641	66186116	6469426091	30	100	ERR1018310	no	yes	iii	t3n2m0	61.99899999999999	204.951	73.473	123.744	21.0	65.41	86.39999999999998	97.0	left_colon	Paolo_Manghi	omnivore
YuJ_2015	SZAXPI017594-166	SZAXPI017594-166	stool	no	CRC	CRC;T2D	carcinoma	55	adult	male	25.8	CHN	no	IlluminaHiSeq	Qiagen	26408641	58789886	5787105961	30	100	ERR1018311	NA	NA	iii	t3n1m0	NA	NA	NA	NA	22.0	98.62	NA	75.0	left_colon	Paolo_Manghi	omnivore
YuJ_2015	SZAXPI017595-169	SZAXPI017595-169	stool	no	CRC	CRC;T2D	carcinoma	63	adult	male	22.5	CHN	no	IlluminaHiSeq	Qiagen	26408641	63339956	6222135039	30	100	ERR1018312	yes	yes	iv	t3n1m1	123.99799999999998	154.68	42.537000000000006	88.941	16.0	64.0	NA	84.0	left_colon	Paolo_Manghi	omnivore
